/* tools/ui/make_hud_font.py가 Pillow 기본 글꼴(Aileron Regular, CC0)로 만든 파일이다.
 * 고치지 말고 스크립트를 다시 돌린다. hud_font.cc만 include한다. */

// Speed: 76 px, 획 2, ' '..'9', 14092바이트
constexpr HudGlyph kSpeedGlyphs[] = {
    {0, 20, 4, 0, 74, 20},
    {80, 0, 0, 0, 0, 0},
    {80, 0, 0, 0, 0, 0},
    {80, 0, 0, 0, 0, 0},
    {80, 0, 0, 0, 0, 0},
    {80, 0, 0, 0, 0, 0},
    {80, 0, 0, 0, 0, 0},
    {80, 0, 0, 0, 0, 0},
    {80, 0, 0, 0, 0, 0},
    {80, 0, 0, 0, 0, 0},
    {80, 0, 0, 0, 0, 0},
    {80, 0, 0, 0, 0, 0},
    {80, 0, 0, 0, 0, 0},
    {80, 24, 27, 0, 51, 24},
    {728, 0, 0, 0, 0, 0},
    {728, 0, 0, 0, 0, 0},
    {728, 48, 58, 0, 21, 48},
    {3512, 48, 56, 0, 22, 48},
    {6200, 48, 57, 0, 21, 48},
    {8936, 48, 58, 0, 21, 48},
    {11720, 48, 56, 0, 22, 48},
    {14408, 48, 57, 0, 22, 48},
    {17144, 48, 58, 0, 21, 48},
    {19928, 48, 56, 0, 22, 48},
    {22616, 48, 58, 0, 21, 48},
    {25400, 48, 58, 0, 21, 48},
};
constexpr uint8_t kSpeedPacked[] = {
    0x00, 0x00, 0x00, 0x00, 0x00, 0x00, 0x00, 0x00, 0x00, 0x00, 0x00, 0x00, 0x00, 0x00, 0x00, 0x00, 0x00, 0x00, 0x00, 0x00, 0x00, 0x00, 0x00, 0x00,
    0x00, 0x00, 0x00, 0x00, 0x00, 0x00, 0x00, 0x00, 0x00, 0x00, 0x00, 0x00, 0x00, 0x00, 0x00, 0x00, 0x00, 0x4d, 0xff, 0xff, 0xff, 0xff, 0xff, 0xff,
    0xff, 0xff, 0xd4, 0x00, 0x00, 0xdf, 0xff, 0xff, 0xff, 0xff, 0xff, 0xff, 0xff, 0xff, 0xfd, 0x00, 0x00, 0xff, 0xff, 0xff, 0xff, 0xff, 0xff, 0xff,
    0xff, 0xff, 0xff, 0x00, 0x00, 0xff, 0xff, 0xff, 0xff, 0xff, 0xff, 0xff, 0xff, 0xff, 0xff, 0x00, 0x00, 0xff, 0xff, 0xff, 0xff, 0xff, 0xff, 0xff,
    0xff, 0xff, 0xff, 0x00, 0x00, 0xff, 0xff, 0xff, 0xff, 0xff, 0xff, 0xff, 0xff, 0xff, 0xff, 0x00, 0x00, 0xdf, 0xff, 0xff, 0xff, 0xff, 0xff, 0xff,
    0xff, 0xff, 0xfd, 0x00, 0x00, 0x4d, 0xff, 0xff, 0xff, 0xff, 0xff, 0xff, 0xff, 0xff, 0xd4, 0x00, 0x00, 0x00, 0x00, 0x00, 0x00, 0x00, 0x00, 0x00,
    0x00, 0x00, 0x00, 0x00, 0x00, 0x00, 0x00, 0x00, 0x00, 0x00, 0x00, 0x00, 0x00, 0x00, 0x00, 0x00, 0x00, 0x00, 0x00, 0x00, 0x00, 0x00, 0x00, 0x00,
    0x00, 0x00, 0x00, 0x00, 0x00, 0x00, 0x00, 0x00, 0x00, 0x00, 0x00, 0x00, 0x00, 0x00, 0x00, 0x00, 0x00, 0x00, 0x00, 0x00, 0x00, 0x00, 0x00, 0x00,
    0x00, 0x00, 0x00, 0x00, 0x00, 0x00, 0x00, 0x00, 0x00, 0x00, 0x00, 0x00, 0x00, 0x00, 0x00, 0x00, 0x00, 0x00, 0x00, 0x00, 0x00, 0x00, 0x00, 0x00,
    0x00, 0x00, 0x00, 0x00, 0x00, 0x00, 0x00, 0x00, 0x00, 0x00, 0x00, 0x00, 0x00, 0x00, 0x00, 0x00, 0x00, 0x00, 0x00, 0x00, 0x00, 0x00, 0x00, 0x00,
    0x00, 0x00, 0x00, 0x00, 0x00, 0x00, 0x00, 0x00, 0x00, 0x00, 0x00, 0x00, 0x00, 0x00, 0x00, 0x00, 0x00, 0x00, 0x00, 0x00, 0x00, 0x00, 0x00, 0x00,
    0x00, 0x00, 0x00, 0x00, 0x00, 0x00, 0x00, 0x00, 0x00, 0x00, 0x00, 0x00, 0x00, 0x00, 0x00, 0x00, 0x00, 0x00, 0x00, 0x00, 0x00, 0x00, 0x00, 0x00,
    0x00, 0x00, 0x00, 0x00, 0x00, 0x00, 0x00, 0x00, 0x00, 0x00, 0x00, 0x00, 0x00, 0x00, 0x00, 0x00, 0x00, 0x00, 0x00, 0x00, 0x00, 0x00, 0x00, 0x00,
    0x00, 0x00, 0x00, 0x00, 0x00, 0x00, 0x00, 0x00, 0x00, 0x00, 0x00, 0x00, 0x00, 0x00, 0x00, 0x00, 0x00, 0x00, 0x00, 0x00, 0x00, 0x00, 0x00, 0x00,
    0x00, 0x00, 0x00, 0x00, 0x00, 0x00, 0x00, 0x00, 0x00, 0x00, 0x00, 0x00, 0x00, 0x00, 0x00, 0x00, 0x00, 0x00, 0x00, 0x00, 0x00, 0x00, 0x00, 0x00,
    0x00, 0x00, 0x00, 0x00, 0x00, 0x00, 0x00, 0x00, 0x00, 0x00, 0x00, 0x00, 0x02, 0x69, 0xbd, 0xef, 0xfe, 0xdb, 0x96, 0x20, 0x00, 0x00, 0x00, 0x00,
    0x00, 0x00, 0x00, 0x00, 0x00, 0x00, 0x00, 0x00, 0x00, 0x00, 0x00, 0x16, 0xcf, 0xff, 0xff, 0xff, 0xff, 0xff, 0xff, 0xfc, 0x61, 0x00, 0x00, 0x00,
    0x00, 0x00, 0x00, 0x00, 0x00, 0x00, 0x00, 0x00, 0x00, 0x00, 0x06, 0xdf, 0xff, 0xff, 0xff, 0xff, 0xff, 0xff, 0xff, 0xff, 0xfd, 0x60, 0x00, 0x00,
    0x00, 0x00, 0x00, 0x00, 0x00, 0x00, 0x00, 0x00, 0x00, 0x01, 0xbf, 0xff, 0xff, 0xff, 0xff, 0xff, 0xff, 0xff, 0xff, 0xff, 0xff, 0xfb, 0x10, 0x00,
    0x00, 0x00, 0x00, 0x00, 0x00, 0x00, 0x00, 0x00, 0x00, 0x3e, 0xff, 0xff, 0xff, 0xff, 0xff, 0xff, 0xff, 0xff, 0xff, 0xff, 0xff, 0xff, 0xe3, 0x00,
    0x00, 0x00, 0x00, 0x00, 0x00, 0x00, 0x00, 0x00, 0x03, 0xef, 0xff, 0xff, 0xff, 0xff, 0xff, 0xff, 0xff, 0xff, 0xff, 0xff, 0xff, 0xff, 0xfe, 0x30,
    0x00, 0x00, 0x00, 0x00, 0x00, 0x00, 0x00, 0x00, 0x2e, 0xff, 0xff, 0xff, 0xff, 0xff, 0xff, 0xff, 0xff, 0xff, 0xff, 0xff, 0xff, 0xff, 0xff, 0xe2,
    0x00, 0x00, 0x00, 0x00, 0x00, 0x00, 0x00, 0x00, 0xcf, 0xff, 0xff, 0xff, 0xff, 0xff, 0xff, 0xff, 0xff, 0xff, 0xff, 0xff, 0xff, 0xff, 0xff, 0xfc,
    0x00, 0x00, 0x00, 0x00, 0x00, 0x00, 0x00, 0x07, 0xff, 0xff, 0xff, 0xff, 0xff, 0xff, 0xff, 0xff, 0xff, 0xff, 0xff, 0xff, 0xff, 0xff, 0xff, 0xff,
    0x70, 0x00, 0x00, 0x00, 0x00, 0x00, 0x00, 0x2e, 0xff, 0xff, 0xff, 0xff, 0xff, 0xff, 0xb5, 0x20, 0x02, 0x5b, 0xff, 0xff, 0xff, 0xff, 0xff, 0xff,
    0xe2, 0x00, 0x00, 0x00, 0x00, 0x00, 0x00, 0x8f, 0xff, 0xff, 0xff, 0xff, 0xff, 0xe5, 0x00, 0x00, 0x00, 0x00, 0x5e, 0xff, 0xff, 0xff, 0xff, 0xff,
    0xf8, 0x00, 0x00, 0x00, 0x00, 0x00, 0x01, 0xef, 0xff, 0xff, 0xff, 0xff, 0xff, 0x30, 0x00, 0x00, 0x00, 0x00, 0x04, 0xff, 0xff, 0xff, 0xff, 0xff,
    0xfe, 0x10, 0x00, 0x00, 0x00, 0x00, 0x07, 0xff, 0xff, 0xff, 0xff, 0xff, 0xf7, 0x00, 0x00, 0x00, 0x00, 0x00, 0x00, 0x7f, 0xff, 0xff, 0xff, 0xff,
    0xff, 0x70, 0x00, 0x00, 0x00, 0x00, 0x0c, 0xff, 0xff, 0xff, 0xff, 0xff, 0xc0, 0x00, 0x00, 0x00, 0x00, 0x00, 0x00, 0x0d, 0xff, 0xff, 0xff, 0xff,
    0xff, 0xc0, 0x00, 0x00, 0x00, 0x00, 0x2f, 0xff, 0xff, 0xff, 0xff, 0xff, 0x50, 0x00, 0x00, 0x00, 0x00, 0x00, 0x00, 0x06, 0xff, 0xff, 0xff, 0xff,
    0xff, 0xf2, 0x00, 0x00, 0x00, 0x00, 0x6f, 0xff, 0xff, 0xff, 0xff, 0xfe, 0x00, 0x00, 0x00, 0x00, 0x00, 0x00, 0x00, 0x00, 0xef, 0xff, 0xff, 0xff,
    0xff, 0xf6, 0x00, 0x00, 0x00, 0x00, 0xaf, 0xff, 0xff, 0xff, 0xff, 0xf9, 0x00, 0x00, 0x00, 0x00, 0x00, 0x00, 0x00, 0x00, 0x9f, 0xff, 0xff, 0xff,
    0xff, 0xfa, 0x00, 0x00, 0x00, 0x00, 0xef, 0xff, 0xff, 0xff, 0xff, 0xf5, 0x00, 0x00, 0x00, 0x00, 0x00, 0x00, 0x00, 0x00, 0x5f, 0xff, 0xff, 0xff,
    0xff, 0xfe, 0x00, 0x00, 0x00, 0x02, 0xff, 0xff, 0xff, 0xff, 0xff, 0xf1, 0x00, 0x00, 0x00, 0x00, 0x00, 0x00, 0x00, 0x00, 0x2f, 0xff, 0xff, 0xff,
    0xff, 0xff, 0x20, 0x00, 0x00, 0x05, 0xff, 0xff, 0xff, 0xff, 0xff, 0xd0, 0x00, 0x00, 0x00, 0x00, 0x00, 0x00, 0x00, 0x00, 0x0d, 0xff, 0xff, 0xff,
    0xff, 0xff, 0x40, 0x00, 0x00, 0x07, 0xff, 0xff, 0xff, 0xff, 0xff, 0xb0, 0x00, 0x00, 0x00, 0x00, 0x00, 0x00, 0x00, 0x00, 0x0b, 0xff, 0xff, 0xff,
    0xff, 0xff, 0x70, 0x00, 0x00, 0x09, 0xff, 0xff, 0xff, 0xff, 0xff, 0x90, 0x00, 0x00, 0x00, 0x00, 0x00, 0x00, 0x00, 0x00, 0x09, 0xff, 0xff, 0xff,
    0xff, 0xff, 0x90, 0x00, 0x00, 0x0a, 0xff, 0xff, 0xff, 0xff, 0xff, 0x70, 0x00, 0x00, 0x00, 0x00, 0x00, 0x00, 0x00, 0x00, 0x07, 0xff, 0xff, 0xff,
    0xff, 0xff, 0xa0, 0x00, 0x00, 0x0c, 0xff, 0xff, 0xff, 0xff, 0xff, 0x50, 0x00, 0x00, 0x00, 0x00, 0x00, 0x00, 0x00, 0x00, 0x06, 0xff, 0xff, 0xff,
    0xff, 0xff, 0xc0, 0x00, 0x00, 0x0d, 0xff, 0xff, 0xff, 0xff, 0xff, 0x40, 0x00, 0x00, 0x00, 0x00, 0x00, 0x00, 0x00, 0x00, 0x04, 0xff, 0xff, 0xff,
    0xff, 0xff, 0xd0, 0x00, 0x00, 0x0e, 0xff, 0xff, 0xff, 0xff, 0xff, 0x30, 0x00, 0x00, 0x00, 0x00, 0x00, 0x00, 0x00, 0x00, 0x04, 0xff, 0xff, 0xff,
    0xff, 0xff, 0xe0, 0x00, 0x00, 0x0e, 0xff, 0xff, 0xff, 0xff, 0xff, 0x30, 0x00, 0x00, 0x00, 0x00, 0x00, 0x00, 0x00, 0x00, 0x03, 0xff, 0xff, 0xff,
    0xff, 0xff, 0xe0, 0x00, 0x00, 0x0f, 0xff, 0xff, 0xff, 0xff, 0xff, 0x20, 0x00, 0x00, 0x00, 0x00, 0x00, 0x00, 0x00, 0x00, 0x03, 0xff, 0xff, 0xff,
    0xff, 0xff, 0xf0, 0x00, 0x00, 0x0f, 0xff, 0xff, 0xff, 0xff, 0xff, 0x20, 0x00, 0x00, 0x00, 0x00, 0x00, 0x00, 0x00, 0x00, 0x02, 0xff, 0xff, 0xff,
    0xff, 0xff, 0xf0, 0x00, 0x00, 0x0f, 0xff, 0xff, 0xff, 0xff, 0xff, 0x20, 0x00, 0x00, 0x00, 0x00, 0x00, 0x00, 0x00, 0x00, 0x02, 0xff, 0xff, 0xff,
    0xff, 0xff, 0xf0, 0x00, 0x00, 0x0f, 0xff, 0xff, 0xff, 0xff, 0xff, 0x20, 0x00, 0x00, 0x00, 0x00, 0x00, 0x00, 0x00, 0x00, 0x03, 0xff, 0xff, 0xff,
    0xff, 0xff, 0xf0, 0x00, 0x00, 0x0e, 0xff, 0xff, 0xff, 0xff, 0xff, 0x30, 0x00, 0x00, 0x00, 0x00, 0x00, 0x00, 0x00, 0x00, 0x03, 0xff, 0xff, 0xff,
    0xff, 0xff, 0xe0, 0x00, 0x00, 0x0e, 0xff, 0xff, 0xff, 0xff, 0xff, 0x30, 0x00, 0x00, 0x00, 0x00, 0x00, 0x00, 0x00, 0x00, 0x04, 0xff, 0xff, 0xff,
    0xff, 0xff, 0xe0, 0x00, 0x00, 0x0d, 0xff, 0xff, 0xff, 0xff, 0xff, 0x40, 0x00, 0x00, 0x00, 0x00, 0x00, 0x00, 0x00, 0x00, 0x04, 0xff, 0xff, 0xff,
    0xff, 0xff, 0xd0, 0x00, 0x00, 0x0c, 0xff, 0xff, 0xff, 0xff, 0xff, 0x50, 0x00, 0x00, 0x00, 0x00, 0x00, 0x00, 0x00, 0x00, 0x06, 0xff, 0xff, 0xff,
    0xff, 0xff, 0xc0, 0x00, 0x00, 0x0a, 0xff, 0xff, 0xff, 0xff, 0xff, 0x70, 0x00, 0x00, 0x00, 0x00, 0x00, 0x00, 0x00, 0x00, 0x07, 0xff, 0xff, 0xff,
    0xff, 0xff, 0xa0, 0x00, 0x00, 0x09, 0xff, 0xff, 0xff, 0xff, 0xff, 0x90, 0x00, 0x00, 0x00, 0x00, 0x00, 0x00, 0x00, 0x00, 0x09, 0xff, 0xff, 0xff,
    0xff, 0xff, 0x90, 0x00, 0x00, 0x07, 0xff, 0xff, 0xff, 0xff, 0xff, 0xb0, 0x00, 0x00, 0x00, 0x00, 0x00, 0x00, 0x00, 0x00, 0x0b, 0xff, 0xff, 0xff,
    0xff, 0xff, 0x70, 0x00, 0x00, 0x05, 0xff, 0xff, 0xff, 0xff, 0xff, 0xd0, 0x00, 0x00, 0x00, 0x00, 0x00, 0x00, 0x00, 0x00, 0x0d, 0xff, 0xff, 0xff,
    0xff, 0xff, 0x40, 0x00, 0x00, 0x02, 0xff, 0xff, 0xff, 0xff, 0xff, 0xf1, 0x00, 0x00, 0x00, 0x00, 0x00, 0x00, 0x00, 0x00, 0x1f, 0xff, 0xff, 0xff,
    0xff, 0xff, 0x20, 0x00, 0x00, 0x00, 0xef, 0xff, 0xff, 0xff, 0xff, 0xf5, 0x00, 0x00, 0x00, 0x00, 0x00, 0x00, 0x00, 0x00, 0x5f, 0xff, 0xff, 0xff,
    0xff, 0xfe, 0x00, 0x00, 0x00, 0x00, 0xbf, 0xff, 0xff, 0xff, 0xff, 0xf9, 0x00, 0x00, 0x00, 0x00, 0x00, 0x00, 0x00, 0x00, 0x9f, 0xff, 0xff, 0xff,
    0xff, 0xfa, 0x00, 0x00, 0x00, 0x00, 0x6f, 0xff, 0xff, 0xff, 0xff, 0xfe, 0x00, 0x00, 0x00, 0x00, 0x00, 0x00, 0x00, 0x00, 0xef, 0xff, 0xff, 0xff,
    0xff, 0xf6, 0x00, 0x00, 0x00, 0x00, 0x2f, 0xff, 0xff, 0xff, 0xff, 0xff, 0x50, 0x00, 0x00, 0x00, 0x00, 0x00, 0x00, 0x05, 0xff, 0xff, 0xff, 0xff,
    0xff, 0xf2, 0x00, 0x00, 0x00, 0x00, 0x0c, 0xff, 0xff, 0xff, 0xff, 0xff, 0xc0, 0x00, 0x00, 0x00, 0x00, 0x00, 0x00, 0x0c, 0xff, 0xff, 0xff, 0xff,
    0xff, 0xc0, 0x00, 0x00, 0x00, 0x00, 0x07, 0xff, 0xff, 0xff, 0xff, 0xff, 0xf6, 0x00, 0x00, 0x00, 0x00, 0x00, 0x00, 0x7f, 0xff, 0xff, 0xff, 0xff,
    0xff, 0x70, 0x00, 0x00, 0x00, 0x00, 0x01, 0xef, 0xff, 0xff, 0xff, 0xff, 0xff, 0x30, 0x00, 0x00, 0x00, 0x00, 0x04, 0xff, 0xff, 0xff, 0xff, 0xff,
    0xfe, 0x10, 0x00, 0x00, 0x00, 0x00, 0x00, 0x8f, 0xff, 0xff, 0xff, 0xff, 0xff, 0xe4, 0x00, 0x00, 0x00, 0x00, 0x5e, 0xff, 0xff, 0xff, 0xff, 0xff,
    0xf8, 0x00, 0x00, 0x00, 0x00, 0x00, 0x00, 0x2e, 0xff, 0xff, 0xff, 0xff, 0xff, 0xff, 0xb5, 0x10, 0x02, 0x5b, 0xff, 0xff, 0xff, 0xff, 0xff, 0xff,
    0xe2, 0x00, 0x00, 0x00, 0x00, 0x00, 0x00, 0x07, 0xff, 0xff, 0xff, 0xff, 0xff, 0xff, 0xff, 0xff, 0xff, 0xff, 0xff, 0xff, 0xff, 0xff, 0xff, 0xff,
    0x70, 0x00, 0x00, 0x00, 0x00, 0x00, 0x00, 0x00, 0xcf, 0xff, 0xff, 0xff, 0xff, 0xff, 0xff, 0xff, 0xff, 0xff, 0xff, 0xff, 0xff, 0xff, 0xff, 0xfc,
    0x00, 0x00, 0x00, 0x00, 0x00, 0x00, 0x00, 0x00, 0x2e, 0xff, 0xff, 0xff, 0xff, 0xff, 0xff, 0xff, 0xff, 0xff, 0xff, 0xff, 0xff, 0xff, 0xff, 0xe2,
    0x00, 0x00, 0x00, 0x00, 0x00, 0x00, 0x00, 0x00, 0x03, 0xef, 0xff, 0xff, 0xff, 0xff, 0xff, 0xff, 0xff, 0xff, 0xff, 0xff, 0xff, 0xff, 0xfe, 0x30,
    0x00, 0x00, 0x00, 0x00, 0x00, 0x00, 0x00, 0x00, 0x00, 0x3e, 0xff, 0xff, 0xff, 0xff, 0xff, 0xff, 0xff, 0xff, 0xff, 0xff, 0xff, 0xff, 0xe3, 0x00,
    0x00, 0x00, 0x00, 0x00, 0x00, 0x00, 0x00, 0x00, 0x00, 0x01, 0xbf, 0xff, 0xff, 0xff, 0xff, 0xff, 0xff, 0xff, 0xff, 0xff, 0xff, 0xfb, 0x10, 0x00,
    0x00, 0x00, 0x00, 0x00, 0x00, 0x00, 0x00, 0x00, 0x00, 0x00, 0x06, 0xef, 0xff, 0xff, 0xff, 0xff, 0xff, 0xff, 0xff, 0xff, 0xfd, 0x60, 0x00, 0x00,
    0x00, 0x00, 0x00, 0x00, 0x00, 0x00, 0x00, 0x00, 0x00, 0x00, 0x00, 0x16, 0xcf, 0xff, 0xff, 0xff, 0xff, 0xff, 0xff, 0xfc, 0x61, 0x00, 0x00, 0x00,
    0x00, 0x00, 0x00, 0x00, 0x00, 0x00, 0x00, 0x00, 0x00, 0x00, 0x00, 0x00, 0x02, 0x69, 0xbd, 0xef, 0xfe, 0xdb, 0x96, 0x20, 0x00, 0x00, 0x00, 0x00,
    0x00, 0x00, 0x00, 0x00, 0x00, 0x00, 0x00, 0x00, 0x00, 0x00, 0x00, 0x00, 0x00, 0x00, 0x00, 0x00, 0x48, 0xbe, 0xff, 0xff, 0xfe, 0x60, 0x00, 0x00,
    0x00, 0x00, 0x00, 0x00, 0x00, 0x00, 0x00, 0x00, 0x00, 0x00, 0x00, 0x00, 0x00, 0x00, 0x00, 0x5d, 0xff, 0xff, 0xff, 0xff, 0xff, 0xf1, 0x00, 0x00,
    0x00, 0x00, 0x00, 0x00, 0x00, 0x00, 0x00, 0x00, 0x00, 0x00, 0x00, 0x00, 0x00, 0x00, 0x3c, 0xff, 0xff, 0xff, 0xff, 0xff, 0xff, 0xf2, 0x00, 0x00,
    0x00, 0x00, 0x00, 0x00, 0x00, 0x00, 0x00, 0x00, 0x00, 0x00, 0x00, 0x00, 0x00, 0x19, 0xff, 0xff, 0xff, 0xff, 0xff, 0xff, 0xff, 0xf2, 0x00, 0x00,
    0x00, 0x00, 0x00, 0x00, 0x00, 0x00, 0x00, 0x00, 0x00, 0x00, 0x00, 0x00, 0x06, 0xef, 0xff, 0xff, 0xff, 0xff, 0xff, 0xff, 0xff, 0xf2, 0x00, 0x00,
    0x00, 0x00, 0x00, 0x00, 0x00, 0x00, 0x00, 0x00, 0x00, 0x00, 0x00, 0x03, 0xcf, 0xff, 0xff, 0xff, 0xff, 0xff, 0xff, 0xff, 0xff, 0xf2, 0x00, 0x00,
    0x00, 0x00, 0x00, 0x00, 0x00, 0x00, 0x00, 0x00, 0x00, 0x00, 0x01, 0x9f, 0xff, 0xff, 0xff, 0xff, 0xff, 0xff, 0xff, 0xff, 0xff, 0xf2, 0x00, 0x00,
    0x00, 0x00, 0x00, 0x00, 0x00, 0x00, 0x00, 0x00, 0x00, 0x00, 0x6e, 0xff, 0xff, 0xff, 0xff, 0xff, 0xff, 0xff, 0xff, 0xff, 0xff, 0xf2, 0x00, 0x00,
    0x00, 0x00, 0x00, 0x00, 0x00, 0x00, 0x00, 0x00, 0x00, 0x3c, 0xff, 0xff, 0xff, 0xff, 0xff, 0xff, 0xff, 0xff, 0xff, 0xff, 0xff, 0xf2, 0x00, 0x00,
    0x00, 0x00, 0x00, 0x00, 0x00, 0x00, 0x00, 0x00, 0x03, 0xef, 0xff, 0xff, 0xff, 0xff, 0xff, 0xff, 0xff, 0xff, 0xff, 0xff, 0xff, 0xf2, 0x00, 0x00,
    0x00, 0x00, 0x00, 0x00, 0x00, 0x00, 0x00, 0x00, 0x07, 0xff, 0xff, 0xff, 0xff, 0xff, 0xff, 0xff, 0xff, 0xff, 0xff, 0xff, 0xff, 0xf2, 0x00, 0x00,
    0x00, 0x00, 0x00, 0x00, 0x00, 0x00, 0x00, 0x00, 0x08, 0xff, 0xff, 0xff, 0xff, 0xff, 0xff, 0xff, 0xff, 0xff, 0xff, 0xff, 0xff, 0xf2, 0x00, 0x00,
    0x00, 0x00, 0x00, 0x00, 0x00, 0x00, 0x00, 0x00, 0x08, 0xff, 0xff, 0xff, 0xff, 0xff, 0xff, 0xfa, 0xff, 0xff, 0xff, 0xff, 0xff, 0xf2, 0x00, 0x00,
    0x00, 0x00, 0x00, 0x00, 0x00, 0x00, 0x00, 0x00, 0x08, 0xff, 0xff, 0xff, 0xff, 0xff, 0xfc, 0x40, 0xff, 0xff, 0xff, 0xff, 0xff, 0xf2, 0x00, 0x00,
    0x00, 0x00, 0x00, 0x00, 0x00, 0x00, 0x00, 0x00, 0x08, 0xff, 0xff, 0xff, 0xff, 0xfe, 0x60, 0x00, 0xff, 0xff, 0xff, 0xff, 0xff, 0xf2, 0x00, 0x00,
    0x00, 0x00, 0x00, 0x00, 0x00, 0x00, 0x00, 0x00, 0x08, 0xff, 0xff, 0xff, 0xff, 0x91, 0x00, 0x00, 0xff, 0xff, 0xff, 0xff, 0xff, 0xf2, 0x00, 0x00,
    0x00, 0x00, 0x00, 0x00, 0x00, 0x00, 0x00, 0x00, 0x08, 0xff, 0xff, 0xff, 0xb3, 0x00, 0x00, 0x00, 0xff, 0xff, 0xff, 0xff, 0xff, 0xf2, 0x00, 0x00,
    0x00, 0x00, 0x00, 0x00, 0x00, 0x00, 0x00, 0x00, 0x07, 0xff, 0xff, 0xd5, 0x00, 0x00, 0x00, 0x00, 0xff, 0xff, 0xff, 0xff, 0xff, 0xf2, 0x00, 0x00,
    0x00, 0x00, 0x00, 0x00, 0x00, 0x00, 0x00, 0x00, 0x02, 0xef, 0xf8, 0x10, 0x00, 0x00, 0x00, 0x00, 0xff, 0xff, 0xff, 0xff, 0xff, 0xf2, 0x00, 0x00,
    0x00, 0x00, 0x00, 0x00, 0x00, 0x00, 0x00, 0x00, 0x00, 0x15, 0x10, 0x00, 0x00, 0x00, 0x00, 0x00, 0xff, 0xff, 0xff, 0xff, 0xff, 0xf2, 0x00, 0x00,
    0x00, 0x00, 0x00, 0x00, 0x00, 0x00, 0x00, 0x00, 0x00, 0x00, 0x00, 0x00, 0x00, 0x00, 0x00, 0x00, 0xff, 0xff, 0xff, 0xff, 0xff, 0xf2, 0x00, 0x00,
    0x00, 0x00, 0x00, 0x00, 0x00, 0x00, 0x00, 0x00, 0x00, 0x00, 0x00, 0x00, 0x00, 0x00, 0x00, 0x00, 0xff, 0xff, 0xff, 0xff, 0xff, 0xf2, 0x00, 0x00,
    0x00, 0x00, 0x00, 0x00, 0x00, 0x00, 0x00, 0x00, 0x00, 0x00, 0x00, 0x00, 0x00, 0x00, 0x00, 0x00, 0xff, 0xff, 0xff, 0xff, 0xff, 0xf2, 0x00, 0x00,
    0x00, 0x00, 0x00, 0x00, 0x00, 0x00, 0x00, 0x00, 0x00, 0x00, 0x00, 0x00, 0x00, 0x00, 0x00, 0x00, 0xff, 0xff, 0xff, 0xff, 0xff, 0xf2, 0x00, 0x00,
    0x00, 0x00, 0x00, 0x00, 0x00, 0x00, 0x00, 0x00, 0x00, 0x00, 0x00, 0x00, 0x00, 0x00, 0x00, 0x00, 0xff, 0xff, 0xff, 0xff, 0xff, 0xf2, 0x00, 0x00,
    0x00, 0x00, 0x00, 0x00, 0x00, 0x00, 0x00, 0x00, 0x00, 0x00, 0x00, 0x00, 0x00, 0x00, 0x00, 0x00, 0xff, 0xff, 0xff, 0xff, 0xff, 0xf2, 0x00, 0x00,
    0x00, 0x00, 0x00, 0x00, 0x00, 0x00, 0x00, 0x00, 0x00, 0x00, 0x00, 0x00, 0x00, 0x00, 0x00, 0x00, 0xff, 0xff, 0xff, 0xff, 0xff, 0xf2, 0x00, 0x00,
    0x00, 0x00, 0x00, 0x00, 0x00, 0x00, 0x00, 0x00, 0x00, 0x00, 0x00, 0x00, 0x00, 0x00, 0x00, 0x00, 0xff, 0xff, 0xff, 0xff, 0xff, 0xf2, 0x00, 0x00,
    0x00, 0x00, 0x00, 0x00, 0x00, 0x00, 0x00, 0x00, 0x00, 0x00, 0x00, 0x00, 0x00, 0x00, 0x00, 0x00, 0xff, 0xff, 0xff, 0xff, 0xff, 0xf2, 0x00, 0x00,
    0x00, 0x00, 0x00, 0x00, 0x00, 0x00, 0x00, 0x00, 0x00, 0x00, 0x00, 0x00, 0x00, 0x00, 0x00, 0x00, 0xff, 0xff, 0xff, 0xff, 0xff, 0xf2, 0x00, 0x00,
    0x00, 0x00, 0x00, 0x00, 0x00, 0x00, 0x00, 0x00, 0x00, 0x00, 0x00, 0x00, 0x00, 0x00, 0x00, 0x00, 0xff, 0xff, 0xff, 0xff, 0xff, 0xf2, 0x00, 0x00,
    0x00, 0x00, 0x00, 0x00, 0x00, 0x00, 0x00, 0x00, 0x00, 0x00, 0x00, 0x00, 0x00, 0x00, 0x00, 0x00, 0xff, 0xff, 0xff, 0xff, 0xff, 0xf2, 0x00, 0x00,
    0x00, 0x00, 0x00, 0x00, 0x00, 0x00, 0x00, 0x00, 0x00, 0x00, 0x00, 0x00, 0x00, 0x00, 0x00, 0x00, 0xff, 0xff, 0xff, 0xff, 0xff, 0xf2, 0x00, 0x00,
    0x00, 0x00, 0x00, 0x00, 0x00, 0x00, 0x00, 0x00, 0x00, 0x00, 0x00, 0x00, 0x00, 0x00, 0x00, 0x00, 0xff, 0xff, 0xff, 0xff, 0xff, 0xf2, 0x00, 0x00,
    0x00, 0x00, 0x00, 0x00, 0x00, 0x00, 0x00, 0x00, 0x00, 0x00, 0x00, 0x00, 0x00, 0x00, 0x00, 0x00, 0xff, 0xff, 0xff, 0xff, 0xff, 0xf2, 0x00, 0x00,
    0x00, 0x00, 0x00, 0x00, 0x00, 0x00, 0x00, 0x00, 0x00, 0x00, 0x00, 0x00, 0x00, 0x00, 0x00, 0x00, 0xff, 0xff, 0xff, 0xff, 0xff, 0xf2, 0x00, 0x00,
    0x00, 0x00, 0x00, 0x00, 0x00, 0x00, 0x00, 0x00, 0x00, 0x00, 0x00, 0x00, 0x00, 0x00, 0x00, 0x00, 0xff, 0xff, 0xff, 0xff, 0xff, 0xf2, 0x00, 0x00,
    0x00, 0x00, 0x00, 0x00, 0x00, 0x00, 0x00, 0x00, 0x00, 0x00, 0x00, 0x00, 0x00, 0x00, 0x00, 0x00, 0xff, 0xff, 0xff, 0xff, 0xff, 0xf2, 0x00, 0x00,
    0x00, 0x00, 0x00, 0x00, 0x00, 0x00, 0x00, 0x00, 0x00, 0x00, 0x00, 0x00, 0x00, 0x00, 0x00, 0x00, 0xff, 0xff, 0xff, 0xff, 0xff, 0xf2, 0x00, 0x00,
    0x00, 0x00, 0x00, 0x00, 0x00, 0x00, 0x00, 0x00, 0x00, 0x00, 0x00, 0x00, 0x00, 0x00, 0x00, 0x00, 0xff, 0xff, 0xff, 0xff, 0xff, 0xf2, 0x00, 0x00,
    0x00, 0x00, 0x00, 0x00, 0x00, 0x00, 0x00, 0x00, 0x00, 0x00, 0x00, 0x00, 0x00, 0x00, 0x00, 0x00, 0xff, 0xff, 0xff, 0xff, 0xff, 0xf2, 0x00, 0x00,
    0x00, 0x00, 0x00, 0x00, 0x00, 0x00, 0x00, 0x00, 0x00, 0x00, 0x00, 0x00, 0x00, 0x00, 0x00, 0x00, 0xff, 0xff, 0xff, 0xff, 0xff, 0xf2, 0x00, 0x00,
    0x00, 0x00, 0x00, 0x00, 0x00, 0x00, 0x00, 0x00, 0x00, 0x00, 0x00, 0x00, 0x00, 0x00, 0x00, 0x00, 0xff, 0xff, 0xff, 0xff, 0xff, 0xf2, 0x00, 0x00,
    0x00, 0x00, 0x00, 0x00, 0x00, 0x00, 0x00, 0x00, 0x00, 0x00, 0x00, 0x00, 0x00, 0x00, 0x00, 0x00, 0xff, 0xff, 0xff, 0xff, 0xff, 0xf2, 0x00, 0x00,
    0x00, 0x00, 0x00, 0x00, 0x00, 0x00, 0x00, 0x00, 0x00, 0x00, 0x00, 0x00, 0x00, 0x00, 0x00, 0x00, 0xff, 0xff, 0xff, 0xff, 0xff, 0xf2, 0x00, 0x00,
    0x00, 0x00, 0x00, 0x00, 0x00, 0x00, 0x00, 0x00, 0x00, 0x00, 0x00, 0x00, 0x00, 0x00, 0x00, 0x00, 0xff, 0xff, 0xff, 0xff, 0xff, 0xf2, 0x00, 0x00,
    0x00, 0x00, 0x00, 0x00, 0x00, 0x00, 0x00, 0x00, 0x00, 0x00, 0x00, 0x00, 0x00, 0x00, 0x00, 0x00, 0xff, 0xff, 0xff, 0xff, 0xff, 0xf2, 0x00, 0x00,
    0x00, 0x00, 0x00, 0x00, 0x00, 0x00, 0x00, 0x00, 0x00, 0x00, 0x00, 0x00, 0x00, 0x00, 0x00, 0x00, 0xff, 0xff, 0xff, 0xff, 0xff, 0xf2, 0x00, 0x00,
    0x00, 0x00, 0x00, 0x00, 0x00, 0x00, 0x00, 0x00, 0x00, 0x00, 0x00, 0x00, 0x00, 0x00, 0x00, 0x00, 0xff, 0xff, 0xff, 0xff, 0xff, 0xf2, 0x00, 0x00,
    0x00, 0x00, 0x00, 0x00, 0x00, 0x00, 0x00, 0x00, 0x00, 0x00, 0x00, 0x00, 0x00, 0x00, 0x00, 0x00, 0xff, 0xff, 0xff, 0xff, 0xff, 0xf2, 0x00, 0x00,
    0x00, 0x00, 0x00, 0x00, 0x00, 0x00, 0x00, 0x00, 0x00, 0x00, 0x00, 0x00, 0x00, 0x00, 0x00, 0x00, 0xff, 0xff, 0xff, 0xff, 0xff, 0xf2, 0x00, 0x00,
    0x00, 0x00, 0x00, 0x00, 0x00, 0x00, 0x00, 0x00, 0x00, 0x00, 0x00, 0x00, 0x00, 0x00, 0x00, 0x00, 0xff, 0xff, 0xff, 0xff, 0xff, 0xf2, 0x00, 0x00,
    0x00, 0x00, 0x00, 0x00, 0x00, 0x00, 0x00, 0x00, 0x00, 0x00, 0x00, 0x00, 0x00, 0x00, 0x00, 0x00, 0xff, 0xff, 0xff, 0xff, 0xff, 0xf2, 0x00, 0x00,
    0x00, 0x00, 0x00, 0x00, 0x00, 0x00, 0x00, 0x00, 0x00, 0x00, 0x00, 0x00, 0x00, 0x00, 0x00, 0x00, 0xff, 0xff, 0xff, 0xff, 0xff, 0xf2, 0x00, 0x00,
    0x00, 0x00, 0x00, 0x00, 0x00, 0x00, 0x00, 0x00, 0x00, 0x00, 0x00, 0x00, 0x00, 0x00, 0x00, 0x00, 0xdf, 0xff, 0xff, 0xff, 0xff, 0xf1, 0x00, 0x00,
    0x00, 0x00, 0x00, 0x00, 0x00, 0x00, 0x00, 0x00, 0x00, 0x00, 0x00, 0x00, 0x00, 0x00, 0x00, 0x00, 0x4d, 0xff, 0xff, 0xff, 0xfe, 0x60, 0x00, 0x00,
    0x00, 0x00, 0x00, 0x00, 0x00, 0x00, 0x00, 0x00, 0x00, 0x00, 0x00, 0x00, 0x00, 0x01, 0x58, 0xbd, 0xef, 0xfe, 0xec, 0xa7, 0x30, 0x00, 0x00, 0x00,
    0x00, 0x00, 0x00, 0x00, 0x00, 0x00, 0x00, 0x00, 0x00, 0x00, 0x00, 0x00, 0x16, 0xcf, 0xff, 0xff, 0xff, 0xff, 0xff, 0xff, 0xfe, 0x82, 0x00, 0x00,
    0x00, 0x00, 0x00, 0x00, 0x00, 0x00, 0x00, 0x00, 0x00, 0x00, 0x00, 0x07, 0xef, 0xff, 0xff, 0xff, 0xff, 0xff, 0xff, 0xff, 0xff, 0xff, 0x81, 0x00,
    0x00, 0x00, 0x00, 0x00, 0x00, 0x00, 0x00, 0x00, 0x00, 0x00, 0x02, 0xcf, 0xff, 0xff, 0xff, 0xff, 0xff, 0xff, 0xff, 0xff, 0xff, 0xff, 0xfd, 0x30,
    0x00, 0x00, 0x00, 0x00, 0x00, 0x00, 0x00, 0x00, 0x00, 0x00, 0x4e, 0xff, 0xff, 0xff, 0xff, 0xff, 0xff, 0xff, 0xff, 0xff, 0xff, 0xff, 0xff, 0xe4,
    0x00, 0x00, 0x00, 0x00, 0x00, 0x00, 0x00, 0x00, 0x00, 0x05, 0xff, 0xff, 0xff, 0xff, 0xff, 0xff, 0xff, 0xff, 0xff, 0xff, 0xff, 0xff, 0xff, 0xfe,
    0x30, 0x00, 0x00, 0x00, 0x00, 0x00, 0x00, 0x00, 0x00, 0x3f, 0xff, 0xff, 0xff, 0xff, 0xff, 0xff, 0xff, 0xff, 0xff, 0xff, 0xff, 0xff, 0xff, 0xff,
    0xe1, 0x00, 0x00, 0x00, 0x00, 0x00, 0x00, 0x00, 0x01, 0xdf, 0xff, 0xff, 0xff, 0xff, 0xff, 0xff, 0xff, 0xff, 0xff, 0xff, 0xff, 0xff, 0xff, 0xff,
    0xfa, 0x00, 0x00, 0x00, 0x00, 0x00, 0x00, 0x00, 0x09, 0xff, 0xff, 0xff, 0xff, 0xff, 0xff, 0xff, 0xff, 0xff, 0xff, 0xff, 0xff, 0xff, 0xff, 0xff,
    0xff, 0x40, 0x00, 0x00, 0x00, 0x00, 0x00, 0x00, 0x3f, 0xff, 0xff, 0xff, 0xff, 0xff, 0xfd, 0x73, 0x10, 0x13, 0x7d, 0xff, 0xff, 0xff, 0xff, 0xff,
    0xff, 0xb0, 0x00, 0x00, 0x00, 0x00, 0x00, 0x00, 0xaf, 0xff, 0xff, 0xff, 0xff, 0xff, 0x70, 0x00, 0x00, 0x00, 0x01, 0xaf, 0xff, 0xff, 0xff, 0xff,
    0xff, 0xf2, 0x00, 0x00, 0x00, 0x00, 0x00, 0x02, 0xff, 0xff, 0xff, 0xff, 0xff, 0xf6, 0x00, 0x00, 0x00, 0x00, 0x00, 0x0b, 0xff, 0xff, 0xff, 0xff,
    0xff, 0xf7, 0x00, 0x00, 0x00, 0x00, 0x00, 0x07, 0xff, 0xff, 0xff, 0xff, 0xff, 0xb0, 0x00, 0x00, 0x00, 0x00, 0x00, 0x01, 0xff, 0xff, 0xff, 0xff,
    0xff, 0xfb, 0x00, 0x00, 0x00, 0x00, 0x00, 0x0b, 0xff, 0xff, 0xff, 0xff, 0xff, 0x30, 0x00, 0x00, 0x00, 0x00, 0x00, 0x00, 0x9f, 0xff, 0xff, 0xff,
    0xff, 0xfe, 0x00, 0x00, 0x00, 0x00, 0x00, 0x1f, 0xff, 0xff, 0xff, 0xff, 0xfc, 0x00, 0x00, 0x00, 0x00, 0x00, 0x00, 0x00, 0x5f, 0xff, 0xff, 0xff,
    0xff, 0xff, 0x10, 0x00, 0x00, 0x00, 0x00, 0x3f, 0xff, 0xff, 0xff, 0xff, 0xf7, 0x00, 0x00, 0x00, 0x00, 0x00, 0x00, 0x00, 0x2f, 0xff, 0xff, 0xff,
    0xff, 0xff, 0x10, 0x00, 0x00, 0x00, 0x00, 0x6f, 0xff, 0xff, 0xff, 0xff, 0xf3, 0x00, 0x00, 0x00, 0x00, 0x00, 0x00, 0x00, 0x1f, 0xff, 0xff, 0xff,
    0xff, 0xff, 0x20, 0x00, 0x00, 0x00, 0x00, 0x8f, 0xff, 0xff, 0xff, 0xff, 0xf1, 0x00, 0x00, 0x00, 0x00, 0x00, 0x00, 0x00, 0x1f, 0xff, 0xff, 0xff,
    0xff, 0xff, 0x10, 0x00, 0x00, 0x00, 0x00, 0xaf, 0xff, 0xff, 0xff, 0xff, 0xd0, 0x00, 0x00, 0x00, 0x00, 0x00, 0x00, 0x00, 0x2f, 0xff, 0xff, 0xff,
    0xff, 0xff, 0x00, 0x00, 0x00, 0x00, 0x00, 0xaf, 0xff, 0xff, 0xff, 0xff, 0xb0, 0x00, 0x00, 0x00, 0x00, 0x00, 0x00, 0x00, 0x5f, 0xff, 0xff, 0xff,
    0xff, 0xfd, 0x00, 0x00, 0x00, 0x00, 0x00, 0x4f, 0xff, 0xff, 0xff, 0xff, 0x40, 0x00, 0x00, 0x00, 0x00, 0x00, 0x00, 0x00, 0xaf, 0xff, 0xff, 0xff,
    0xff, 0xfa, 0x00, 0x00, 0x00, 0x00, 0x00, 0x02, 0x44, 0x44, 0x44, 0x42, 0x00, 0x00, 0x00, 0x00, 0x00, 0x00, 0x00, 0x02, 0xff, 0xff, 0xff, 0xff,
    0xff, 0xf7, 0x00, 0x00, 0x00, 0x00, 0x00, 0x00, 0x00, 0x00, 0x00, 0x00, 0x00, 0x00, 0x00, 0x00, 0x00, 0x00, 0x00, 0x09, 0xff, 0xff, 0xff, 0xff,
    0xff, 0xf2, 0x00, 0x00, 0x00, 0x00, 0x00, 0x00, 0x00, 0x00, 0x00, 0x00, 0x00, 0x00, 0x00, 0x00, 0x00, 0x00, 0x00, 0x4f, 0xff, 0xff, 0xff, 0xff,
    0xff, 0xb0, 0x00, 0x00, 0x00, 0x00, 0x00, 0x00, 0x00, 0x00, 0x00, 0x00, 0x00, 0x00, 0x00, 0x00, 0x00, 0x00, 0x01, 0xef, 0xff, 0xff, 0xff, 0xff,
    0xff, 0x50, 0x00, 0x00, 0x00, 0x00, 0x00, 0x00, 0x00, 0x00, 0x00, 0x00, 0x00, 0x00, 0x00, 0x00, 0x00, 0x00, 0x0c, 0xff, 0xff, 0xff, 0xff, 0xff,
    0xfc, 0x00, 0x00, 0x00, 0x00, 0x00, 0x00, 0x00, 0x00, 0x00, 0x00, 0x00, 0x00, 0x00, 0x00, 0x00, 0x00, 0x00, 0x9f, 0xff, 0xff, 0xff, 0xff, 0xff,
    0xf3, 0x00, 0x00, 0x00, 0x00, 0x00, 0x00, 0x00, 0x00, 0x00, 0x00, 0x00, 0x00, 0x00, 0x00, 0x00, 0x00, 0x07, 0xff, 0xff, 0xff, 0xff, 0xff, 0xff,
    0x90, 0x00, 0x00, 0x00, 0x00, 0x00, 0x00, 0x00, 0x00, 0x00, 0x00, 0x00, 0x00, 0x00, 0x00, 0x00, 0x00, 0x6f, 0xff, 0xff, 0xff, 0xff, 0xff, 0xfc,
    0x10, 0x00, 0x00, 0x00, 0x00, 0x00, 0x00, 0x00, 0x00, 0x00, 0x00, 0x00, 0x00, 0x00, 0x00, 0x00, 0x05, 0xff, 0xff, 0xff, 0xff, 0xff, 0xff, 0xe2,
    0x00, 0x00, 0x00, 0x00, 0x00, 0x00, 0x00, 0x00, 0x00, 0x00, 0x00, 0x00, 0x00, 0x00, 0x00, 0x00, 0x4f, 0xff, 0xff, 0xff, 0xff, 0xff, 0xff, 0x50,
    0x00, 0x00, 0x00, 0x00, 0x00, 0x00, 0x00, 0x00, 0x00, 0x00, 0x00, 0x00, 0x00, 0x00, 0x00, 0x04, 0xff, 0xff, 0xff, 0xff, 0xff, 0xff, 0xf7, 0x00,
    0x00, 0x00, 0x00, 0x00, 0x00, 0x00, 0x00, 0x00, 0x00, 0x00, 0x00, 0x00, 0x00, 0x00, 0x00, 0x4e, 0xff, 0xff, 0xff, 0xff, 0xff, 0xff, 0x90, 0x00,
    0x00, 0x00, 0x00, 0x00, 0x00, 0x00, 0x00, 0x00, 0x00, 0x00, 0x00, 0x00, 0x00, 0x00, 0x04, 0xef, 0xff, 0xff, 0xff, 0xff, 0xff, 0xfa, 0x00, 0x00,
    0x00, 0x00, 0x00, 0x00, 0x00, 0x00, 0x00, 0x00, 0x00, 0x00, 0x00, 0x00, 0x00, 0x00, 0x3e, 0xff, 0xff, 0xff, 0xff, 0xff, 0xff, 0xb0, 0x00, 0x00,
    0x00, 0x00, 0x00, 0x00, 0x00, 0x00, 0x00, 0x00, 0x00, 0x00, 0x00, 0x00, 0x00, 0x03, 0xef, 0xff, 0xff, 0xff, 0xff, 0xff, 0xfc, 0x10, 0x00, 0x00,
    0x00, 0x00, 0x00, 0x00, 0x00, 0x00, 0x00, 0x00, 0x00, 0x00, 0x00, 0x00, 0x00, 0x3e, 0xff, 0xff, 0xff, 0xff, 0xff, 0xff, 0xc1, 0x00, 0x00, 0x00,
    0x00, 0x00, 0x00, 0x00, 0x00, 0x00, 0x00, 0x00, 0x00, 0x00, 0x00, 0x00, 0x03, 0xef, 0xff, 0xff, 0xff, 0xff, 0xff, 0xfc, 0x10, 0x00, 0x00, 0x00,
    0x00, 0x00, 0x00, 0x00, 0x00, 0x00, 0x00, 0x00, 0x00, 0x00, 0x00, 0x00, 0x2e, 0xff, 0xff, 0xff, 0xff, 0xff, 0xff, 0xc1, 0x00, 0x00, 0x00, 0x00,
    0x00, 0x00, 0x00, 0x00, 0x00, 0x00, 0x00, 0x00, 0x00, 0x00, 0x00, 0x02, 0xef, 0xff, 0xff, 0xff, 0xff, 0xff, 0xfc, 0x10, 0x00, 0x00, 0x00, 0x00,
    0x00, 0x00, 0x00, 0x00, 0x00, 0x00, 0x00, 0x00, 0x00, 0x00, 0x00, 0x2d, 0xff, 0xff, 0xff, 0xff, 0xff, 0xff, 0xc1, 0x00, 0x00, 0x00, 0x00, 0x00,
    0x00, 0x00, 0x00, 0x00, 0x00, 0x00, 0x00, 0x00, 0x00, 0x00, 0x02, 0xdf, 0xff, 0xff, 0xff, 0xff, 0xff, 0xfc, 0x10, 0x00, 0x00, 0x00, 0x00, 0x00,
    0x00, 0x00, 0x00, 0x00, 0x00, 0x00, 0x00, 0x00, 0x00, 0x00, 0x2d, 0xff, 0xff, 0xff, 0xff, 0xff, 0xff, 0xc1, 0x00, 0x00, 0x00, 0x00, 0x00, 0x00,
    0x00, 0x00, 0x00, 0x00, 0x00, 0x00, 0x00, 0x00, 0x00, 0x02, 0xdf, 0xff, 0xff, 0xff, 0xff, 0xff, 0xfc, 0x10, 0x00, 0x00, 0x00, 0x00, 0x00, 0x00,
    0x00, 0x00, 0x00, 0x00, 0x00, 0x00, 0x00, 0x00, 0x00, 0x1d, 0xff, 0xff, 0xff, 0xff, 0xff, 0xff, 0xc1, 0x00, 0x00, 0x00, 0x00, 0x00, 0x00, 0x00,
    0x00, 0x00, 0x00, 0x00, 0x00, 0x00, 0x00, 0x00, 0x01, 0xdf, 0xff, 0xff, 0xff, 0xff, 0xff, 0xfc, 0x10, 0x00, 0x00, 0x00, 0x00, 0x00, 0x00, 0x00,
    0x00, 0x00, 0x00, 0x00, 0x00, 0x00, 0x00, 0x00, 0x1c, 0xff, 0xff, 0xff, 0xff, 0xff, 0xff, 0xc1, 0x00, 0x00, 0x00, 0x00, 0x00, 0x00, 0x00, 0x00,
    0x00, 0x00, 0x00, 0x00, 0x00, 0x00, 0x00, 0x01, 0xcf, 0xff, 0xff, 0xff, 0xff, 0xff, 0xfc, 0x10, 0x00, 0x00, 0x00, 0x00, 0x00, 0x00, 0x00, 0x00,
    0x00, 0x00, 0x00, 0x00, 0x00, 0x00, 0x00, 0x1c, 0xff, 0xff, 0xff, 0xff, 0xff, 0xff, 0xff, 0xff, 0xff, 0xff, 0xff, 0xff, 0xff, 0xff, 0xff, 0xff,
    0xff, 0xd4, 0x00, 0x00, 0x00, 0x00, 0x01, 0xcf, 0xff, 0xff, 0xff, 0xff, 0xff, 0xff, 0xff, 0xff, 0xff, 0xff, 0xff, 0xff, 0xff, 0xff, 0xff, 0xff,
    0xff, 0xfd, 0x00, 0x00, 0x00, 0x00, 0x0a, 0xff, 0xff, 0xff, 0xff, 0xff, 0xff, 0xff, 0xff, 0xff, 0xff, 0xff, 0xff, 0xff, 0xff, 0xff, 0xff, 0xff,
    0xff, 0xff, 0x00, 0x00, 0x00, 0x00, 0x0f, 0xff, 0xff, 0xff, 0xff, 0xff, 0xff, 0xff, 0xff, 0xff, 0xff, 0xff, 0xff, 0xff, 0xff, 0xff, 0xff, 0xff,
    0xff, 0xff, 0x00, 0x00, 0x00, 0x00, 0x0f, 0xff, 0xff, 0xff, 0xff, 0xff, 0xff, 0xff, 0xff, 0xff, 0xff, 0xff, 0xff, 0xff, 0xff, 0xff, 0xff, 0xff,
    0xff, 0xff, 0x00, 0x00, 0x00, 0x00, 0x0f, 0xff, 0xff, 0xff, 0xff, 0xff, 0xff, 0xff, 0xff, 0xff, 0xff, 0xff, 0xff, 0xff, 0xff, 0xff, 0xff, 0xff,
    0xff, 0xff, 0x00, 0x00, 0x00, 0x00, 0x0f, 0xff, 0xff, 0xff, 0xff, 0xff, 0xff, 0xff, 0xff, 0xff, 0xff, 0xff, 0xff, 0xff, 0xff, 0xff, 0xff, 0xff,
    0xff, 0xff, 0x00, 0x00, 0x00, 0x00, 0x0d, 0xff, 0xff, 0xff, 0xff, 0xff, 0xff, 0xff, 0xff, 0xff, 0xff, 0xff, 0xff, 0xff, 0xff, 0xff, 0xff, 0xff,
    0xff, 0xfd, 0x00, 0x00, 0x00, 0x00, 0x04, 0xdf, 0xff, 0xff, 0xff, 0xff, 0xff, 0xff, 0xff, 0xff, 0xff, 0xff, 0xff, 0xff, 0xff, 0xff, 0xff, 0xff,
    0xff, 0xd4, 0x00, 0x00, 0x00, 0x00, 0x00, 0x00, 0x00, 0x00, 0x00, 0x00, 0x00, 0x15, 0x8b, 0xce, 0xff, 0xed, 0xca, 0x73, 0x00, 0x00, 0x00, 0x00,
    0x00, 0x00, 0x00, 0x00, 0x00, 0x00, 0x00, 0x00, 0x00, 0x00, 0x00, 0x01, 0x6c, 0xff, 0xff, 0xff, 0xff, 0xff, 0xff, 0xff, 0xea, 0x40, 0x00, 0x00,
    0x00, 0x00, 0x00, 0x00, 0x00, 0x00, 0x00, 0x00, 0x00, 0x00, 0x00, 0x7e, 0xff, 0xff, 0xff, 0xff, 0xff, 0xff, 0xff, 0xff, 0xff, 0xfb, 0x30, 0x00,
    0x00, 0x00, 0x00, 0x00, 0x00, 0x00, 0x00, 0x00, 0x00, 0x00, 0x3c, 0xff, 0xff, 0xff, 0xff, 0xff, 0xff, 0xff, 0xff, 0xff, 0xff, 0xff, 0xf7, 0x00,
    0x00, 0x00, 0x00, 0x00, 0x00, 0x00, 0x00, 0x00, 0x00, 0x05, 0xef, 0xff, 0xff, 0xff, 0xff, 0xff, 0xff, 0xff, 0xff, 0xff, 0xff, 0xff, 0xff, 0x90,
    0x00, 0x00, 0x00, 0x00, 0x00, 0x00, 0x00, 0x00, 0x00, 0x6f, 0xff, 0xff, 0xff, 0xff, 0xff, 0xff, 0xff, 0xff, 0xff, 0xff, 0xff, 0xff, 0xff, 0xf9,
    0x00, 0x00, 0x00, 0x00, 0x00, 0x00, 0x00, 0x00, 0x04, 0xff, 0xff, 0xff, 0xff, 0xff, 0xff, 0xff, 0xff, 0xff, 0xff, 0xff, 0xff, 0xff, 0xff, 0xff,
    0x60, 0x00, 0x00, 0x00, 0x00, 0x00, 0x00, 0x00, 0x2e, 0xff, 0xff, 0xff, 0xff, 0xff, 0xff, 0xff, 0xff, 0xff, 0xff, 0xff, 0xff, 0xff, 0xff, 0xff,
    0xe2, 0x00, 0x00, 0x00, 0x00, 0x00, 0x00, 0x00, 0xbf, 0xff, 0xff, 0xff, 0xff, 0xff, 0xff, 0xff, 0xff, 0xff, 0xff, 0xff, 0xff, 0xff, 0xff, 0xff,
    0xfa, 0x00, 0x00, 0x00, 0x00, 0x00, 0x00, 0x04, 0xff, 0xff, 0xff, 0xff, 0xff, 0xff, 0xe8, 0x41, 0x00, 0x26, 0xcf, 0xff, 0xff, 0xff, 0xff, 0xff,
    0xff, 0x20, 0x00, 0x00, 0x00, 0x00, 0x00, 0x0c, 0xff, 0xff, 0xff, 0xff, 0xff, 0xf9, 0x10, 0x00, 0x00, 0x00, 0x07, 0xff, 0xff, 0xff, 0xff, 0xff,
    0xff, 0x70, 0x00, 0x00, 0x00, 0x00, 0x00, 0x3f, 0xff, 0xff, 0xff, 0xff, 0xff, 0x70, 0x00, 0x00, 0x00, 0x00, 0x00, 0x6f, 0xff, 0xff, 0xff, 0xff,
    0xff, 0xb0, 0x00, 0x00, 0x00, 0x00, 0x00, 0x8f, 0xff, 0xff, 0xff, 0xff, 0xfa, 0x00, 0x00, 0x00, 0x00, 0x00, 0x00, 0x0c, 0xff, 0xff, 0xff, 0xff,
    0xff, 0xe0, 0x00, 0x00, 0x00, 0x00, 0x00, 0xdf, 0xff, 0xff, 0xff, 0xff, 0xf2, 0x00, 0x00, 0x00, 0x00, 0x00, 0x00, 0x05, 0xff, 0xff, 0xff, 0xff,
    0xff, 0xf1, 0x00, 0x00, 0x00, 0x00, 0x01, 0xff, 0xff, 0xff, 0xff, 0xff, 0xa0, 0x00, 0x00, 0x00, 0x00, 0x00, 0x00, 0x02, 0xff, 0xff, 0xff, 0xff,
    0xff, 0xf2, 0x00, 0x00, 0x00, 0x00, 0x04, 0xff, 0xff, 0xff, 0xff, 0xff, 0x60, 0x00, 0x00, 0x00, 0x00, 0x00, 0x00, 0x00, 0xff, 0xff, 0xff, 0xff,
    0xff, 0xf2, 0x00, 0x00, 0x00, 0x00, 0x06, 0xff, 0xff, 0xff, 0xff, 0xff, 0x30, 0x00, 0x00, 0x00, 0x00, 0x00, 0x00, 0x01, 0xff, 0xff, 0xff, 0xff,
    0xff, 0xf1, 0x00, 0x00, 0x00, 0x00, 0x08, 0xff, 0xff, 0xff, 0xff, 0xff, 0x10, 0x00, 0x00, 0x00, 0x00, 0x00, 0x00, 0x02, 0xff, 0xff, 0xff, 0xff,
    0xff, 0xe0, 0x00, 0x00, 0x00, 0x00, 0x06, 0xff, 0xff, 0xff, 0xff, 0xfd, 0x00, 0x00, 0x00, 0x00, 0x00, 0x00, 0x00, 0x06, 0xff, 0xff, 0xff, 0xff,
    0xff, 0xb0, 0x00, 0x00, 0x00, 0x00, 0x01, 0xae, 0xee, 0xee, 0xee, 0xc4, 0x00, 0x00, 0x00, 0x00, 0x00, 0x00, 0x00, 0x0c, 0xff, 0xff, 0xff, 0xff,
    0xff, 0x70, 0x00, 0x00, 0x00, 0x00, 0x00, 0x00, 0x00, 0x00, 0x00, 0x00, 0x00, 0x00, 0x00, 0x00, 0x00, 0x00, 0x00, 0x5f, 0xff, 0xff, 0xff, 0xff,
    0xff, 0x20, 0x00, 0x00, 0x00, 0x00, 0x00, 0x00, 0x00, 0x00, 0x00, 0x00, 0x00, 0x00, 0x00, 0x00, 0x00, 0x00, 0x04, 0xef, 0xff, 0xff, 0xff, 0xff,
    0xfb, 0x00, 0x00, 0x00, 0x00, 0x00, 0x00, 0x00, 0x00, 0x00, 0x00, 0x00, 0x00, 0x00, 0x00, 0x00, 0x00, 0x00, 0x7f, 0xff, 0xff, 0xff, 0xff, 0xff,
    0xf3, 0x00, 0x00, 0x00, 0x00, 0x00, 0x00, 0x00, 0x00, 0x00, 0x00, 0x00, 0x00, 0x00, 0x00, 0x00, 0x14, 0x8e, 0xff, 0xff, 0xff, 0xff, 0xff, 0xff,
    0x80, 0x00, 0x00, 0x00, 0x00, 0x00, 0x00, 0x00, 0x00, 0x00, 0x00, 0x00, 0x00, 0x00, 0xae, 0xff, 0xff, 0xff, 0xff, 0xff, 0xff, 0xff, 0xff, 0xfb,
    0x00, 0x00, 0x00, 0x00, 0x00, 0x00, 0x00, 0x00, 0x00, 0x00, 0x00, 0x00, 0x00, 0x06, 0xff, 0xff, 0xff, 0xff, 0xff, 0xff, 0xff, 0xff, 0xff, 0xc1,
    0x00, 0x00, 0x00, 0x00, 0x00, 0x00, 0x00, 0x00, 0x00, 0x00, 0x00, 0x00, 0x00, 0x07, 0xff, 0xff, 0xff, 0xff, 0xff, 0xff, 0xff, 0xff, 0xfa, 0x10,
    0x00, 0x00, 0x00, 0x00, 0x00, 0x00, 0x00, 0x00, 0x00, 0x00, 0x00, 0x00, 0x00, 0x08, 0xff, 0xff, 0xff, 0xff, 0xff, 0xff, 0xff, 0xff, 0xf5, 0x00,
    0x00, 0x00, 0x00, 0x00, 0x00, 0x00, 0x00, 0x00, 0x00, 0x00, 0x00, 0x00, 0x00, 0x08, 0xff, 0xff, 0xff, 0xff, 0xff, 0xff, 0xff, 0xff, 0xff, 0x80,
    0x00, 0x00, 0x00, 0x00, 0x00, 0x00, 0x00, 0x00, 0x00, 0x00, 0x00, 0x00, 0x00, 0x08, 0xff, 0xff, 0xff, 0xff, 0xff, 0xff, 0xff, 0xff, 0xff, 0xfb,
    0x00, 0x00, 0x00, 0x00, 0x00, 0x00, 0x00, 0x00, 0x00, 0x00, 0x00, 0x00, 0x00, 0x08, 0xff, 0xff, 0xff, 0xff, 0xff, 0xff, 0xff, 0xff, 0xff, 0xff,
    0xa0, 0x00, 0x00, 0x00, 0x00, 0x00, 0x00, 0x00, 0x00, 0x00, 0x00, 0x00, 0x00, 0x06, 0xff, 0xff, 0xff, 0xff, 0xff, 0xff, 0xff, 0xff, 0xff, 0xff,
    0xf6, 0x00, 0x00, 0x00, 0x00, 0x00, 0x00, 0x00, 0x00, 0x00, 0x00, 0x00, 0x00, 0x00, 0xaf, 0xff, 0xff, 0xff, 0xff, 0xff, 0xff, 0xff, 0xff, 0xff,
    0xfe, 0x20, 0x00, 0x00, 0x00, 0x00, 0x00, 0x00, 0x00, 0x00, 0x00, 0x00, 0x00, 0x00, 0x00, 0x01, 0x13, 0x58, 0xdf, 0xff, 0xff, 0xff, 0xff, 0xff,
    0xff, 0x90, 0x00, 0x00, 0x00, 0x00, 0x00, 0x00, 0x00, 0x00, 0x00, 0x00, 0x00, 0x00, 0x00, 0x00, 0x00, 0x00, 0x05, 0xdf, 0xff, 0xff, 0xff, 0xff,
    0xff, 0xe1, 0x00, 0x00, 0x00, 0x00, 0x00, 0x00, 0x00, 0x00, 0x00, 0x00, 0x00, 0x00, 0x00, 0x00, 0x00, 0x00, 0x00, 0x1c, 0xff, 0xff, 0xff, 0xff,
    0xff, 0xf6, 0x00, 0x00, 0x00, 0x00, 0x00, 0x00, 0x00, 0x00, 0x00, 0x00, 0x00, 0x00, 0x00, 0x00, 0x00, 0x00, 0x00, 0x01, 0xef, 0xff, 0xff, 0xff,
    0xff, 0xfa, 0x00, 0x00, 0x00, 0x00, 0x48, 0x88, 0x88, 0x88, 0x60, 0x00, 0x00, 0x00, 0x00, 0x00, 0x00, 0x00, 0x00, 0x00, 0x8f, 0xff, 0xff, 0xff,
    0xff, 0xfd, 0x00, 0x00, 0x00, 0x04, 0xff, 0xff, 0xff, 0xff, 0xf8, 0x00, 0x00, 0x00, 0x00, 0x00, 0x00, 0x00, 0x00, 0x00, 0x4f, 0xff, 0xff, 0xff,
    0xff, 0xff, 0x00, 0x00, 0x00, 0x08, 0xff, 0xff, 0xff, 0xff, 0xfe, 0x00, 0x00, 0x00, 0x00, 0x00, 0x00, 0x00, 0x00, 0x00, 0x2f, 0xff, 0xff, 0xff,
    0xff, 0xff, 0x10, 0x00, 0x00, 0x08, 0xff, 0xff, 0xff, 0xff, 0xff, 0x10, 0x00, 0x00, 0x00, 0x00, 0x00, 0x00, 0x00, 0x00, 0x0f, 0xff, 0xff, 0xff,
    0xff, 0xff, 0x20, 0x00, 0x00, 0x06, 0xff, 0xff, 0xff, 0xff, 0xff, 0x30, 0x00, 0x00, 0x00, 0x00, 0x00, 0x00, 0x00, 0x00, 0x1f, 0xff, 0xff, 0xff,
    0xff, 0xff, 0x10, 0x00, 0x00, 0x04, 0xff, 0xff, 0xff, 0xff, 0xff, 0x70, 0x00, 0x00, 0x00, 0x00, 0x00, 0x00, 0x00, 0x00, 0x2f, 0xff, 0xff, 0xff,
    0xff, 0xff, 0x00, 0x00, 0x00, 0x01, 0xff, 0xff, 0xff, 0xff, 0xff, 0xc0, 0x00, 0x00, 0x00, 0x00, 0x00, 0x00, 0x00, 0x00, 0x6f, 0xff, 0xff, 0xff,
    0xff, 0xfd, 0x00, 0x00, 0x00, 0x00, 0xcf, 0xff, 0xff, 0xff, 0xff, 0xf4, 0x00, 0x00, 0x00, 0x00, 0x00, 0x00, 0x00, 0x00, 0xbf, 0xff, 0xff, 0xff,
    0xff, 0xfa, 0x00, 0x00, 0x00, 0x00, 0x8f, 0xff, 0xff, 0xff, 0xff, 0xfc, 0x10, 0x00, 0x00, 0x00, 0x00, 0x00, 0x00, 0x04, 0xff, 0xff, 0xff, 0xff,
    0xff, 0xf6, 0x00, 0x00, 0x00, 0x00, 0x3f, 0xff, 0xff, 0xff, 0xff, 0xff, 0xb1, 0x00, 0x00, 0x00, 0x00, 0x00, 0x00, 0x3e, 0xff, 0xff, 0xff, 0xff,
    0xff, 0xf1, 0x00, 0x00, 0x00, 0x00, 0x0c, 0xff, 0xff, 0xff, 0xff, 0xff, 0xfd, 0x40, 0x00, 0x00, 0x00, 0x00, 0x06, 0xef, 0xff, 0xff, 0xff, 0xff,
    0xff, 0x90, 0x00, 0x00, 0x00, 0x00, 0x06, 0xff, 0xff, 0xff, 0xff, 0xff, 0xff, 0xfc, 0x73, 0x10, 0x01, 0x37, 0xdf, 0xff, 0xff, 0xff, 0xff, 0xff,
    0xff, 0x20, 0x00, 0x00, 0x00, 0x00, 0x00, 0xdf, 0xff, 0xff, 0xff, 0xff, 0xff, 0xff, 0xff, 0xff, 0xff, 0xff, 0xff, 0xff, 0xff, 0xff, 0xff, 0xff,
    0xf7, 0x00, 0x00, 0x00, 0x00, 0x00, 0x00, 0x4f, 0xff, 0xff, 0xff, 0xff, 0xff, 0xff, 0xff, 0xff, 0xff, 0xff, 0xff, 0xff, 0xff, 0xff, 0xff, 0xff,
    0xb0, 0x00, 0x00, 0x00, 0x00, 0x00, 0x00, 0x08, 0xff, 0xff, 0xff, 0xff, 0xff, 0xff, 0xff, 0xff, 0xff, 0xff, 0xff, 0xff, 0xff, 0xff, 0xff, 0xfc,
    0x10, 0x00, 0x00, 0x00, 0x00, 0x00, 0x00, 0x00, 0xaf, 0xff, 0xff, 0xff, 0xff, 0xff, 0xff, 0xff, 0xff, 0xff, 0xff, 0xff, 0xff, 0xff, 0xff, 0xc1,
    0x00, 0x00, 0x00, 0x00, 0x00, 0x00, 0x00, 0x00, 0x0a, 0xff, 0xff, 0xff, 0xff, 0xff, 0xff, 0xff, 0xff, 0xff, 0xff, 0xff, 0xff, 0xff, 0xf9, 0x00,
    0x00, 0x00, 0x00, 0x00, 0x00, 0x00, 0x00, 0x00, 0x00, 0x6e, 0xff, 0xff, 0xff, 0xff, 0xff, 0xff, 0xff, 0xff, 0xff, 0xff, 0xff, 0xfd, 0x40, 0x00,
    0x00, 0x00, 0x00, 0x00, 0x00, 0x00, 0x00, 0x00, 0x00, 0x02, 0xaf, 0xff, 0xff, 0xff, 0xff, 0xff, 0xff, 0xff, 0xff, 0xff, 0xfe, 0x70, 0x00, 0x00,
    0x00, 0x00, 0x00, 0x00, 0x00, 0x00, 0x00, 0x00, 0x00, 0x00, 0x02, 0x8e, 0xff, 0xff, 0xff, 0xff, 0xff, 0xff, 0xff, 0xfb, 0x50, 0x00, 0x00, 0x00,
    0x00, 0x00, 0x00, 0x00, 0x00, 0x00, 0x00, 0x00, 0x00, 0x00, 0x00, 0x00, 0x36, 0x9b, 0xde, 0xff, 0xee, 0xca, 0x85, 0x10, 0x00, 0x00, 0x00, 0x00,
    0x00, 0x00, 0x00, 0x00, 0x00, 0x00, 0x00, 0x00, 0x00, 0x00, 0x00, 0x00, 0x00, 0x00, 0x00, 0x00, 0x00, 0x00, 0x06, 0xef, 0xff, 0xff, 0xff, 0xd4,
    0x00, 0x00, 0x00, 0x00, 0x00, 0x00, 0x00, 0x00, 0x00, 0x00, 0x00, 0x00, 0x00, 0x00, 0x00, 0x00, 0x00, 0x00, 0x4f, 0xff, 0xff, 0xff, 0xff, 0xfd,
    0x00, 0x00, 0x00, 0x00, 0x00, 0x00, 0x00, 0x00, 0x00, 0x00, 0x00, 0x00, 0x00, 0x00, 0x00, 0x00, 0x00, 0x01, 0xdf, 0xff, 0xff, 0xff, 0xff, 0xff,
    0x00, 0x00, 0x00, 0x00, 0x00, 0x00, 0x00, 0x00, 0x00, 0x00, 0x00, 0x00, 0x00, 0x00, 0x00, 0x00, 0x00, 0x0a, 0xff, 0xff, 0xff, 0xff, 0xff, 0xff,
    0x00, 0x00, 0x00, 0x00, 0x00, 0x00, 0x00, 0x00, 0x00, 0x00, 0x00, 0x00, 0x00, 0x00, 0x00, 0x00, 0x00, 0x6f, 0xff, 0xff, 0xff, 0xff, 0xff, 0xff,
    0x00, 0x00, 0x00, 0x00, 0x00, 0x00, 0x00, 0x00, 0x00, 0x00, 0x00, 0x00, 0x00, 0x00, 0x00, 0x00, 0x02, 0xef, 0xff, 0xff, 0xff, 0xff, 0xff, 0xff,
    0x00, 0x00, 0x00, 0x00, 0x00, 0x00, 0x00, 0x00, 0x00, 0x00, 0x00, 0x00, 0x00, 0x00, 0x00, 0x00, 0x0c, 0xff, 0xff, 0xff, 0xff, 0xff, 0xff, 0xff,
    0x00, 0x00, 0x00, 0x00, 0x00, 0x00, 0x00, 0x00, 0x00, 0x00, 0x00, 0x00, 0x00, 0x00, 0x00, 0x00, 0x9f, 0xff, 0xff, 0xff, 0xff, 0xff, 0xff, 0xff,
    0x00, 0x00, 0x00, 0x00, 0x00, 0x00, 0x00, 0x00, 0x00, 0x00, 0x00, 0x00, 0x00, 0x00, 0x00, 0x04, 0xff, 0xff, 0xff, 0xff, 0xff, 0xff, 0xff, 0xff,
    0x00, 0x00, 0x00, 0x00, 0x00, 0x00, 0x00, 0x00, 0x00, 0x00, 0x00, 0x00, 0x00, 0x00, 0x00, 0x1e, 0xff, 0xff, 0xff, 0xff, 0xff, 0xff, 0xff, 0xff,
    0x00, 0x00, 0x00, 0x00, 0x00, 0x00, 0x00, 0x00, 0x00, 0x00, 0x00, 0x00, 0x00, 0x00, 0x00, 0xbf, 0xff, 0xff, 0xff, 0xff, 0xff, 0xff, 0xff, 0xff,
    0x00, 0x00, 0x00, 0x00, 0x00, 0x00, 0x00, 0x00, 0x00, 0x00, 0x00, 0x00, 0x00, 0x00, 0x07, 0xff, 0xff, 0xff, 0xff, 0xff, 0xff, 0xff, 0xff, 0xff,
    0x00, 0x00, 0x00, 0x00, 0x00, 0x00, 0x00, 0x00, 0x00, 0x00, 0x00, 0x00, 0x00, 0x00, 0x3f, 0xff, 0xff, 0xff, 0xff, 0xff, 0xff, 0xff, 0xff, 0xff,
    0x00, 0x00, 0x00, 0x00, 0x00, 0x00, 0x00, 0x00, 0x00, 0x00, 0x00, 0x00, 0x00, 0x01, 0xdf, 0xff, 0xff, 0xff, 0xff, 0xff, 0xff, 0xff, 0xff, 0xff,
    0x00, 0x00, 0x00, 0x00, 0x00, 0x00, 0x00, 0x00, 0x00, 0x00, 0x00, 0x00, 0x00, 0x09, 0xff, 0xff, 0xff, 0xff, 0xff, 0xff, 0xff, 0xff, 0xff, 0xff,
    0x00, 0x00, 0x00, 0x00, 0x00, 0x00, 0x00, 0x00, 0x00, 0x00, 0x00, 0x00, 0x00, 0x5f, 0xff, 0xff, 0xff, 0xff, 0xff, 0xff, 0xff, 0xff, 0xff, 0xff,
    0x00, 0x00, 0x00, 0x00, 0x00, 0x00, 0x00, 0x00, 0x00, 0x00, 0x00, 0x00, 0x02, 0xef, 0xff, 0xff, 0xff, 0xff, 0xff, 0xff, 0xff, 0xff, 0xff, 0xff,
    0x00, 0x00, 0x00, 0x00, 0x00, 0x00, 0x00, 0x00, 0x00, 0x00, 0x00, 0x00, 0x0b, 0xff, 0xff, 0xff, 0xff, 0xff, 0xff, 0xff, 0xff, 0xff, 0xff, 0xff,
    0x00, 0x00, 0x00, 0x00, 0x00, 0x00, 0x00, 0x00, 0x00, 0x00, 0x00, 0x00, 0x7f, 0xff, 0xff, 0xff, 0xff, 0xff, 0x6f, 0xff, 0xff, 0xff, 0xff, 0xff,
    0x00, 0x00, 0x00, 0x00, 0x00, 0x00, 0x00, 0x00, 0x00, 0x00, 0x00, 0x03, 0xff, 0xff, 0xff, 0xff, 0xff, 0xf8, 0x2f, 0xff, 0xff, 0xff, 0xff, 0xff,
    0x00, 0x00, 0x00, 0x00, 0x00, 0x00, 0x00, 0x00, 0x00, 0x00, 0x00, 0x1d, 0xff, 0xff, 0xff, 0xff, 0xff, 0xc0, 0x2f, 0xff, 0xff, 0xff, 0xff, 0xff,
    0x00, 0x00, 0x00, 0x00, 0x00, 0x00, 0x00, 0x00, 0x00, 0x00, 0x00, 0xaf, 0xff, 0xff, 0xff, 0xff, 0xfe, 0x20, 0x2f, 0xff, 0xff, 0xff, 0xff, 0xff,
    0x00, 0x00, 0x00, 0x00, 0x00, 0x00, 0x00, 0x00, 0x00, 0x00, 0x06, 0xff, 0xff, 0xff, 0xff, 0xff, 0xf6, 0x00, 0x2f, 0xff, 0xff, 0xff, 0xff, 0xff,
    0x00, 0x00, 0x00, 0x00, 0x00, 0x00, 0x00, 0x00, 0x00, 0x00, 0x2e, 0xff, 0xff, 0xff, 0xff, 0xff, 0xa0, 0x00, 0x2f, 0xff, 0xff, 0xff, 0xff, 0xff,
    0x00, 0x00, 0x00, 0x00, 0x00, 0x00, 0x00, 0x00, 0x00, 0x00, 0xcf, 0xff, 0xff, 0xff, 0xff, 0xfd, 0x10, 0x00, 0x2f, 0xff, 0xff, 0xff, 0xff, 0xff,
    0x00, 0x00, 0x00, 0x00, 0x00, 0x00, 0x00, 0x00, 0x00, 0x08, 0xff, 0xff, 0xff, 0xff, 0xff, 0xf4, 0x00, 0x00, 0x2f, 0xff, 0xff, 0xff, 0xff, 0xff,
    0x00, 0x00, 0x00, 0x00, 0x00, 0x00, 0x00, 0x00, 0x00, 0x4f, 0xff, 0xff, 0xff, 0xff, 0xff, 0x80, 0x00, 0x00, 0x2f, 0xff, 0xff, 0xff, 0xff, 0xff,
    0x00, 0x00, 0x00, 0x00, 0x00, 0x00, 0x00, 0x00, 0x01, 0xdf, 0xff, 0xff, 0xff, 0xff, 0xfc, 0x00, 0x00, 0x00, 0x2f, 0xff, 0xff, 0xff, 0xff, 0xff,
    0x00, 0x00, 0x00, 0x00, 0x00, 0x00, 0x00, 0x00, 0x0a, 0xff, 0xff, 0xff, 0xff, 0xff, 0xe2, 0x00, 0x00, 0x00, 0x2f, 0xff, 0xff, 0xff, 0xff, 0xff,
    0x00, 0x00, 0x00, 0x00, 0x00, 0x00, 0x00, 0x00, 0x6f, 0xff, 0xff, 0xff, 0xff, 0xff, 0x60, 0x00, 0x00, 0x00, 0x2f, 0xff, 0xff, 0xff, 0xff, 0xff,
    0x00, 0x00, 0x00, 0x00, 0x00, 0x00, 0x00, 0x02, 0xef, 0xff, 0xff, 0xff, 0xff, 0xfa, 0x00, 0x00, 0x00, 0x00, 0x2f, 0xff, 0xff, 0xff, 0xff, 0xff,
    0x00, 0x00, 0x00, 0x00, 0x00, 0x00, 0x00, 0x0c, 0xff, 0xff, 0xff, 0xff, 0xff, 0xd1, 0x00, 0x00, 0x00, 0x00, 0x2f, 0xff, 0xff, 0xff, 0xff, 0xff,
    0x00, 0x00, 0x00, 0x00, 0x00, 0x00, 0x00, 0x9f, 0xff, 0xff, 0xff, 0xff, 0xff, 0x30, 0x00, 0x00, 0x00, 0x00, 0x2f, 0xff, 0xff, 0xff, 0xff, 0xff,
    0x00, 0x00, 0x00, 0x00, 0x00, 0x00, 0x04, 0xff, 0xff, 0xff, 0xff, 0xff, 0xf7, 0x00, 0x00, 0x00, 0x00, 0x00, 0x2f, 0xff, 0xff, 0xff, 0xff, 0xff,
    0x00, 0x00, 0x00, 0x00, 0x00, 0x00, 0x1e, 0xff, 0xff, 0xff, 0xff, 0xff, 0xff, 0xff, 0xff, 0xff, 0xff, 0xff, 0xff, 0xff, 0xff, 0xff, 0xff, 0xff,
    0xff, 0xff, 0xd4, 0x00, 0x00, 0x00, 0xbf, 0xff, 0xff, 0xff, 0xff, 0xff, 0xff, 0xff, 0xff, 0xff, 0xff, 0xff, 0xff, 0xff, 0xff, 0xff, 0xff, 0xff,
    0xff, 0xff, 0xfd, 0x00, 0x00, 0x06, 0xff, 0xff, 0xff, 0xff, 0xff, 0xff, 0xff, 0xff, 0xff, 0xff, 0xff, 0xff, 0xff, 0xff, 0xff, 0xff, 0xff, 0xff,
    0xff, 0xff, 0xff, 0x00, 0x00, 0x0d, 0xff, 0xff, 0xff, 0xff, 0xff, 0xff, 0xff, 0xff, 0xff, 0xff, 0xff, 0xff, 0xff, 0xff, 0xff, 0xff, 0xff, 0xff,
    0xff, 0xff, 0xff, 0x00, 0x00, 0x0f, 0xff, 0xff, 0xff, 0xff, 0xff, 0xff, 0xff, 0xff, 0xff, 0xff, 0xff, 0xff, 0xff, 0xff, 0xff, 0xff, 0xff, 0xff,
    0xff, 0xff, 0xff, 0x00, 0x00, 0x0f, 0xff, 0xff, 0xff, 0xff, 0xff, 0xff, 0xff, 0xff, 0xff, 0xff, 0xff, 0xff, 0xff, 0xff, 0xff, 0xff, 0xff, 0xff,
    0xff, 0xff, 0xff, 0x00, 0x00, 0x0f, 0xff, 0xff, 0xff, 0xff, 0xff, 0xff, 0xff, 0xff, 0xff, 0xff, 0xff, 0xff, 0xff, 0xff, 0xff, 0xff, 0xff, 0xff,
    0xff, 0xff, 0xff, 0x00, 0x00, 0x0d, 0xff, 0xff, 0xff, 0xff, 0xff, 0xff, 0xff, 0xff, 0xff, 0xff, 0xff, 0xff, 0xff, 0xff, 0xff, 0xff, 0xff, 0xff,
    0xff, 0xff, 0xfd, 0x00, 0x00, 0x04, 0xdf, 0xff, 0xff, 0xff, 0xff, 0xff, 0xff, 0xff, 0xff, 0xff, 0xff, 0xff, 0xff, 0xff, 0xff, 0xff, 0xff, 0xff,
    0xff, 0xff, 0xd4, 0x00, 0x00, 0x00, 0x00, 0x00, 0x00, 0x00, 0x00, 0x00, 0x00, 0x00, 0x00, 0x00, 0x00, 0x00, 0x2f, 0xff, 0xff, 0xff, 0xff, 0xff,
    0x00, 0x00, 0x00, 0x00, 0x00, 0x00, 0x00, 0x00, 0x00, 0x00, 0x00, 0x00, 0x00, 0x00, 0x00, 0x00, 0x00, 0x00, 0x2f, 0xff, 0xff, 0xff, 0xff, 0xff,
    0x00, 0x00, 0x00, 0x00, 0x00, 0x00, 0x00, 0x00, 0x00, 0x00, 0x00, 0x00, 0x00, 0x00, 0x00, 0x00, 0x00, 0x00, 0x2f, 0xff, 0xff, 0xff, 0xff, 0xff,
    0x00, 0x00, 0x00, 0x00, 0x00, 0x00, 0x00, 0x00, 0x00, 0x00, 0x00, 0x00, 0x00, 0x00, 0x00, 0x00, 0x00, 0x00, 0x2f, 0xff, 0xff, 0xff, 0xff, 0xff,
    0x00, 0x00, 0x00, 0x00, 0x00, 0x00, 0x00, 0x00, 0x00, 0x00, 0x00, 0x00, 0x00, 0x00, 0x00, 0x00, 0x00, 0x00, 0x2f, 0xff, 0xff, 0xff, 0xff, 0xff,
    0x00, 0x00, 0x00, 0x00, 0x00, 0x00, 0x00, 0x00, 0x00, 0x00, 0x00, 0x00, 0x00, 0x00, 0x00, 0x00, 0x00, 0x00, 0x2f, 0xff, 0xff, 0xff, 0xff, 0xff,
    0x00, 0x00, 0x00, 0x00, 0x00, 0x00, 0x00, 0x00, 0x00, 0x00, 0x00, 0x00, 0x00, 0x00, 0x00, 0x00, 0x00, 0x00, 0x2f, 0xff, 0xff, 0xff, 0xff, 0xff,
    0x00, 0x00, 0x00, 0x00, 0x00, 0x00, 0x00, 0x00, 0x00, 0x00, 0x00, 0x00, 0x00, 0x00, 0x00, 0x00, 0x00, 0x00, 0x2f, 0xff, 0xff, 0xff, 0xff, 0xff,
    0x00, 0x00, 0x00, 0x00, 0x00, 0x00, 0x00, 0x00, 0x00, 0x00, 0x00, 0x00, 0x00, 0x00, 0x00, 0x00, 0x00, 0x00, 0x2f, 0xff, 0xff, 0xff, 0xff, 0xff,
    0x00, 0x00, 0x00, 0x00, 0x00, 0x00, 0x00, 0x00, 0x00, 0x00, 0x00, 0x00, 0x00, 0x00, 0x00, 0x00, 0x00, 0x00, 0x2f, 0xff, 0xff, 0xff, 0xff, 0xff,
    0x00, 0x00, 0x00, 0x00, 0x00, 0x00, 0x00, 0x00, 0x00, 0x00, 0x00, 0x00, 0x00, 0x00, 0x00, 0x00, 0x00, 0x00, 0x2f, 0xff, 0xff, 0xff, 0xff, 0xff,
    0x00, 0x00, 0x00, 0x00, 0x00, 0x00, 0x00, 0x00, 0x00, 0x00, 0x00, 0x00, 0x00, 0x00, 0x00, 0x00, 0x00, 0x00, 0x1f, 0xff, 0xff, 0xff, 0xff, 0xfd,
    0x00, 0x00, 0x00, 0x00, 0x00, 0x00, 0x00, 0x00, 0x00, 0x00, 0x00, 0x00, 0x00, 0x00, 0x00, 0x00, 0x00, 0x00, 0x06, 0xef, 0xff, 0xff, 0xff, 0xd4,
    0x00, 0x00, 0x00, 0x00, 0x00, 0x00, 0x00, 0x00, 0x01, 0xbe, 0xff, 0xff, 0xff, 0xff, 0xff, 0xff, 0xff, 0xff, 0xff, 0xff, 0xff, 0xff, 0xff, 0xff,
    0xfd, 0x40, 0x00, 0x00, 0x00, 0x00, 0x00, 0x00, 0x08, 0xff, 0xff, 0xff, 0xff, 0xff, 0xff, 0xff, 0xff, 0xff, 0xff, 0xff, 0xff, 0xff, 0xff, 0xff,
    0xff, 0xd0, 0x00, 0x00, 0x00, 0x00, 0x00, 0x00, 0x0c, 0xff, 0xff, 0xff, 0xff, 0xff, 0xff, 0xff, 0xff, 0xff, 0xff, 0xff, 0xff, 0xff, 0xff, 0xff,
    0xff, 0xf0, 0x00, 0x00, 0x00, 0x00, 0x00, 0x00, 0x0d, 0xff, 0xff, 0xff, 0xff, 0xff, 0xff, 0xff, 0xff, 0xff, 0xff, 0xff, 0xff, 0xff, 0xff, 0xff,
    0xff, 0xf0, 0x00, 0x00, 0x00, 0x00, 0x00, 0x00, 0x0f, 0xff, 0xff, 0xff, 0xff, 0xff, 0xff, 0xff, 0xff, 0xff, 0xff, 0xff, 0xff, 0xff, 0xff, 0xff,
    0xff, 0xf0, 0x00, 0x00, 0x00, 0x00, 0x00, 0x00, 0x2f, 0xff, 0xff, 0xff, 0xff, 0xff, 0xff, 0xff, 0xff, 0xff, 0xff, 0xff, 0xff, 0xff, 0xff, 0xff,
    0xff, 0xf0, 0x00, 0x00, 0x00, 0x00, 0x00, 0x00, 0x4f, 0xff, 0xff, 0xff, 0xff, 0xff, 0xff, 0xff, 0xff, 0xff, 0xff, 0xff, 0xff, 0xff, 0xff, 0xff,
    0xff, 0xf0, 0x00, 0x00, 0x00, 0x00, 0x00, 0x00, 0x6f, 0xff, 0xff, 0xff, 0xff, 0xff, 0xff, 0xff, 0xff, 0xff, 0xff, 0xff, 0xff, 0xff, 0xff, 0xff,
    0xff, 0xd0, 0x00, 0x00, 0x00, 0x00, 0x00, 0x00, 0x7f, 0xff, 0xff, 0xff, 0xff, 0xff, 0xff, 0xff, 0xff, 0xff, 0xff, 0xff, 0xff, 0xff, 0xff, 0xff,
    0xfd, 0x40, 0x00, 0x00, 0x00, 0x00, 0x00, 0x00, 0x9f, 0xff, 0xff, 0xff, 0xff, 0x50, 0x00, 0x00, 0x00, 0x00, 0x00, 0x00, 0x00, 0x00, 0x00, 0x00,
    0x00, 0x00, 0x00, 0x00, 0x00, 0x00, 0x00, 0x00, 0xbf, 0xff, 0xff, 0xff, 0xff, 0x30, 0x00, 0x00, 0x00, 0x00, 0x00, 0x00, 0x00, 0x00, 0x00, 0x00,
    0x00, 0x00, 0x00, 0x00, 0x00, 0x00, 0x00, 0x00, 0xdf, 0xff, 0xff, 0xff, 0xff, 0x10, 0x00, 0x00, 0x00, 0x00, 0x00, 0x00, 0x00, 0x00, 0x00, 0x00,
    0x00, 0x00, 0x00, 0x00, 0x00, 0x00, 0x00, 0x00, 0xff, 0xff, 0xff, 0xff, 0xfe, 0x00, 0x00, 0x00, 0x00, 0x00, 0x00, 0x00, 0x00, 0x00, 0x00, 0x00,
    0x00, 0x00, 0x00, 0x00, 0x00, 0x00, 0x00, 0x01, 0xff, 0xff, 0xff, 0xff, 0xfc, 0x00, 0x00, 0x00, 0x00, 0x00, 0x00, 0x00, 0x00, 0x00, 0x00, 0x00,
    0x00, 0x00, 0x00, 0x00, 0x00, 0x00, 0x00, 0x03, 0xff, 0xff, 0xff, 0xff, 0xfa, 0x00, 0x00, 0x00, 0x00, 0x00, 0x00, 0x00, 0x00, 0x00, 0x00, 0x00,
    0x00, 0x00, 0x00, 0x00, 0x00, 0x00, 0x00, 0x05, 0xff, 0xff, 0xff, 0xff, 0xf8, 0x00, 0x00, 0x00, 0x00, 0x00, 0x00, 0x00, 0x00, 0x00, 0x00, 0x00,
    0x00, 0x00, 0x00, 0x00, 0x00, 0x00, 0x00, 0x07, 0xff, 0xff, 0xff, 0xff, 0xf6, 0x00, 0x00, 0x00, 0x00, 0x00, 0x00, 0x00, 0x00, 0x00, 0x00, 0x00,
    0x00, 0x00, 0x00, 0x00, 0x00, 0x00, 0x00, 0x09, 0xff, 0xff, 0xff, 0xff, 0xf5, 0x00, 0x00, 0x00, 0x00, 0x00, 0x00, 0x00, 0x00, 0x00, 0x00, 0x00,
    0x00, 0x00, 0x00, 0x00, 0x00, 0x00, 0x00, 0x0a, 0xff, 0xff, 0xff, 0xff, 0xf3, 0x00, 0x48, 0xbd, 0xef, 0xfe, 0xdb, 0x95, 0x20, 0x00, 0x00, 0x00,
    0x00, 0x00, 0x00, 0x00, 0x00, 0x00, 0x00, 0x0c, 0xff, 0xff, 0xff, 0xff, 0xf2, 0x9e, 0xff, 0xff, 0xff, 0xff, 0xff, 0xff, 0xfc, 0x61, 0x00, 0x00,
    0x00, 0x00, 0x00, 0x00, 0x00, 0x00, 0x00, 0x0e, 0xff, 0xff, 0xff, 0xff, 0xff, 0xff, 0xff, 0xff, 0xff, 0xff, 0xff, 0xff, 0xff, 0xfe, 0x60, 0x00,
    0x00, 0x00, 0x00, 0x00, 0x00, 0x00, 0x00, 0x1f, 0xff, 0xff, 0xff, 0xff, 0xff, 0xff, 0xff, 0xff, 0xff, 0xff, 0xff, 0xff, 0xff, 0xff, 0xfc, 0x20,
    0x00, 0x00, 0x00, 0x00, 0x00, 0x00, 0x00, 0x3f, 0xff, 0xff, 0xff, 0xff, 0xff, 0xff, 0xff, 0xff, 0xff, 0xff, 0xff, 0xff, 0xff, 0xff, 0xff, 0xe3,
    0x00, 0x00, 0x00, 0x00, 0x00, 0x00, 0x00, 0x4f, 0xff, 0xff, 0xff, 0xff, 0xff, 0xff, 0xff, 0xff, 0xff, 0xff, 0xff, 0xff, 0xff, 0xff, 0xff, 0xfe,
    0x30, 0x00, 0x00, 0x00, 0x00, 0x00, 0x00, 0x6f, 0xff, 0xff, 0xff, 0xff, 0xff, 0xff, 0xff, 0xff, 0xff, 0xff, 0xff, 0xff, 0xff, 0xff, 0xff, 0xff,
    0xe2, 0x00, 0x00, 0x00, 0x00, 0x00, 0x00, 0x8f, 0xff, 0xff, 0xff, 0xff, 0xff, 0xff, 0xff, 0xff, 0xff, 0xff, 0xff, 0xff, 0xff, 0xff, 0xff, 0xff,
    0xfb, 0x00, 0x00, 0x00, 0x00, 0x00, 0x00, 0xaf, 0xff, 0xff, 0xff, 0xff, 0xff, 0xff, 0xff, 0xff, 0xff, 0xff, 0xff, 0xff, 0xff, 0xff, 0xff, 0xff,
    0xff, 0x60, 0x00, 0x00, 0x00, 0x00, 0x00, 0xcf, 0xff, 0xff, 0xff, 0xff, 0xff, 0xff, 0xd8, 0x41, 0x00, 0x25, 0x9f, 0xff, 0xff, 0xff, 0xff, 0xff,
    0xff, 0xe1, 0x00, 0x00, 0x00, 0x00, 0x00, 0xdf, 0xff, 0xff, 0xff, 0xff, 0xff, 0xf8, 0x10, 0x00, 0x00, 0x00, 0x02, 0xbf, 0xff, 0xff, 0xff, 0xff,
    0xff, 0xf6, 0x00, 0x00, 0x00, 0x00, 0x00, 0xff, 0xff, 0xff, 0xff, 0xff, 0xff, 0x50, 0x00, 0x00, 0x00, 0x00, 0x00, 0x0a, 0xff, 0xff, 0xff, 0xff,
    0xff, 0xfc, 0x00, 0x00, 0x00, 0x00, 0x02, 0xff, 0xff, 0xff, 0xff, 0xff, 0xf6, 0x00, 0x00, 0x00, 0x00, 0x00, 0x00, 0x01, 0xdf, 0xff, 0xff, 0xff,
    0xff, 0xff, 0x20, 0x00, 0x00, 0x00, 0x04, 0xff, 0xff, 0xff, 0xff, 0xff, 0xa0, 0x00, 0x00, 0x00, 0x00, 0x00, 0x00, 0x00, 0x5f, 0xff, 0xff, 0xff,
    0xff, 0xff, 0x70, 0x00, 0x00, 0x00, 0x04, 0xff, 0xff, 0xff, 0xff, 0xff, 0x20, 0x00, 0x00, 0x00, 0x00, 0x00, 0x00, 0x00, 0x0d, 0xff, 0xff, 0xff,
    0xff, 0xff, 0xa0, 0x00, 0x00, 0x00, 0x01, 0xdf, 0xff, 0xff, 0xff, 0xf6, 0x00, 0x00, 0x00, 0x00, 0x00, 0x00, 0x00, 0x00, 0x08, 0xff, 0xff, 0xff,
    0xff, 0xff, 0xd0, 0x00, 0x00, 0x00, 0x00, 0x14, 0x55, 0x55, 0x55, 0x30, 0x00, 0x00, 0x00, 0x00, 0x00, 0x00, 0x00, 0x00, 0x05, 0xff, 0xff, 0xff,
    0xff, 0xff, 0xf0, 0x00, 0x00, 0x00, 0x00, 0x00, 0x00, 0x00, 0x00, 0x00, 0x00, 0x00, 0x00, 0x00, 0x00, 0x00, 0x00, 0x00, 0x02, 0xff, 0xff, 0xff,
    0xff, 0xff, 0xf1, 0x00, 0x00, 0x00, 0x00, 0x00, 0x00, 0x00, 0x00, 0x00, 0x00, 0x00, 0x00, 0x00, 0x00, 0x00, 0x00, 0x00, 0x01, 0xff, 0xff, 0xff,
    0xff, 0xff, 0xf2, 0x00, 0x00, 0x00, 0x01, 0x67, 0x77, 0x77, 0x75, 0x10, 0x00, 0x00, 0x00, 0x00, 0x00, 0x00, 0x00, 0x00, 0x00, 0xff, 0xff, 0xff,
    0xff, 0xff, 0xf2, 0x00, 0x00, 0x00, 0x0c, 0xff, 0xff, 0xff, 0xff, 0xd1, 0x00, 0x00, 0x00, 0x00, 0x00, 0x00, 0x00, 0x00, 0x01, 0xff, 0xff, 0xff,
    0xff, 0xff, 0xf1, 0x00, 0x00, 0x00, 0x2f, 0xff, 0xff, 0xff, 0xff, 0xf6, 0x00, 0x00, 0x00, 0x00, 0x00, 0x00, 0x00, 0x00, 0x02, 0xff, 0xff, 0xff,
    0xff, 0xff, 0xf0, 0x00, 0x00, 0x00, 0x1f, 0xff, 0xff, 0xff, 0xff, 0xf9, 0x00, 0x00, 0x00, 0x00, 0x00, 0x00, 0x00, 0x00, 0x04, 0xff, 0xff, 0xff,
    0xff, 0xff, 0xd0, 0x00, 0x00, 0x00, 0x0e, 0xff, 0xff, 0xff, 0xff, 0xfd, 0x00, 0x00, 0x00, 0x00, 0x00, 0x00, 0x00, 0x00, 0x08, 0xff, 0xff, 0xff,
    0xff, 0xff, 0xb0, 0x00, 0x00, 0x00, 0x0c, 0xff, 0xff, 0xff, 0xff, 0xff, 0x30, 0x00, 0x00, 0x00, 0x00, 0x00, 0x00, 0x00, 0x0c, 0xff, 0xff, 0xff,
    0xff, 0xff, 0x80, 0x00, 0x00, 0x00, 0x09, 0xff, 0xff, 0xff, 0xff, 0xff, 0xa0, 0x00, 0x00, 0x00, 0x00, 0x00, 0x00, 0x00, 0x4f, 0xff, 0xff, 0xff,
    0xff, 0xff, 0x40, 0x00, 0x00, 0x00, 0x05, 0xff, 0xff, 0xff, 0xff, 0xff, 0xf3, 0x00, 0x00, 0x00, 0x00, 0x00, 0x00, 0x01, 0xdf, 0xff, 0xff, 0xff,
    0xff, 0xfd, 0x00, 0x00, 0x00, 0x00, 0x01, 0xff, 0xff, 0xff, 0xff, 0xff, 0xfd, 0x20, 0x00, 0x00, 0x00, 0x00, 0x00, 0x1b, 0xff, 0xff, 0xff, 0xff,
    0xff, 0xf8, 0x00, 0x00, 0x00, 0x00, 0x00, 0xbf, 0xff, 0xff, 0xff, 0xff, 0xff, 0xd4, 0x00, 0x00, 0x00, 0x00, 0x03, 0xcf, 0xff, 0xff, 0xff, 0xff,
    0xff, 0xe1, 0x00, 0x00, 0x00, 0x00, 0x00, 0x4f, 0xff, 0xff, 0xff, 0xff, 0xff, 0xff, 0xb5, 0x20, 0x01, 0x25, 0xaf, 0xff, 0xff, 0xff, 0xff, 0xff,
    0xff, 0x70, 0x00, 0x00, 0x00, 0x00, 0x00, 0x0c, 0xff, 0xff, 0xff, 0xff, 0xff, 0xff, 0xff, 0xff, 0xff, 0xff, 0xff, 0xff, 0xff, 0xff, 0xff, 0xff,
    0xfc, 0x00, 0x00, 0x00, 0x00, 0x00, 0x00, 0x03, 0xff, 0xff, 0xff, 0xff, 0xff, 0xff, 0xff, 0xff, 0xff, 0xff, 0xff, 0xff, 0xff, 0xff, 0xff, 0xff,
    0xe2, 0x00, 0x00, 0x00, 0x00, 0x00, 0x00, 0x00, 0x7f, 0xff, 0xff, 0xff, 0xff, 0xff, 0xff, 0xff, 0xff, 0xff, 0xff, 0xff, 0xff, 0xff, 0xff, 0xfe,
    0x40, 0x00, 0x00, 0x00, 0x00, 0x00, 0x00, 0x00, 0x0a, 0xff, 0xff, 0xff, 0xff, 0xff, 0xff, 0xff, 0xff, 0xff, 0xff, 0xff, 0xff, 0xff, 0xff, 0xe3,
    0x00, 0x00, 0x00, 0x00, 0x00, 0x00, 0x00, 0x00, 0x00, 0x9f, 0xff, 0xff, 0xff, 0xff, 0xff, 0xff, 0xff, 0xff, 0xff, 0xff, 0xff, 0xff, 0xfc, 0x20,
    0x00, 0x00, 0x00, 0x00, 0x00, 0x00, 0x00, 0x00, 0x00, 0x06, 0xff, 0xff, 0xff, 0xff, 0xff, 0xff, 0xff, 0xff, 0xff, 0xff, 0xff, 0xff, 0x80, 0x00,
    0x00, 0x00, 0x00, 0x00, 0x00, 0x00, 0x00, 0x00, 0x00, 0x00, 0x2a, 0xff, 0xff, 0xff, 0xff, 0xff, 0xff, 0xff, 0xff, 0xff, 0xff, 0xb3, 0x00, 0x00,
    0x00, 0x00, 0x00, 0x00, 0x00, 0x00, 0x00, 0x00, 0x00, 0x00, 0x00, 0x28, 0xef, 0xff, 0xff, 0xff, 0xff, 0xff, 0xff, 0xfe, 0x93, 0x00, 0x00, 0x00,
    0x00, 0x00, 0x00, 0x00, 0x00, 0x00, 0x00, 0x00, 0x00, 0x00, 0x00, 0x00, 0x02, 0x59, 0xbc, 0xde, 0xfe, 0xec, 0xa7, 0x40, 0x00, 0x00, 0x00, 0x00,
    0x00, 0x00, 0x00, 0x00, 0x00, 0x00, 0x00, 0x00, 0x00, 0x00, 0x00, 0x00, 0x00, 0x02, 0x7a, 0xce, 0xef, 0xed, 0xc9, 0x61, 0x00, 0x00, 0x00, 0x00,
    0x00, 0x00, 0x00, 0x00, 0x00, 0x00, 0x00, 0x00, 0x00, 0x00, 0x00, 0x00, 0x17, 0xdf, 0xff, 0xff, 0xff, 0xff, 0xff, 0xff, 0xb5, 0x00, 0x00, 0x00,
    0x00, 0x00, 0x00, 0x00, 0x00, 0x00, 0x00, 0x00, 0x00, 0x00, 0x00, 0x07, 0xef, 0xff, 0xff, 0xff, 0xff, 0xff, 0xff, 0xff, 0xff, 0xd4, 0x00, 0x00,
    0x00, 0x00, 0x00, 0x00, 0x00, 0x00, 0x00, 0x00, 0x00, 0x00, 0x03, 0xdf, 0xff, 0xff, 0xff, 0xff, 0xff, 0xff, 0xff, 0xff, 0xff, 0xff, 0x91, 0x00,
    0x00, 0x00, 0x00, 0x00, 0x00, 0x00, 0x00, 0x00, 0x00, 0x00, 0x6f, 0xff, 0xff, 0xff, 0xff, 0xff, 0xff, 0xff, 0xff, 0xff, 0xff, 0xff, 0xfc, 0x10,
    0x00, 0x00, 0x00, 0x00, 0x00, 0x00, 0x00, 0x00, 0x00, 0x07, 0xff, 0xff, 0xff, 0xff, 0xff, 0xff, 0xff, 0xff, 0xff, 0xff, 0xff, 0xff, 0xff, 0xd1,
    0x00, 0x00, 0x00, 0x00, 0x00, 0x00, 0x00, 0x00, 0x00, 0x7f, 0xff, 0xff, 0xff, 0xff, 0xff, 0xff, 0xff, 0xff, 0xff, 0xff, 0xff, 0xff, 0xff, 0xfc,
    0x00, 0x00, 0x00, 0x00, 0x00, 0x00, 0x00, 0x00, 0x05, 0xff, 0xff, 0xff, 0xff, 0xff, 0xff, 0xff, 0xff, 0xff, 0xff, 0xff, 0xff, 0xff, 0xff, 0xff,
    0x80, 0x00, 0x00, 0x00, 0x00, 0x00, 0x00, 0x00, 0x2f, 0xff, 0xff, 0xff, 0xff, 0xff, 0xff, 0xff, 0xff, 0xff, 0xff, 0xff, 0xff, 0xff, 0xff, 0xff,
    0xf2, 0x00, 0x00, 0x00, 0x00, 0x00, 0x00, 0x00, 0xcf, 0xff, 0xff, 0xff, 0xff, 0xff, 0xc6, 0x20, 0x01, 0x37, 0xdf, 0xff, 0xff, 0xff, 0xff, 0xff,
    0xfa, 0x00, 0x00, 0x00, 0x00, 0x00, 0x00, 0x07, 0xff, 0xff, 0xff, 0xff, 0xff, 0xf7, 0x00, 0x00, 0x00, 0x00, 0x19, 0xff, 0xff, 0xff, 0xff, 0xff,
    0xff, 0x20, 0x00, 0x00, 0x00, 0x00, 0x00, 0x1e, 0xff, 0xff, 0xff, 0xff, 0xff, 0x40, 0x00, 0x00, 0x00, 0x00, 0x00, 0x9f, 0xff, 0xff, 0xff, 0xff,
    0xff, 0x70, 0x00, 0x00, 0x00, 0x00, 0x00, 0x8f, 0xff, 0xff, 0xff, 0xff, 0xf6, 0x00, 0x00, 0x00, 0x00, 0x00, 0x00, 0x1d, 0xff, 0xff, 0xff, 0xff,
    0xff, 0xc0, 0x00, 0x00, 0x00, 0x00, 0x00, 0xef, 0xff, 0xff, 0xff, 0xff, 0xc0, 0x00, 0x00, 0x00, 0x00, 0x00, 0x00, 0x06, 0xff, 0xff, 0xff, 0xff,
    0xff, 0xf1, 0x00, 0x00, 0x00, 0x00, 0x06, 0xff, 0xff, 0xff, 0xff, 0xff, 0x40, 0x00, 0x00, 0x00, 0x00, 0x00, 0x00, 0x01, 0xff, 0xff, 0xff, 0xff,
    0xff, 0xf3, 0x00, 0x00, 0x00, 0x00, 0x0b, 0xff, 0xff, 0xff, 0xff, 0xfd, 0x00, 0x00, 0x00, 0x00, 0x00, 0x00, 0x00, 0x00, 0xbf, 0xff, 0xff, 0xff,
    0xff, 0xf5, 0x00, 0x00, 0x00, 0x00, 0x1f, 0xff, 0xff, 0xff, 0xff, 0xf8, 0x00, 0x00, 0x00, 0x00, 0x00, 0x00, 0x00, 0x00, 0x7f, 0xff, 0xff, 0xff,
    0xff, 0xf7, 0x00, 0x00, 0x00, 0x00, 0x5f, 0xff, 0xff, 0xff, 0xff, 0xf4, 0x00, 0x00, 0x00, 0x00, 0x00, 0x00, 0x00, 0x00, 0x2f, 0xff, 0xff, 0xff,
    0xff, 0xf4, 0x00, 0x00, 0x00, 0x00, 0x9f, 0xff, 0xff, 0xff, 0xff, 0xf0, 0x00, 0x04, 0x7b, 0xde, 0xff, 0xec, 0xa8, 0x40, 0x05, 0xbc, 0xcc, 0xcc,
    0xcc, 0x70, 0x00, 0x00, 0x00, 0x00, 0xdf, 0xff, 0xff, 0xff, 0xff, 0xc0, 0x17, 0xef, 0xff, 0xff, 0xff, 0xff, 0xff, 0xfe, 0xa3, 0x00, 0x00, 0x00,
    0x00, 0x00, 0x00, 0x00, 0x00, 0x01, 0xff, 0xff, 0xff, 0xff, 0xff, 0xa6, 0xef, 0xff, 0xff, 0xff, 0xff, 0xff, 0xff, 0xff, 0xff, 0xb3, 0x00, 0x00,
    0x00, 0x00, 0x00, 0x00, 0x00, 0x03, 0xff, 0xff, 0xff, 0xff, 0xff, 0xff, 0xff, 0xff, 0xff, 0xff, 0xff, 0xff, 0xff, 0xff, 0xff, 0xff, 0x70, 0x00,
    0x00, 0x00, 0x00, 0x00, 0x00, 0x06, 0xff, 0xff, 0xff, 0xff, 0xff, 0xff, 0xff, 0xff, 0xff, 0xff, 0xff, 0xff, 0xff, 0xff, 0xff, 0xff, 0xfb, 0x10,
    0x00, 0x00, 0x00, 0x00, 0x00, 0x08, 0xff, 0xff, 0xff, 0xff, 0xff, 0xff, 0xff, 0xff, 0xff, 0xff, 0xff, 0xff, 0xff, 0xff, 0xff, 0xff, 0xff, 0xb1,
    0x00, 0x00, 0x00, 0x00, 0x00, 0x0a, 0xff, 0xff, 0xff, 0xff, 0xff, 0xff, 0xff, 0xff, 0xff, 0xff, 0xff, 0xff, 0xff, 0xff, 0xff, 0xff, 0xff, 0xfa,
    0x00, 0x00, 0x00, 0x00, 0x00, 0x0b, 0xff, 0xff, 0xff, 0xff, 0xff, 0xff, 0xff, 0xff, 0xff, 0xff, 0xff, 0xff, 0xff, 0xff, 0xff, 0xff, 0xff, 0xff,
    0x70, 0x00, 0x00, 0x00, 0x00, 0x0c, 0xff, 0xff, 0xff, 0xff, 0xff, 0xff, 0xff, 0xff, 0xff, 0xff, 0xff, 0xff, 0xff, 0xff, 0xff, 0xff, 0xff, 0xff,
    0xf2, 0x00, 0x00, 0x00, 0x00, 0x0d, 0xff, 0xff, 0xff, 0xff, 0xff, 0xff, 0xff, 0xfc, 0x72, 0x10, 0x12, 0x6b, 0xff, 0xff, 0xff, 0xff, 0xff, 0xff,
    0xfa, 0x00, 0x00, 0x00, 0x00, 0x0e, 0xff, 0xff, 0xff, 0xff, 0xff, 0xff, 0xfe, 0x60, 0x00, 0x00, 0x00, 0x00, 0x4d, 0xff, 0xff, 0xff, 0xff, 0xff,
    0xff, 0x30, 0x00, 0x00, 0x00, 0x0e, 0xff, 0xff, 0xff, 0xff, 0xff, 0xff, 0xe3, 0x00, 0x00, 0x00, 0x00, 0x00, 0x02, 0xdf, 0xff, 0xff, 0xff, 0xff,
    0xff, 0x90, 0x00, 0x00, 0x00, 0x0f, 0xff, 0xff, 0xff, 0xff, 0xff, 0xff, 0x40, 0x00, 0x00, 0x00, 0x00, 0x00, 0x00, 0x3f, 0xff, 0xff, 0xff, 0xff,
    0xff, 0xe0, 0x00, 0x00, 0x00, 0x0f, 0xff, 0xff, 0xff, 0xff, 0xff, 0xf9, 0x00, 0x00, 0x00, 0x00, 0x00, 0x00, 0x00, 0x09, 0xff, 0xff, 0xff, 0xff,
    0xff, 0xf4, 0x00, 0x00, 0x00, 0x0f, 0xff, 0xff, 0xff, 0xff, 0xff, 0xf2, 0x00, 0x00, 0x00, 0x00, 0x00, 0x00, 0x00, 0x03, 0xff, 0xff, 0xff, 0xff,
    0xff, 0xf7, 0x00, 0x00, 0x00, 0x0e, 0xff, 0xff, 0xff, 0xff, 0xff, 0xc0, 0x00, 0x00, 0x00, 0x00, 0x00, 0x00, 0x00, 0x00, 0xcf, 0xff, 0xff, 0xff,
    0xff, 0xfa, 0x00, 0x00, 0x00, 0x0e, 0xff, 0xff, 0xff, 0xff, 0xff, 0x80, 0x00, 0x00, 0x00, 0x00, 0x00, 0x00, 0x00, 0x00, 0x9f, 0xff, 0xff, 0xff,
    0xff, 0xfc, 0x00, 0x00, 0x00, 0x0d, 0xff, 0xff, 0xff, 0xff, 0xff, 0x50, 0x00, 0x00, 0x00, 0x00, 0x00, 0x00, 0x00, 0x00, 0x5f, 0xff, 0xff, 0xff,
    0xff, 0xfe, 0x00, 0x00, 0x00, 0x0c, 0xff, 0xff, 0xff, 0xff, 0xff, 0x40, 0x00, 0x00, 0x00, 0x00, 0x00, 0x00, 0x00, 0x00, 0x4f, 0xff, 0xff, 0xff,
    0xff, 0xfe, 0x00, 0x00, 0x00, 0x0a, 0xff, 0xff, 0xff, 0xff, 0xff, 0x30, 0x00, 0x00, 0x00, 0x00, 0x00, 0x00, 0x00, 0x00, 0x3f, 0xff, 0xff, 0xff,
    0xff, 0xff, 0x00, 0x00, 0x00, 0x08, 0xff, 0xff, 0xff, 0xff, 0xff, 0x20, 0x00, 0x00, 0x00, 0x00, 0x00, 0x00, 0x00, 0x00, 0x2f, 0xff, 0xff, 0xff,
    0xff, 0xfe, 0x00, 0x00, 0x00, 0x06, 0xff, 0xff, 0xff, 0xff, 0xff, 0x40, 0x00, 0x00, 0x00, 0x00, 0x00, 0x00, 0x00, 0x00, 0x3f, 0xff, 0xff, 0xff,
    0xff, 0xfe, 0x00, 0x00, 0x00, 0x04, 0xff, 0xff, 0xff, 0xff, 0xff, 0x50, 0x00, 0x00, 0x00, 0x00, 0x00, 0x00, 0x00, 0x00, 0x5f, 0xff, 0xff, 0xff,
    0xff, 0xfc, 0x00, 0x00, 0x00, 0x01, 0xff, 0xff, 0xff, 0xff, 0xff, 0x80, 0x00, 0x00, 0x00, 0x00, 0x00, 0x00, 0x00, 0x00, 0x8f, 0xff, 0xff, 0xff,
    0xff, 0xfa, 0x00, 0x00, 0x00, 0x00, 0xcf, 0xff, 0xff, 0xff, 0xff, 0xc0, 0x00, 0x00, 0x00, 0x00, 0x00, 0x00, 0x00, 0x00, 0xcf, 0xff, 0xff, 0xff,
    0xff, 0xf7, 0x00, 0x00, 0x00, 0x00, 0x8f, 0xff, 0xff, 0xff, 0xff, 0xf3, 0x00, 0x00, 0x00, 0x00, 0x00, 0x00, 0x00, 0x03, 0xff, 0xff, 0xff, 0xff,
    0xff, 0xf4, 0x00, 0x00, 0x00, 0x00, 0x4f, 0xff, 0xff, 0xff, 0xff, 0xfa, 0x00, 0x00, 0x00, 0x00, 0x00, 0x00, 0x00, 0x0a, 0xff, 0xff, 0xff, 0xff,
    0xff, 0xe0, 0x00, 0x00, 0x00, 0x00, 0x0e, 0xff, 0xff, 0xff, 0xff, 0xff, 0x60, 0x00, 0x00, 0x00, 0x00, 0x00, 0x00, 0x5f, 0xff, 0xff, 0xff, 0xff,
    0xff, 0x90, 0x00, 0x00, 0x00, 0x00, 0x08, 0xff, 0xff, 0xff, 0xff, 0xff, 0xe4, 0x00, 0x00, 0x00, 0x00, 0x00, 0x04, 0xef, 0xff, 0xff, 0xff, 0xff,
    0xff, 0x30, 0x00, 0x00, 0x00, 0x00, 0x02, 0xff, 0xff, 0xff, 0xff, 0xff, 0xfe, 0x60, 0x00, 0x00, 0x00, 0x00, 0x7f, 0xff, 0xff, 0xff, 0xff, 0xff,
    0xfb, 0x00, 0x00, 0x00, 0x00, 0x00, 0x00, 0x9f, 0xff, 0xff, 0xff, 0xff, 0xff, 0xfc, 0x62, 0x10, 0x13, 0x7d, 0xff, 0xff, 0xff, 0xff, 0xff, 0xff,
    0xf2, 0x00, 0x00, 0x00, 0x00, 0x00, 0x00, 0x1e, 0xff, 0xff, 0xff, 0xff, 0xff, 0xff, 0xff, 0xff, 0xff, 0xff, 0xff, 0xff, 0xff, 0xff, 0xff, 0xff,
    0x70, 0x00, 0x00, 0x00, 0x00, 0x00, 0x00, 0x05, 0xff, 0xff, 0xff, 0xff, 0xff, 0xff, 0xff, 0xff, 0xff, 0xff, 0xff, 0xff, 0xff, 0xff, 0xff, 0xfb,
    0x00, 0x00, 0x00, 0x00, 0x00, 0x00, 0x00, 0x00, 0x9f, 0xff, 0xff, 0xff, 0xff, 0xff, 0xff, 0xff, 0xff, 0xff, 0xff, 0xff, 0xff, 0xff, 0xff, 0xc1,
    0x00, 0x00, 0x00, 0x00, 0x00, 0x00, 0x00, 0x00, 0x0b, 0xff, 0xff, 0xff, 0xff, 0xff, 0xff, 0xff, 0xff, 0xff, 0xff, 0xff, 0xff, 0xff, 0xfc, 0x10,
    0x00, 0x00, 0x00, 0x00, 0x00, 0x00, 0x00, 0x00, 0x00, 0xaf, 0xff, 0xff, 0xff, 0xff, 0xff, 0xff, 0xff, 0xff, 0xff, 0xff, 0xff, 0xff, 0xb1, 0x00,
    0x00, 0x00, 0x00, 0x00, 0x00, 0x00, 0x00, 0x00, 0x00, 0x07, 0xff, 0xff, 0xff, 0xff, 0xff, 0xff, 0xff, 0xff, 0xff, 0xff, 0xff, 0xf7, 0x00, 0x00,
    0x00, 0x00, 0x00, 0x00, 0x00, 0x00, 0x00, 0x00, 0x00, 0x00, 0x3b, 0xff, 0xff, 0xff, 0xff, 0xff, 0xff, 0xff, 0xff, 0xff, 0xfa, 0x20, 0x00, 0x00,
    0x00, 0x00, 0x00, 0x00, 0x00, 0x00, 0x00, 0x00, 0x00, 0x00, 0x00, 0x4a, 0xef, 0xff, 0xff, 0xff, 0xff, 0xff, 0xff, 0xe9, 0x20, 0x00, 0x00, 0x00,
    0x00, 0x00, 0x00, 0x00, 0x00, 0x00, 0x00, 0x00, 0x00, 0x00, 0x00, 0x00, 0x14, 0x8a, 0xce, 0xef, 0xee, 0xca, 0x74, 0x00, 0x00, 0x00, 0x00, 0x00,
    0x00, 0x00, 0x00, 0x00, 0x00, 0x00, 0x4d, 0xff, 0xff, 0xff, 0xff, 0xff, 0xff, 0xff, 0xff, 0xff, 0xff, 0xff, 0xff, 0xff, 0xff, 0xff, 0xff, 0xff,
    0xff, 0xfd, 0x40, 0x00, 0x00, 0x00, 0xdf, 0xff, 0xff, 0xff, 0xff, 0xff, 0xff, 0xff, 0xff, 0xff, 0xff, 0xff, 0xff, 0xff, 0xff, 0xff, 0xff, 0xff,
    0xff, 0xff, 0xd0, 0x00, 0x00, 0x00, 0xff, 0xff, 0xff, 0xff, 0xff, 0xff, 0xff, 0xff, 0xff, 0xff, 0xff, 0xff, 0xff, 0xff, 0xff, 0xff, 0xff, 0xff,
    0xff, 0xff, 0xf0, 0x00, 0x00, 0x00, 0xff, 0xff, 0xff, 0xff, 0xff, 0xff, 0xff, 0xff, 0xff, 0xff, 0xff, 0xff, 0xff, 0xff, 0xff, 0xff, 0xff, 0xff,
    0xff, 0xff, 0xf0, 0x00, 0x00, 0x00, 0xff, 0xff, 0xff, 0xff, 0xff, 0xff, 0xff, 0xff, 0xff, 0xff, 0xff, 0xff, 0xff, 0xff, 0xff, 0xff, 0xff, 0xff,
    0xff, 0xff, 0xf0, 0x00, 0x00, 0x00, 0xff, 0xff, 0xff, 0xff, 0xff, 0xff, 0xff, 0xff, 0xff, 0xff, 0xff, 0xff, 0xff, 0xff, 0xff, 0xff, 0xff, 0xff,
    0xff, 0xff, 0xd0, 0x00, 0x00, 0x00, 0xff, 0xff, 0xff, 0xff, 0xff, 0xff, 0xff, 0xff, 0xff, 0xff, 0xff, 0xff, 0xff, 0xff, 0xff, 0xff, 0xff, 0xff,
    0xff, 0xff, 0x60, 0x00, 0x00, 0x00, 0xdf, 0xff, 0xff, 0xff, 0xff, 0xff, 0xff, 0xff, 0xff, 0xff, 0xff, 0xff, 0xff, 0xff, 0xff, 0xff, 0xff, 0xff,
    0xff, 0xfd, 0x00, 0x00, 0x00, 0x00, 0x4d, 0xff, 0xff, 0xff, 0xff, 0xff, 0xff, 0xff, 0xff, 0xff, 0xff, 0xff, 0xff, 0xff, 0xff, 0xff, 0xff, 0xff,
    0xff, 0xf5, 0x00, 0x00, 0x00, 0x00, 0x00, 0x00, 0x00, 0x00, 0x00, 0x00, 0x00, 0x00, 0x00, 0x00, 0x00, 0x00, 0x00, 0x09, 0xff, 0xff, 0xff, 0xff,
    0xff, 0xc0, 0x00, 0x00, 0x00, 0x00, 0x00, 0x00, 0x00, 0x00, 0x00, 0x00, 0x00, 0x00, 0x00, 0x00, 0x00, 0x00, 0x00, 0x2f, 0xff, 0xff, 0xff, 0xff,
    0xff, 0x40, 0x00, 0x00, 0x00, 0x00, 0x00, 0x00, 0x00, 0x00, 0x00, 0x00, 0x00, 0x00, 0x00, 0x00, 0x00, 0x00, 0x00, 0xaf, 0xff, 0xff, 0xff, 0xff,
    0xfb, 0x00, 0x00, 0x00, 0x00, 0x00, 0x00, 0x00, 0x00, 0x00, 0x00, 0x00, 0x00, 0x00, 0x00, 0x00, 0x00, 0x00, 0x03, 0xff, 0xff, 0xff, 0xff, 0xff,
    0xf3, 0x00, 0x00, 0x00, 0x00, 0x00, 0x00, 0x00, 0x00, 0x00, 0x00, 0x00, 0x00, 0x00, 0x00, 0x00, 0x00, 0x00, 0x0b, 0xff, 0xff, 0xff, 0xff, 0xff,
    0xa0, 0x00, 0x00, 0x00, 0x00, 0x00, 0x00, 0x00, 0x00, 0x00, 0x00, 0x00, 0x00, 0x00, 0x00, 0x00, 0x00, 0x00, 0x4f, 0xff, 0xff, 0xff, 0xff, 0xff,
    0x20, 0x00, 0x00, 0x00, 0x00, 0x00, 0x00, 0x00, 0x00, 0x00, 0x00, 0x00, 0x00, 0x00, 0x00, 0x00, 0x00, 0x00, 0xcf, 0xff, 0xff, 0xff, 0xff, 0xf9,
    0x00, 0x00, 0x00, 0x00, 0x00, 0x00, 0x00, 0x00, 0x00, 0x00, 0x00, 0x00, 0x00, 0x00, 0x00, 0x00, 0x00, 0x06, 0xff, 0xff, 0xff, 0xff, 0xff, 0xe1,
    0x00, 0x00, 0x00, 0x00, 0x00, 0x00, 0x00, 0x00, 0x00, 0x00, 0x00, 0x00, 0x00, 0x00, 0x00, 0x00, 0x00, 0x0d, 0xff, 0xff, 0xff, 0xff, 0xff, 0x70,
    0x00, 0x00, 0x00, 0x00, 0x00, 0x00, 0x00, 0x00, 0x00, 0x00, 0x00, 0x00, 0x00, 0x00, 0x00, 0x00, 0x00, 0x7f, 0xff, 0xff, 0xff, 0xff, 0xfe, 0x10,
    0x00, 0x00, 0x00, 0x00, 0x00, 0x00, 0x00, 0x00, 0x00, 0x00, 0x00, 0x00, 0x00, 0x00, 0x00, 0x00, 0x01, 0xef, 0xff, 0xff, 0xff, 0xff, 0xf6, 0x00,
    0x00, 0x00, 0x00, 0x00, 0x00, 0x00, 0x00, 0x00, 0x00, 0x00, 0x00, 0x00, 0x00, 0x00, 0x00, 0x00, 0x08, 0xff, 0xff, 0xff, 0xff, 0xff, 0xd0, 0x00,
    0x00, 0x00, 0x00, 0x00, 0x00, 0x00, 0x00, 0x00, 0x00, 0x00, 0x00, 0x00, 0x00, 0x00, 0x00, 0x00, 0x2e, 0xff, 0xff, 0xff, 0xff, 0xff, 0x50, 0x00,
    0x00, 0x00, 0x00, 0x00, 0x00, 0x00, 0x00, 0x00, 0x00, 0x00, 0x00, 0x00, 0x00, 0x00, 0x00, 0x00, 0x9f, 0xff, 0xff, 0xff, 0xff, 0xfc, 0x00, 0x00,
    0x00, 0x00, 0x00, 0x00, 0x00, 0x00, 0x00, 0x00, 0x00, 0x00, 0x00, 0x00, 0x00, 0x00, 0x00, 0x02, 0xff, 0xff, 0xff, 0xff, 0xff, 0xf4, 0x00, 0x00,
    0x00, 0x00, 0x00, 0x00, 0x00, 0x00, 0x00, 0x00, 0x00, 0x00, 0x00, 0x00, 0x00, 0x00, 0x00, 0x0a, 0xff, 0xff, 0xff, 0xff, 0xff, 0xb0, 0x00, 0x00,
    0x00, 0x00, 0x00, 0x00, 0x00, 0x00, 0x00, 0x00, 0x00, 0x00, 0x00, 0x00, 0x00, 0x00, 0x00, 0x3f, 0xff, 0xff, 0xff, 0xff, 0xff, 0x30, 0x00, 0x00,
    0x00, 0x00, 0x00, 0x00, 0x00, 0x00, 0x00, 0x00, 0x00, 0x00, 0x00, 0x00, 0x00, 0x00, 0x00, 0xcf, 0xff, 0xff, 0xff, 0xff, 0xfa, 0x00, 0x00, 0x00,
    0x00, 0x00, 0x00, 0x00, 0x00, 0x00, 0x00, 0x00, 0x00, 0x00, 0x00, 0x00, 0x00, 0x00, 0x05, 0xff, 0xff, 0xff, 0xff, 0xff, 0xf2, 0x00, 0x00, 0x00,
    0x00, 0x00, 0x00, 0x00, 0x00, 0x00, 0x00, 0x00, 0x00, 0x00, 0x00, 0x00, 0x00, 0x00, 0x0d, 0xff, 0xff, 0xff, 0xff, 0xff, 0x90, 0x00, 0x00, 0x00,
    0x00, 0x00, 0x00, 0x00, 0x00, 0x00, 0x00, 0x00, 0x00, 0x00, 0x00, 0x00, 0x00, 0x00, 0x6f, 0xff, 0xff, 0xff, 0xff, 0xfe, 0x10, 0x00, 0x00, 0x00,
    0x00, 0x00, 0x00, 0x00, 0x00, 0x00, 0x00, 0x00, 0x00, 0x00, 0x00, 0x00, 0x00, 0x01, 0xdf, 0xff, 0xff, 0xff, 0xff, 0xf8, 0x00, 0x00, 0x00, 0x00,
    0x00, 0x00, 0x00, 0x00, 0x00, 0x00, 0x00, 0x00, 0x00, 0x00, 0x00, 0x00, 0x00, 0x07, 0xff, 0xff, 0xff, 0xff, 0xff, 0xe1, 0x00, 0x00, 0x00, 0x00,
    0x00, 0x00, 0x00, 0x00, 0x00, 0x00, 0x00, 0x00, 0x00, 0x00, 0x00, 0x00, 0x00, 0x1e, 0xff, 0xff, 0xff, 0xff, 0xff, 0x70, 0x00, 0x00, 0x00, 0x00,
    0x00, 0x00, 0x00, 0x00, 0x00, 0x00, 0x00, 0x00, 0x00, 0x00, 0x00, 0x00, 0x00, 0x8f, 0xff, 0xff, 0xff, 0xff, 0xfd, 0x00, 0x00, 0x00, 0x00, 0x00,
    0x00, 0x00, 0x00, 0x00, 0x00, 0x00, 0x00, 0x00, 0x00, 0x00, 0x00, 0x00, 0x02, 0xff, 0xff, 0xff, 0xff, 0xff, 0xf6, 0x00, 0x00, 0x00, 0x00, 0x00,
    0x00, 0x00, 0x00, 0x00, 0x00, 0x00, 0x00, 0x00, 0x00, 0x00, 0x00, 0x00, 0x09, 0xff, 0xff, 0xff, 0xff, 0xff, 0xc0, 0x00, 0x00, 0x00, 0x00, 0x00,
    0x00, 0x00, 0x00, 0x00, 0x00, 0x00, 0x00, 0x00, 0x00, 0x00, 0x00, 0x00, 0x3f, 0xff, 0xff, 0xff, 0xff, 0xff, 0x50, 0x00, 0x00, 0x00, 0x00, 0x00,
    0x00, 0x00, 0x00, 0x00, 0x00, 0x00, 0x00, 0x00, 0x00, 0x00, 0x00, 0x00, 0xbf, 0xff, 0xff, 0xff, 0xff, 0xfc, 0x00, 0x00, 0x00, 0x00, 0x00, 0x00,
    0x00, 0x00, 0x00, 0x00, 0x00, 0x00, 0x00, 0x00, 0x00, 0x00, 0x00, 0x04, 0xff, 0xff, 0xff, 0xff, 0xff, 0xf4, 0x00, 0x00, 0x00, 0x00, 0x00, 0x00,
    0x00, 0x00, 0x00, 0x00, 0x00, 0x00, 0x00, 0x00, 0x00, 0x00, 0x00, 0x0c, 0xff, 0xff, 0xff, 0xff, 0xff, 0xa0, 0x00, 0x00, 0x00, 0x00, 0x00, 0x00,
    0x00, 0x00, 0x00, 0x00, 0x00, 0x00, 0x00, 0x00, 0x00, 0x00, 0x00, 0x5f, 0xff, 0xff, 0xff, 0xff, 0xff, 0x30, 0x00, 0x00, 0x00, 0x00, 0x00, 0x00,
    0x00, 0x00, 0x00, 0x00, 0x00, 0x00, 0x00, 0x00, 0x00, 0x00, 0x00, 0xdf, 0xff, 0xff, 0xff, 0xff, 0xf9, 0x00, 0x00, 0x00, 0x00, 0x00, 0x00, 0x00,
    0x00, 0x00, 0x00, 0x00, 0x00, 0x00, 0x00, 0x00, 0x00, 0x00, 0x06, 0xff, 0xff, 0xff, 0xff, 0xff, 0xf2, 0x00, 0x00, 0x00, 0x00, 0x00, 0x00, 0x00,
    0x00, 0x00, 0x00, 0x00, 0x00, 0x00, 0x00, 0x00, 0x00, 0x00, 0x1e, 0xff, 0xff, 0xff, 0xff, 0xff, 0x80, 0x00, 0x00, 0x00, 0x00, 0x00, 0x00, 0x00,
    0x00, 0x00, 0x00, 0x00, 0x00, 0x00, 0x00, 0x00, 0x00, 0x00, 0x7f, 0xff, 0xff, 0xff, 0xff, 0xfe, 0x10, 0x00, 0x00, 0x00, 0x00, 0x00, 0x00, 0x00,
    0x00, 0x00, 0x00, 0x00, 0x00, 0x00, 0x00, 0x00, 0x00, 0x01, 0xef, 0xff, 0xff, 0xff, 0xff, 0xf7, 0x00, 0x00, 0x00, 0x00, 0x00, 0x00, 0x00, 0x00,
    0x00, 0x00, 0x00, 0x00, 0x00, 0x00, 0x00, 0x00, 0x00, 0x09, 0xff, 0xff, 0xff, 0xff, 0xff, 0xe1, 0x00, 0x00, 0x00, 0x00, 0x00, 0x00, 0x00, 0x00,
    0x00, 0x00, 0x00, 0x00, 0x00, 0x00, 0x00, 0x00, 0x00, 0x2f, 0xff, 0xff, 0xff, 0xff, 0xff, 0x60, 0x00, 0x00, 0x00, 0x00, 0x00, 0x00, 0x00, 0x00,
    0x00, 0x00, 0x00, 0x00, 0x00, 0x00, 0x00, 0x00, 0x00, 0xaf, 0xff, 0xff, 0xff, 0xff, 0xfd, 0x00, 0x00, 0x00, 0x00, 0x00, 0x00, 0x00, 0x00, 0x00,
    0x00, 0x00, 0x00, 0x00, 0x00, 0x00, 0x00, 0x00, 0x03, 0xff, 0xff, 0xff, 0xff, 0xff, 0xf5, 0x00, 0x00, 0x00, 0x00, 0x00, 0x00, 0x00, 0x00, 0x00,
    0x00, 0x00, 0x00, 0x00, 0x00, 0x00, 0x00, 0x00, 0x0b, 0xff, 0xff, 0xff, 0xff, 0xff, 0xc0, 0x00, 0x00, 0x00, 0x00, 0x00, 0x00, 0x00, 0x00, 0x00,
    0x00, 0x00, 0x00, 0x00, 0x00, 0x00, 0x00, 0x00, 0x4f, 0xff, 0xff, 0xff, 0xff, 0xff, 0x40, 0x00, 0x00, 0x00, 0x00, 0x00, 0x00, 0x00, 0x00, 0x00,
    0x00, 0x00, 0x00, 0x00, 0x00, 0x00, 0x00, 0x00, 0xcf, 0xff, 0xff, 0xff, 0xff, 0xfb, 0x00, 0x00, 0x00, 0x00, 0x00, 0x00, 0x00, 0x00, 0x00, 0x00,
    0x00, 0x00, 0x00, 0x00, 0x00, 0x00, 0x00, 0x00, 0xff, 0xff, 0xff, 0xff, 0xff, 0xf3, 0x00, 0x00, 0x00, 0x00, 0x00, 0x00, 0x00, 0x00, 0x00, 0x00,
    0x00, 0x00, 0x00, 0x00, 0x00, 0x00, 0x00, 0x00, 0xbf, 0xff, 0xff, 0xff, 0xff, 0x90, 0x00, 0x00, 0x00, 0x00, 0x00, 0x00, 0x00, 0x00, 0x00, 0x00,
    0x00, 0x00, 0x00, 0x00, 0x00, 0x00, 0x00, 0x00, 0x16, 0x88, 0x88, 0x88, 0x75, 0x00, 0x00, 0x00, 0x00, 0x00, 0x00, 0x00, 0x00, 0x00, 0x00, 0x00,
    0x00, 0x00, 0x00, 0x00, 0x00, 0x00, 0x00, 0x00, 0x00, 0x00, 0x00, 0x00, 0x04, 0x7a, 0xcd, 0xef, 0xfe, 0xdc, 0xa7, 0x30, 0x00, 0x00, 0x00, 0x00,
    0x00, 0x00, 0x00, 0x00, 0x00, 0x00, 0x00, 0x00, 0x00, 0x00, 0x00, 0x4a, 0xef, 0xff, 0xff, 0xff, 0xff, 0xff, 0xff, 0xfe, 0x93, 0x00, 0x00, 0x00,
    0x00, 0x00, 0x00, 0x00, 0x00, 0x00, 0x00, 0x00, 0x00, 0x00, 0x4c, 0xff, 0xff, 0xff, 0xff, 0xff, 0xff, 0xff, 0xff, 0xff, 0xff, 0xb3, 0x00, 0x00,
    0x00, 0x00, 0x00, 0x00, 0x00, 0x00, 0x00, 0x00, 0x00, 0x1a, 0xff, 0xff, 0xff, 0xff, 0xff, 0xff, 0xff, 0xff, 0xff, 0xff, 0xff, 0xff, 0x90, 0x00,
    0x00, 0x00, 0x00, 0x00, 0x00, 0x00, 0x00, 0x00, 0x02, 0xdf, 0xff, 0xff, 0xff, 0xff, 0xff, 0xff, 0xff, 0xff, 0xff, 0xff, 0xff, 0xff, 0xfc, 0x10,
    0x00, 0x00, 0x00, 0x00, 0x00, 0x00, 0x00, 0x00, 0x2e, 0xff, 0xff, 0xff, 0xff, 0xff, 0xff, 0xff, 0xff, 0xff, 0xff, 0xff, 0xff, 0xff, 0xff, 0xd1,
    0x00, 0x00, 0x00, 0x00, 0x00, 0x00, 0x00, 0x01, 0xdf, 0xff, 0xff, 0xff, 0xff, 0xff, 0xff, 0xff, 0xff, 0xff, 0xff, 0xff, 0xff, 0xff, 0xff, 0xfc,
    0x00, 0x00, 0x00, 0x00, 0x00, 0x00, 0x00, 0x0a, 0xff, 0xff, 0xff, 0xff, 0xff, 0xff, 0xff, 0xff, 0xff, 0xff, 0xff, 0xff, 0xff, 0xff, 0xff, 0xff,
    0x80, 0x00, 0x00, 0x00, 0x00, 0x00, 0x00, 0x4f, 0xff, 0xff, 0xff, 0xff, 0xff, 0xff, 0xff, 0xff, 0xff, 0xff, 0xff, 0xff, 0xff, 0xff, 0xff, 0xff,
    0xf3, 0x00, 0x00, 0x00, 0x00, 0x00, 0x00, 0xbf, 0xff, 0xff, 0xff, 0xff, 0xff, 0xfe, 0x84, 0x10, 0x01, 0x48, 0xef, 0xff, 0xff, 0xff, 0xff, 0xff,
    0xfa, 0x00, 0x00, 0x00, 0x00, 0x00, 0x02, 0xff, 0xff, 0xff, 0xff, 0xff, 0xff, 0xa1, 0x00, 0x00, 0x00, 0x00, 0x1a, 0xff, 0xff, 0xff, 0xff, 0xff,
    0xff, 0x10, 0x00, 0x00, 0x00, 0x00, 0x07, 0xff, 0xff, 0xff, 0xff, 0xff, 0xfa, 0x00, 0x00, 0x00, 0x00, 0x00, 0x00, 0xaf, 0xff, 0xff, 0xff, 0xff,
    0xff, 0x60, 0x00, 0x00, 0x00, 0x00, 0x0a, 0xff, 0xff, 0xff, 0xff, 0xff, 0xe1, 0x00, 0x00, 0x00, 0x00, 0x00, 0x00, 0x1e, 0xff, 0xff, 0xff, 0xff,
    0xff, 0xa0, 0x00, 0x00, 0x00, 0x00, 0x0d, 0xff, 0xff, 0xff, 0xff, 0xff, 0x80, 0x00, 0x00, 0x00, 0x00, 0x00, 0x00, 0x08, 0xff, 0xff, 0xff, 0xff,
    0xff, 0xc0, 0x00, 0x00, 0x00, 0x00, 0x0e, 0xff, 0xff, 0xff, 0xff, 0xff, 0x40, 0x00, 0x00, 0x00, 0x00, 0x00, 0x00, 0x04, 0xff, 0xff, 0xff, 0xff,
    0xff, 0xe0, 0x00, 0x00, 0x00, 0x00, 0x0f, 0xff, 0xff, 0xff, 0xff, 0xff, 0x30, 0x00, 0x00, 0x00, 0x00, 0x00, 0x00, 0x03, 0xff, 0xff, 0xff, 0xff,
    0xff, 0xf0, 0x00, 0x00, 0x00, 0x00, 0x0e, 0xff, 0xff, 0xff, 0xff, 0xff, 0x30, 0x00, 0x00, 0x00, 0x00, 0x00, 0x00, 0x03, 0xff, 0xff, 0xff, 0xff,
    0xff, 0xe0, 0x00, 0x00, 0x00, 0x00, 0x0d, 0xff, 0xff, 0xff, 0xff, 0xff, 0x40, 0x00, 0x00, 0x00, 0x00, 0x00, 0x00, 0x04, 0xff, 0xff, 0xff, 0xff,
    0xff, 0xd0, 0x00, 0x00, 0x00, 0x00, 0x0b, 0xff, 0xff, 0xff, 0xff, 0xff, 0x80, 0x00, 0x00, 0x00, 0x00, 0x00, 0x00, 0x08, 0xff, 0xff, 0xff, 0xff,
    0xff, 0xb0, 0x00, 0x00, 0x00, 0x00, 0x07, 0xff, 0xff, 0xff, 0xff, 0xff, 0xe1, 0x00, 0x00, 0x00, 0x00, 0x00, 0x00, 0x1e, 0xff, 0xff, 0xff, 0xff,
    0xff, 0x80, 0x00, 0x00, 0x00, 0x00, 0x03, 0xff, 0xff, 0xff, 0xff, 0xff, 0xf9, 0x00, 0x00, 0x00, 0x00, 0x00, 0x00, 0xaf, 0xff, 0xff, 0xff, 0xff,
    0xff, 0x40, 0x00, 0x00, 0x00, 0x00, 0x00, 0xcf, 0xff, 0xff, 0xff, 0xff, 0xff, 0x90, 0x00, 0x00, 0x00, 0x00, 0x1a, 0xff, 0xff, 0xff, 0xff, 0xff,
    0xfc, 0x00, 0x00, 0x00, 0x00, 0x00, 0x00, 0x4f, 0xff, 0xff, 0xff, 0xff, 0xff, 0xfd, 0x73, 0x10, 0x01, 0x48, 0xef, 0xff, 0xff, 0xff, 0xff, 0xff,
    0xf6, 0x00, 0x00, 0x00, 0x00, 0x00, 0x00, 0x09, 0xff, 0xff, 0xff, 0xff, 0xff, 0xff, 0xff, 0xff, 0xff, 0xff, 0xff, 0xff, 0xff, 0xff, 0xff, 0xff,
    0xb0, 0x00, 0x00, 0x00, 0x00, 0x00, 0x00, 0x01, 0xcf, 0xff, 0xff, 0xff, 0xff, 0xff, 0xff, 0xff, 0xff, 0xff, 0xff, 0xff, 0xff, 0xff, 0xff, 0xfe,
    0x20, 0x00, 0x00, 0x00, 0x00, 0x00, 0x00, 0x00, 0x1d, 0xff, 0xff, 0xff, 0xff, 0xff, 0xff, 0xff, 0xff, 0xff, 0xff, 0xff, 0xff, 0xff, 0xff, 0xe3,
    0x00, 0x00, 0x00, 0x00, 0x00, 0x00, 0x00, 0x00, 0x01, 0xbf, 0xff, 0xff, 0xff, 0xff, 0xff, 0xff, 0xff, 0xff, 0xff, 0xff, 0xff, 0xff, 0xfd, 0x20,
    0x00, 0x00, 0x00, 0x00, 0x00, 0x00, 0x00, 0x00, 0x03, 0xdf, 0xff, 0xff, 0xff, 0xff, 0xff, 0xff, 0xff, 0xff, 0xff, 0xff, 0xff, 0xff, 0xf4, 0x00,
    0x00, 0x00, 0x00, 0x00, 0x00, 0x00, 0x00, 0x00, 0x6f, 0xff, 0xff, 0xff, 0xff, 0xff, 0xff, 0xff, 0xff, 0xff, 0xff, 0xff, 0xff, 0xff, 0xfe, 0x50,
    0x00, 0x00, 0x00, 0x00, 0x00, 0x00, 0x00, 0x06, 0xff, 0xff, 0xff, 0xff, 0xff, 0xff, 0xff, 0xff, 0xff, 0xff, 0xff, 0xff, 0xff, 0xff, 0xff, 0xf7,
    0x00, 0x00, 0x00, 0x00, 0x00, 0x00, 0x00, 0x6f, 0xff, 0xff, 0xff, 0xff, 0xff, 0xff, 0xff, 0xff, 0xff, 0xff, 0xff, 0xff, 0xff, 0xff, 0xff, 0xff,
    0x60, 0x00, 0x00, 0x00, 0x00, 0x00, 0x02, 0xff, 0xff, 0xff, 0xff, 0xff, 0xff, 0xff, 0xff, 0xff, 0xff, 0xff, 0xff, 0xff, 0xff, 0xff, 0xff, 0xff,
    0xf3, 0x00, 0x00, 0x00, 0x00, 0x00, 0x0c, 0xff, 0xff, 0xff, 0xff, 0xff, 0xff, 0xe9, 0x52, 0x10, 0x12, 0x48, 0xdf, 0xff, 0xff, 0xff, 0xff, 0xff,
    0xfc, 0x00, 0x00, 0x00, 0x00, 0x00, 0x6f, 0xff, 0xff, 0xff, 0xff, 0xff, 0xf8, 0x10, 0x00, 0x00, 0x00, 0x00, 0x06, 0xff, 0xff, 0xff, 0xff, 0xff,
    0xff, 0x70, 0x00, 0x00, 0x00, 0x00, 0xdf, 0xff, 0xff, 0xff, 0xff, 0xff, 0x60, 0x00, 0x00, 0x00, 0x00, 0x00, 0x00, 0x4f, 0xff, 0xff, 0xff, 0xff,
    0xff, 0xd0, 0x00, 0x00, 0x00, 0x04, 0xff, 0xff, 0xff, 0xff, 0xff, 0xf9, 0x00, 0x00, 0x00, 0x00, 0x00, 0x00, 0x00, 0x06, 0xff, 0xff, 0xff, 0xff,
    0xff, 0xf5, 0x00, 0x00, 0x00, 0x08, 0xff, 0xff, 0xff, 0xff, 0xff, 0xe1, 0x00, 0x00, 0x00, 0x00, 0x00, 0x00, 0x00, 0x00, 0xdf, 0xff, 0xff, 0xff,
    0xff, 0xf9, 0x00, 0x00, 0x00, 0x0b, 0xff, 0xff, 0xff, 0xff, 0xff, 0x90, 0x00, 0x00, 0x00, 0x00, 0x00, 0x00, 0x00, 0x00, 0x7f, 0xff, 0xff, 0xff,
    0xff, 0xfd, 0x00, 0x00, 0x00, 0x0d, 0xff, 0xff, 0xff, 0xff, 0xff, 0x50, 0x00, 0x00, 0x00, 0x00, 0x00, 0x00, 0x00, 0x00, 0x3f, 0xff, 0xff, 0xff,
    0xff, 0xff, 0x00, 0x00, 0x00, 0x0e, 0xff, 0xff, 0xff, 0xff, 0xff, 0x30, 0x00, 0x00, 0x00, 0x00, 0x00, 0x00, 0x00, 0x00, 0x1f, 0xff, 0xff, 0xff,
    0xff, 0xff, 0x10, 0x00, 0x00, 0x0f, 0xff, 0xff, 0xff, 0xff, 0xff, 0x20, 0x00, 0x00, 0x00, 0x00, 0x00, 0x00, 0x00, 0x00, 0x0f, 0xff, 0xff, 0xff,
    0xff, 0xff, 0x20, 0x00, 0x00, 0x0e, 0xff, 0xff, 0xff, 0xff, 0xff, 0x30, 0x00, 0x00, 0x00, 0x00, 0x00, 0x00, 0x00, 0x00, 0x1f, 0xff, 0xff, 0xff,
    0xff, 0xff, 0x10, 0x00, 0x00, 0x0d, 0xff, 0xff, 0xff, 0xff, 0xff, 0x50, 0x00, 0x00, 0x00, 0x00, 0x00, 0x00, 0x00, 0x00, 0x3f, 0xff, 0xff, 0xff,
    0xff, 0xff, 0x00, 0x00, 0x00, 0x0b, 0xff, 0xff, 0xff, 0xff, 0xff, 0x90, 0x00, 0x00, 0x00, 0x00, 0x00, 0x00, 0x00, 0x00, 0x7f, 0xff, 0xff, 0xff,
    0xff, 0xfd, 0x00, 0x00, 0x00, 0x09, 0xff, 0xff, 0xff, 0xff, 0xff, 0xe1, 0x00, 0x00, 0x00, 0x00, 0x00, 0x00, 0x00, 0x00, 0xcf, 0xff, 0xff, 0xff,
    0xff, 0xfb, 0x00, 0x00, 0x00, 0x05, 0xff, 0xff, 0xff, 0xff, 0xff, 0xf8, 0x00, 0x00, 0x00, 0x00, 0x00, 0x00, 0x00, 0x05, 0xff, 0xff, 0xff, 0xff,
    0xff, 0xf7, 0x00, 0x00, 0x00, 0x01, 0xff, 0xff, 0xff, 0xff, 0xff, 0xff, 0x60, 0x00, 0x00, 0x00, 0x00, 0x00, 0x00, 0x3e, 0xff, 0xff, 0xff, 0xff,
    0xff, 0xf3, 0x00, 0x00, 0x00, 0x00, 0xbf, 0xff, 0xff, 0xff, 0xff, 0xff, 0xf8, 0x10, 0x00, 0x00, 0x00, 0x00, 0x05, 0xef, 0xff, 0xff, 0xff, 0xff,
    0xff, 0xd0, 0x00, 0x00, 0x00, 0x00, 0x4f, 0xff, 0xff, 0xff, 0xff, 0xff, 0xff, 0xe9, 0x52, 0x10, 0x01, 0x47, 0xcf, 0xff, 0xff, 0xff, 0xff, 0xff,
    0xff, 0x60, 0x00, 0x00, 0x00, 0x00, 0x0b, 0xff, 0xff, 0xff, 0xff, 0xff, 0xff, 0xff, 0xff, 0xff, 0xff, 0xff, 0xff, 0xff, 0xff, 0xff, 0xff, 0xff,
    0xfc, 0x00, 0x00, 0x00, 0x00, 0x00, 0x02, 0xef, 0xff, 0xff, 0xff, 0xff, 0xff, 0xff, 0xff, 0xff, 0xff, 0xff, 0xff, 0xff, 0xff, 0xff, 0xff, 0xff,
    0xf3, 0x00, 0x00, 0x00, 0x00, 0x00, 0x00, 0x5f, 0xff, 0xff, 0xff, 0xff, 0xff, 0xff, 0xff, 0xff, 0xff, 0xff, 0xff, 0xff, 0xff, 0xff, 0xff, 0xff,
    0x60, 0x00, 0x00, 0x00, 0x00, 0x00, 0x00, 0x06, 0xff, 0xff, 0xff, 0xff, 0xff, 0xff, 0xff, 0xff, 0xff, 0xff, 0xff, 0xff, 0xff, 0xff, 0xff, 0xf6,
    0x00, 0x00, 0x00, 0x00, 0x00, 0x00, 0x00, 0x00, 0x4e, 0xff, 0xff, 0xff, 0xff, 0xff, 0xff, 0xff, 0xff, 0xff, 0xff, 0xff, 0xff, 0xff, 0xfe, 0x40,
    0x00, 0x00, 0x00, 0x00, 0x00, 0x00, 0x00, 0x00, 0x02, 0xbf, 0xff, 0xff, 0xff, 0xff, 0xff, 0xff, 0xff, 0xff, 0xff, 0xff, 0xff, 0xff, 0xa1, 0x00,
    0x00, 0x00, 0x00, 0x00, 0x00, 0x00, 0x00, 0x00, 0x00, 0x04, 0xcf, 0xff, 0xff, 0xff, 0xff, 0xff, 0xff, 0xff, 0xff, 0xff, 0xff, 0xb3, 0x00, 0x00,
    0x00, 0x00, 0x00, 0x00, 0x00, 0x00, 0x00, 0x00, 0x00, 0x00, 0x03, 0x9e, 0xff, 0xff, 0xff, 0xff, 0xff, 0xff, 0xff, 0xfd, 0x83, 0x00, 0x00, 0x00,
    0x00, 0x00, 0x00, 0x00, 0x00, 0x00, 0x00, 0x00, 0x00, 0x00, 0x00, 0x00, 0x36, 0x9b, 0xde, 0xff, 0xfe, 0xdb, 0x96, 0x20, 0x00, 0x00, 0x00, 0x00,
    0x00, 0x00, 0x00, 0x00, 0x00, 0x00, 0x00, 0x00, 0x00, 0x00, 0x00, 0x00, 0x00, 0x37, 0xac, 0xee, 0xfe, 0xec, 0xa8, 0x40, 0x00, 0x00, 0x00, 0x00,
    0x00, 0x00, 0x00, 0x00, 0x00, 0x00, 0x00, 0x00, 0x00, 0x00, 0x00, 0x02, 0x9e, 0xff, 0xff, 0xff, 0xff, 0xff, 0xff, 0xfe, 0x93, 0x00, 0x00, 0x00,
    0x00, 0x00, 0x00, 0x00, 0x00, 0x00, 0x00, 0x00, 0x00, 0x00, 0x02, 0xaf, 0xff, 0xff, 0xff, 0xff, 0xff, 0xff, 0xff, 0xff, 0xff, 0xb3, 0x00, 0x00,
    0x00, 0x00, 0x00, 0x00, 0x00, 0x00, 0x00, 0x00, 0x00, 0x00, 0x7f, 0xff, 0xff, 0xff, 0xff, 0xff, 0xff, 0xff, 0xff, 0xff, 0xff, 0xff, 0x70, 0x00,
    0x00, 0x00, 0x00, 0x00, 0x00, 0x00, 0x00, 0x00, 0x00, 0x1b, 0xff, 0xff, 0xff, 0xff, 0xff, 0xff, 0xff, 0xff, 0xff, 0xff, 0xff, 0xff, 0xfa, 0x00,
    0x00, 0x00, 0x00, 0x00, 0x00, 0x00, 0x00, 0x00, 0x01, 0xcf, 0xff, 0xff, 0xff, 0xff, 0xff, 0xff, 0xff, 0xff, 0xff, 0xff, 0xff, 0xff, 0xff, 0xb0,
    0x00, 0x00, 0x00, 0x00, 0x00, 0x00, 0x00, 0x00, 0x1c, 0xff, 0xff, 0xff, 0xff, 0xff, 0xff, 0xff, 0xff, 0xff, 0xff, 0xff, 0xff, 0xff, 0xff, 0xf9,
    0x00, 0x00, 0x00, 0x00, 0x00, 0x00, 0x00, 0x00, 0xbf, 0xff, 0xff, 0xff, 0xff, 0xff, 0xff, 0xff, 0xff, 0xff, 0xff, 0xff, 0xff, 0xff, 0xff, 0xff,
    0x50, 0x00, 0x00, 0x00, 0x00, 0x00, 0x00, 0x08, 0xff, 0xff, 0xff, 0xff, 0xff, 0xff, 0xff, 0xff, 0xff, 0xff, 0xff, 0xff, 0xff, 0xff, 0xff, 0xff,
    0xe1, 0x00, 0x00, 0x00, 0x00, 0x00, 0x00, 0x2f, 0xff, 0xff, 0xff, 0xff, 0xff, 0xff, 0xd8, 0x31, 0x01, 0x27, 0xcf, 0xff, 0xff, 0xff, 0xff, 0xff,
    0xf9, 0x00, 0x00, 0x00, 0x00, 0x00, 0x00, 0xbf, 0xff, 0xff, 0xff, 0xff, 0xff, 0xf7, 0x00, 0x00, 0x00, 0x00, 0x06, 0xff, 0xff, 0xff, 0xff, 0xff,
    0xff, 0x20, 0x00, 0x00, 0x00, 0x00, 0x03, 0xff, 0xff, 0xff, 0xff, 0xff, 0xfe, 0x40, 0x00, 0x00, 0x00, 0x00, 0x00, 0x4f, 0xff, 0xff, 0xff, 0xff,
    0xff, 0x80, 0x00, 0x00, 0x00, 0x00, 0x09, 0xff, 0xff, 0xff, 0xff, 0xff, 0xf5, 0x00, 0x00, 0x00, 0x00, 0x00, 0x00, 0x06, 0xff, 0xff, 0xff, 0xff,
    0xff, 0xd0, 0x00, 0x00, 0x00, 0x00, 0x0e, 0xff, 0xff, 0xff, 0xff, 0xff, 0xa0, 0x00, 0x00, 0x00, 0x00, 0x00, 0x00, 0x00, 0xbf, 0xff, 0xff, 0xff,
    0xff, 0xf4, 0x00, 0x00, 0x00, 0x00, 0x4f, 0xff, 0xff, 0xff, 0xff, 0xff, 0x30, 0x00, 0x00, 0x00, 0x00, 0x00, 0x00, 0x00, 0x3f, 0xff, 0xff, 0xff,
    0xff, 0xf8, 0x00, 0x00, 0x00, 0x00, 0x7f, 0xff, 0xff, 0xff, 0xff, 0xfc, 0x00, 0x00, 0x00, 0x00, 0x00, 0x00, 0x00, 0x00, 0x0c, 0xff, 0xff, 0xff,
    0xff, 0xfc, 0x00, 0x00, 0x00, 0x00, 0xaf, 0xff, 0xff, 0xff, 0xff, 0xf8, 0x00, 0x00, 0x00, 0x00, 0x00, 0x00, 0x00, 0x00, 0x08, 0xff, 0xff, 0xff,
    0xff, 0xff, 0x10, 0x00, 0x00, 0x00, 0xcf, 0xff, 0xff, 0xff, 0xff, 0xf5, 0x00, 0x00, 0x00, 0x00, 0x00, 0x00, 0x00, 0x00, 0x05, 0xff, 0xff, 0xff,
    0xff, 0xff, 0x40, 0x00, 0x00, 0x00, 0xef, 0xff, 0xff, 0xff, 0xff, 0xf3, 0x00, 0x00, 0x00, 0x00, 0x00, 0x00, 0x00, 0x00, 0x04, 0xff, 0xff, 0xff,
    0xff, 0xff, 0x60, 0x00, 0x00, 0x00, 0xef, 0xff, 0xff, 0xff, 0xff, 0xf2, 0x00, 0x00, 0x00, 0x00, 0x00, 0x00, 0x00, 0x00, 0x02, 0xff, 0xff, 0xff,
    0xff, 0xff, 0x80, 0x00, 0x00, 0x00, 0xff, 0xff, 0xff, 0xff, 0xff, 0xf3, 0x00, 0x00, 0x00, 0x00, 0x00, 0x00, 0x00, 0x00, 0x03, 0xff, 0xff, 0xff,
    0xff, 0xff, 0xa0, 0x00, 0x00, 0x00, 0xef, 0xff, 0xff, 0xff, 0xff, 0xf4, 0x00, 0x00, 0x00, 0x00, 0x00, 0x00, 0x00, 0x00, 0x04, 0xff, 0xff, 0xff,
    0xff, 0xff, 0xc0, 0x00, 0x00, 0x00, 0xef, 0xff, 0xff, 0xff, 0xff, 0xf5, 0x00, 0x00, 0x00, 0x00, 0x00, 0x00, 0x00, 0x00, 0x05, 0xff, 0xff, 0xff,
    0xff, 0xff, 0xd0, 0x00, 0x00, 0x00, 0xcf, 0xff, 0xff, 0xff, 0xff, 0xf8, 0x00, 0x00, 0x00, 0x00, 0x00, 0x00, 0x00, 0x00, 0x08, 0xff, 0xff, 0xff,
    0xff, 0xff, 0xe0, 0x00, 0x00, 0x00, 0xaf, 0xff, 0xff, 0xff, 0xff, 0xfc, 0x00, 0x00, 0x00, 0x00, 0x00, 0x00, 0x00, 0x00, 0x0c, 0xff, 0xff, 0xff,
    0xff, 0xff, 0xe0, 0x00, 0x00, 0x00, 0x7f, 0xff, 0xff, 0xff, 0xff, 0xff, 0x20, 0x00, 0x00, 0x00, 0x00, 0x00, 0x00, 0x00, 0x2f, 0xff, 0xff, 0xff,
    0xff, 0xff, 0xf0, 0x00, 0x00, 0x00, 0x4f, 0xff, 0xff, 0xff, 0xff, 0xff, 0x90, 0x00, 0x00, 0x00, 0x00, 0x00, 0x00, 0x00, 0x9f, 0xff, 0xff, 0xff,
    0xff, 0xff, 0xf0, 0x00, 0x00, 0x00, 0x0e, 0xff, 0xff, 0xff, 0xff, 0xff, 0xf3, 0x00, 0x00, 0x00, 0x00, 0x00, 0x00, 0x04, 0xff, 0xff, 0xff, 0xff,
    0xff, 0xff, 0xf0, 0x00, 0x00, 0x00, 0x09, 0xff, 0xff, 0xff, 0xff, 0xff, 0xfd, 0x20, 0x00, 0x00, 0x00, 0x00, 0x00, 0x3e, 0xff, 0xff, 0xff, 0xff,
    0xff, 0xff, 0xe0, 0x00, 0x00, 0x00, 0x03, 0xff, 0xff, 0xff, 0xff, 0xff, 0xff, 0xd4, 0x00, 0x00, 0x00, 0x00, 0x06, 0xef, 0xff, 0xff, 0xff, 0xff,
    0xff, 0xff, 0xe0, 0x00, 0x00, 0x00, 0x00, 0xaf, 0xff, 0xff, 0xff, 0xff, 0xff, 0xff, 0xb6, 0x31, 0x01, 0x37, 0xcf, 0xff, 0xff, 0xff, 0xff, 0xff,
    0xff, 0xff, 0xd0, 0x00, 0x00, 0x00, 0x00, 0x2f, 0xff, 0xff, 0xff, 0xff, 0xff, 0xff, 0xff, 0xff, 0xff, 0xff, 0xff, 0xff, 0xff, 0xff, 0xff, 0xff,
    0xff, 0xff, 0xc0, 0x00, 0x00, 0x00, 0x00, 0x07, 0xff, 0xff, 0xff, 0xff, 0xff, 0xff, 0xff, 0xff, 0xff, 0xff, 0xff, 0xff, 0xff, 0xff, 0xff, 0xff,
    0xff, 0xff, 0xb0, 0x00, 0x00, 0x00, 0x00, 0x00, 0xaf, 0xff, 0xff, 0xff, 0xff, 0xff, 0xff, 0xff, 0xff, 0xff, 0xff, 0xff, 0xff, 0xff, 0xff, 0xff,
    0xff, 0xff, 0xa0, 0x00, 0x00, 0x00, 0x00, 0x00, 0x0b, 0xff, 0xff, 0xff, 0xff, 0xff, 0xff, 0xff, 0xff, 0xff, 0xff, 0xff, 0xff, 0xff, 0xff, 0xff,
    0xff, 0xff, 0x80, 0x00, 0x00, 0x00, 0x00, 0x00, 0x01, 0xbf, 0xff, 0xff, 0xff, 0xff, 0xff, 0xff, 0xff, 0xff, 0xff, 0xff, 0xff, 0xff, 0xff, 0xff,
    0xff, 0xff, 0x50, 0x00, 0x00, 0x00, 0x00, 0x00, 0x00, 0x07, 0xff, 0xff, 0xff, 0xff, 0xff, 0xff, 0xff, 0xff, 0xff, 0xff, 0xff, 0xff, 0xff, 0xff,
    0xff, 0xff, 0x30, 0x00, 0x00, 0x00, 0x00, 0x00, 0x00, 0x00, 0x3b, 0xff, 0xff, 0xff, 0xff, 0xff, 0xff, 0xff, 0xff, 0xfe, 0x6a, 0xff, 0xff, 0xff,
    0xff, 0xff, 0x10, 0x00, 0x00, 0x00, 0x00, 0x00, 0x00, 0x00, 0x00, 0x3a, 0xef, 0xff, 0xff, 0xff, 0xff, 0xff, 0xfd, 0x71, 0x0c, 0xff, 0xff, 0xff,
    0xff, 0xfc, 0x00, 0x00, 0x00, 0x00, 0x07, 0xcc, 0xcc, 0xcc, 0xcb, 0x50, 0x04, 0x7a, 0xcd, 0xee, 0xdc, 0xa7, 0x30, 0x00, 0x1f, 0xff, 0xff, 0xff,
    0xff, 0xf9, 0x00, 0x00, 0x00, 0x00, 0x5f, 0xff, 0xff, 0xff, 0xff, 0xf2, 0x00, 0x00, 0x00, 0x00, 0x00, 0x00, 0x00, 0x00, 0x4f, 0xff, 0xff, 0xff,
    0xff, 0xf5, 0x00, 0x00, 0x00, 0x00, 0x7f, 0xff, 0xff, 0xff, 0xff, 0xf7, 0x00, 0x00, 0x00, 0x00, 0x00, 0x00, 0x00, 0x00, 0x8f, 0xff, 0xff, 0xff,
    0xff, 0xf1, 0x00, 0x00, 0x00, 0x00, 0x5f, 0xff, 0xff, 0xff, 0xff, 0xfb, 0x00, 0x00, 0x00, 0x00, 0x00, 0x00, 0x00, 0x00, 0xdf, 0xff, 0xff, 0xff,
    0xff, 0xb0, 0x00, 0x00, 0x00, 0x00, 0x3f, 0xff, 0xff, 0xff, 0xff, 0xff, 0x10, 0x00, 0x00, 0x00, 0x00, 0x00, 0x00, 0x04, 0xff, 0xff, 0xff, 0xff,
    0xff, 0x50, 0x00, 0x00, 0x00, 0x00, 0x1f, 0xff, 0xff, 0xff, 0xff, 0xff, 0x60, 0x00, 0x00, 0x00, 0x00, 0x00, 0x00, 0x0c, 0xff, 0xff, 0xff, 0xff,
    0xfe, 0x00, 0x00, 0x00, 0x00, 0x00, 0x0c, 0xff, 0xff, 0xff, 0xff, 0xff, 0xd1, 0x00, 0x00, 0x00, 0x00, 0x00, 0x00, 0x6f, 0xff, 0xff, 0xff, 0xff,
    0xf8, 0x00, 0x00, 0x00, 0x00, 0x00, 0x07, 0xff, 0xff, 0xff, 0xff, 0xff, 0xf9, 0x00, 0x00, 0x00, 0x00, 0x00, 0x04, 0xff, 0xff, 0xff, 0xff, 0xff,
    0xe1, 0x00, 0x00, 0x00, 0x00, 0x00, 0x02, 0xff, 0xff, 0xff, 0xff, 0xff, 0xff, 0x90, 0x00, 0x00, 0x00, 0x00, 0x6e, 0xff, 0xff, 0xff, 0xff, 0xff,
    0x70, 0x00, 0x00, 0x00, 0x00, 0x00, 0x00, 0xaf, 0xff, 0xff, 0xff, 0xff, 0xff, 0xfd, 0x73, 0x10, 0x02, 0x6c, 0xff, 0xff, 0xff, 0xff, 0xff, 0xfc,
    0x00, 0x00, 0x00, 0x00, 0x00, 0x00, 0x00, 0x3f, 0xff, 0xff, 0xff, 0xff, 0xff, 0xff, 0xff, 0xff, 0xff, 0xff, 0xff, 0xff, 0xff, 0xff, 0xff, 0xf3,
    0x00, 0x00, 0x00, 0x00, 0x00, 0x00, 0x00, 0x08, 0xff, 0xff, 0xff, 0xff, 0xff, 0xff, 0xff, 0xff, 0xff, 0xff, 0xff, 0xff, 0xff, 0xff, 0xff, 0x50,
    0x00, 0x00, 0x00, 0x00, 0x00, 0x00, 0x00, 0x00, 0xcf, 0xff, 0xff, 0xff, 0xff, 0xff, 0xff, 0xff, 0xff, 0xff, 0xff, 0xff, 0xff, 0xff, 0xf7, 0x00,
    0x00, 0x00, 0x00, 0x00, 0x00, 0x00, 0x00, 0x00, 0x1d, 0xff, 0xff, 0xff, 0xff, 0xff, 0xff, 0xff, 0xff, 0xff, 0xff, 0xff, 0xff, 0xff, 0x70, 0x00,
    0x00, 0x00, 0x00, 0x00, 0x00, 0x00, 0x00, 0x00, 0x01, 0xcf, 0xff, 0xff, 0xff, 0xff, 0xff, 0xff, 0xff, 0xff, 0xff, 0xff, 0xff, 0xf6, 0x00, 0x00,
    0x00, 0x00, 0x00, 0x00, 0x00, 0x00, 0x00, 0x00, 0x00, 0x1a, 0xff, 0xff, 0xff, 0xff, 0xff, 0xff, 0xff, 0xff, 0xff, 0xff, 0xfd, 0x30, 0x00, 0x00,
    0x00, 0x00, 0x00, 0x00, 0x00, 0x00, 0x00, 0x00, 0x00, 0x00, 0x5d, 0xff, 0xff, 0xff, 0xff, 0xff, 0xff, 0xff, 0xff, 0xfe, 0x70, 0x00, 0x00, 0x00,
    0x00, 0x00, 0x00, 0x00, 0x00, 0x00, 0x00, 0x00, 0x00, 0x00, 0x00, 0x5c, 0xff, 0xff, 0xff, 0xff, 0xff, 0xff, 0xfd, 0x71, 0x00, 0x00, 0x00, 0x00,
    0x00, 0x00, 0x00, 0x00, 0x00, 0x00, 0x00, 0x00, 0x00, 0x00, 0x00, 0x00, 0x26, 0x9c, 0xde, 0xfe, 0xec, 0xa7, 0x30, 0x00, 0x00, 0x00, 0x00, 0x00,
    0x00, 0x00, 0x00, 0x00,
};
constexpr char kSpeedFirst = 32;
constexpr int kSpeedAscent = 76;
constexpr int kSpeedDescent = 20;

// Value: 30 px, 획 1, ' '..'S', 3335바이트
constexpr HudGlyph kValueGlyphs[] = {
    {0, 8, 2, 0, 30, 8},
    {16, 0, 0, 0, 0, 0},
    {16, 0, 0, 0, 0, 0},
    {16, 0, 0, 0, 0, 0},
    {16, 0, 0, 0, 0, 0},
    {16, 0, 0, 0, 0, 0},
    {16, 0, 0, 0, 0, 0},
    {16, 0, 0, 0, 0, 0},
    {16, 0, 0, 0, 0, 0},
    {16, 0, 0, 0, 0, 0},
    {16, 0, 0, 0, 0, 0},
    {16, 0, 0, 0, 0, 0},
    {16, 0, 0, 0, 0, 0},
    {16, 10, 12, 0, 20, 10},
    {136, 0, 0, 0, 0, 0},
    {136, 0, 0, 0, 0, 0},
    {136, 19, 22, 0, 10, 19},
    {554, 19, 22, 0, 10, 19},
    {972, 19, 22, 0, 10, 19},
    {1390, 19, 22, 0, 10, 19},
    {1808, 19, 22, 0, 10, 19},
    {2226, 19, 22, 0, 10, 19},
    {2644, 19, 22, 0, 10, 19},
    {3062, 19, 22, 0, 10, 19},
    {3480, 19, 22, 0, 10, 19},
    {3898, 19, 22, 0, 10, 19},
    {4316, 0, 0, 0, 0, 0},
    {4316, 0, 0, 0, 0, 0},
    {4316, 0, 0, 0, 0, 0},
    {4316, 0, 0, 0, 0, 0},
    {4316, 0, 0, 0, 0, 0},
    {4316, 0, 0, 0, 0, 0},
    {4316, 0, 0, 0, 0, 0},
    {4316, 0, 0, 0, 0, 0},
    {4316, 0, 0, 0, 0, 0},
    {4316, 0, 0, 0, 0, 0},
    {4316, 23, 22, 0, 10, 23},
    {4822, 0, 0, 0, 0, 0},
    {4822, 0, 0, 0, 0, 0},
    {4822, 0, 0, 0, 0, 0},
    {4822, 0, 0, 0, 0, 0},
    {4822, 0, 0, 0, 0, 0},
    {4822, 0, 0, 0, 0, 0},
    {4822, 0, 0, 0, 0, 0},
    {4822, 0, 0, 0, 0, 0},
    {4822, 0, 0, 0, 0, 0},
    {4822, 23, 22, 0, 10, 23},
    {5328, 0, 0, 0, 0, 0},
    {5328, 20, 22, 0, 10, 20},
    {5768, 0, 0, 0, 0, 0},
    {5768, 21, 22, 0, 10, 21},
    {6230, 20, 22, 0, 10, 20},
};
constexpr uint8_t kValuePacked[] = {
    0x00, 0x00, 0x00, 0x00, 0x00, 0x00, 0x00, 0x00, 0x0a, 0xee, 0xee, 0xee, 0xa0, 0x0f, 0xff, 0xff, 0xff, 0xf0, 0x0f, 0xff, 0xff, 0xff, 0xf0, 0x0b,
    0xff, 0xff, 0xff, 0xb0, 0x00, 0x00, 0x00, 0x00, 0x00, 0x00, 0x00, 0x00, 0x00, 0x00, 0x00, 0x00, 0x00, 0x00, 0x00, 0x00, 0x00, 0x00, 0x00, 0x00,
    0x00, 0x00, 0x00, 0x00, 0x00, 0x00, 0x00, 0x00, 0x00, 0x00, 0x00, 0x00, 0x00, 0x00, 0x00, 0x00, 0x00, 0x00, 0x00, 0x00, 0x00, 0x00, 0x02, 0x7c,
    0xef, 0xec, 0x72, 0x00, 0x00, 0x00, 0x00, 0x07, 0xef, 0xff, 0xff, 0xff, 0xe7, 0x00, 0x00, 0x00, 0x08, 0xff, 0xff, 0xff, 0xff, 0xff, 0xf8, 0x00,
    0x00, 0x04, 0xff, 0xff, 0xff, 0xff, 0xff, 0xff, 0xf4, 0x00, 0x00, 0xcf, 0xff, 0xfa, 0x20, 0x2a, 0xff, 0xff, 0xc0, 0x00, 0x3f, 0xff, 0xfd, 0x00,
    0x00, 0x0d, 0xff, 0xff, 0x30, 0x08, 0xff, 0xff, 0x60, 0x00, 0x00, 0x6f, 0xff, 0xf8, 0x00, 0xaf, 0xff, 0xf2, 0x00, 0x00, 0x02, 0xff, 0xff, 0xa0,
    0x0d, 0xff, 0xfe, 0x00, 0x00, 0x00, 0x0f, 0xff, 0xfd, 0x00, 0xef, 0xff, 0xd0, 0x00, 0x00, 0x00, 0xdf, 0xff, 0xe0, 0x0f, 0xff, 0xfc, 0x00, 0x00,
    0x00, 0x0d, 0xff, 0xff, 0x00, 0xff, 0xff, 0xc0, 0x00, 0x00, 0x00, 0xdf, 0xff, 0xf0, 0x0e, 0xff, 0xfd, 0x00, 0x00, 0x00, 0x0d, 0xff, 0xfe, 0x00,
    0xdf, 0xff, 0xe0, 0x00, 0x00, 0x00, 0xff, 0xff, 0xd0, 0x0a, 0xff, 0xff, 0x20, 0x00, 0x00, 0x2f, 0xff, 0xfa, 0x00, 0x8f, 0xff, 0xf6, 0x00, 0x00,
    0x06, 0xff, 0xff, 0x80, 0x03, 0xff, 0xff, 0xd0, 0x00, 0x00, 0xdf, 0xff, 0xf3, 0x00, 0x0c, 0xff, 0xff, 0xa2, 0x02, 0xaf, 0xff, 0xfc, 0x00, 0x00,
    0x4f, 0xff, 0xff, 0xff, 0xff, 0xff, 0xff, 0x40, 0x00, 0x00, 0x8f, 0xff, 0xff, 0xff, 0xff, 0xff, 0x80, 0x00, 0x00, 0x00, 0x7e, 0xff, 0xff, 0xff,
    0xfe, 0x70, 0x00, 0x00, 0x00, 0x00, 0x27, 0xce, 0xfe, 0xc7, 0x20, 0x00, 0x00, 0x00, 0x00, 0x00, 0x00, 0x4a, 0xef, 0xf8, 0x00, 0x00, 0x00, 0x00,
    0x00, 0x02, 0xaf, 0xff, 0xff, 0xc0, 0x00, 0x00, 0x00, 0x00, 0x07, 0xef, 0xff, 0xff, 0xfc, 0x00, 0x00, 0x00, 0x00, 0x2d, 0xff, 0xff, 0xff, 0xff,
    0xc0, 0x00, 0x00, 0x00, 0x07, 0xff, 0xff, 0xff, 0xff, 0xfc, 0x00, 0x00, 0x00, 0x00, 0x8f, 0xff, 0xfa, 0xff, 0xff, 0xc0, 0x00, 0x00, 0x00, 0x07,
    0xff, 0xd4, 0x0f, 0xff, 0xfc, 0x00, 0x00, 0x00, 0x00, 0x3d, 0x70, 0x00, 0xff, 0xff, 0xc0, 0x00, 0x00, 0x00, 0x00, 0x00, 0x00, 0x0f, 0xff, 0xfc,
    0x00, 0x00, 0x00, 0x00, 0x00, 0x00, 0x00, 0xff, 0xff, 0xc0, 0x00, 0x00, 0x00, 0x00, 0x00, 0x00, 0x0f, 0xff, 0xfc, 0x00, 0x00, 0x00, 0x00, 0x00,
    0x00, 0x00, 0xff, 0xff, 0xc0, 0x00, 0x00, 0x00, 0x00, 0x00, 0x00, 0x0f, 0xff, 0xfc, 0x00, 0x00, 0x00, 0x00, 0x00, 0x00, 0x00, 0xff, 0xff, 0xc0,
    0x00, 0x00, 0x00, 0x00, 0x00, 0x00, 0x0f, 0xff, 0xfc, 0x00, 0x00, 0x00, 0x00, 0x00, 0x00, 0x00, 0xff, 0xff, 0xc0, 0x00, 0x00, 0x00, 0x00, 0x00,
    0x00, 0x0f, 0xff, 0xfc, 0x00, 0x00, 0x00, 0x00, 0x00, 0x00, 0x00, 0xff, 0xff, 0xc0, 0x00, 0x00, 0x00, 0x00, 0x00, 0x00, 0x0f, 0xff, 0xfc, 0x00,
    0x00, 0x00, 0x00, 0x00, 0x00, 0x00, 0xff, 0xff, 0xc0, 0x00, 0x00, 0x00, 0x00, 0x00, 0x00, 0x0f, 0xff, 0xfc, 0x00, 0x00, 0x00, 0x00, 0x00, 0x00,
    0x00, 0xbf, 0xff, 0x80, 0x00, 0x00, 0x00, 0x00, 0x00, 0x27, 0xbe, 0xfe, 0xd9, 0x30, 0x00, 0x00, 0x00, 0x00, 0x7f, 0xff, 0xff, 0xff, 0xff, 0x90,
    0x00, 0x00, 0x00, 0x8f, 0xff, 0xff, 0xff, 0xff, 0xff, 0x90, 0x00, 0x00, 0x4f, 0xff, 0xff, 0xff, 0xff, 0xff, 0xff, 0x40, 0x00, 0x0c, 0xff, 0xff,
    0x81, 0x02, 0xbf, 0xff, 0xfa, 0x00, 0x02, 0xff, 0xff, 0xa0, 0x00, 0x01, 0xff, 0xff, 0xe0, 0x00, 0x5f, 0xff, 0xf5, 0x00, 0x00, 0x0d, 0xff, 0xff,
    0x00, 0x06, 0xff, 0xff, 0x20, 0x00, 0x00, 0xef, 0xff, 0xd0, 0x00, 0x17, 0x88, 0x50, 0x00, 0x00, 0x6f, 0xff, 0xfa, 0x00, 0x00, 0x00, 0x00, 0x00,
    0x00, 0x2e, 0xff, 0xff, 0x40, 0x00, 0x00, 0x00, 0x00, 0x00, 0x2d, 0xff, 0xff, 0xa0, 0x00, 0x00, 0x00, 0x00, 0x00, 0x2d, 0xff, 0xff, 0xd1, 0x00,
    0x00, 0x00, 0x00, 0x00, 0x2d, 0xff, 0xff, 0xe2, 0x00, 0x00, 0x00, 0x00, 0x00, 0x2d, 0xff, 0xff, 0xe3, 0x00, 0x00, 0x00, 0x00, 0x00, 0x3e, 0xff,
    0xff, 0xe3, 0x00, 0x00, 0x00, 0x00, 0x00, 0x3e, 0xff, 0xff, 0xd2, 0x00, 0x00, 0x00, 0x00, 0x00, 0x3e, 0xff, 0xff, 0xd2, 0x00, 0x00, 0x00, 0x00,
    0x00, 0x4e, 0xff, 0xff, 0xc1, 0x00, 0x00, 0x00, 0x00, 0x00, 0x4e, 0xff, 0xff, 0xfe, 0xee, 0xee, 0xee, 0xea, 0x00, 0x0e, 0xff, 0xff, 0xff, 0xff,
    0xff, 0xff, 0xff, 0xf0, 0x00, 0xff, 0xff, 0xff, 0xff, 0xff, 0xff, 0xff, 0xff, 0x00, 0x0b, 0xff, 0xff, 0xff, 0xff, 0xff, 0xff, 0xff, 0xb0, 0x00,
    0x00, 0x00, 0x39, 0xce, 0xfe, 0xc9, 0x30, 0x00, 0x00, 0x00, 0x01, 0xaf, 0xff, 0xff, 0xff, 0xff, 0x90, 0x00, 0x00, 0x01, 0xdf, 0xff, 0xff, 0xff,
    0xff, 0xff, 0xa0, 0x00, 0x00, 0xaf, 0xff, 0xff, 0xff, 0xff, 0xff, 0xff, 0x40, 0x00, 0x2f, 0xff, 0xfe, 0x51, 0x02, 0xbf, 0xff, 0xf9, 0x00, 0x06,
    0xff, 0xff, 0x50, 0x00, 0x01, 0xff, 0xff, 0xc0, 0x00, 0x7f, 0xff, 0xe1, 0x00, 0x00, 0x3f, 0xff, 0xfb, 0x00, 0x01, 0x67, 0x74, 0x00, 0x01, 0x5d,
    0xff, 0xff, 0x80, 0x00, 0x00, 0x00, 0x00, 0xae, 0xff, 0xff, 0xff, 0xf2, 0x00, 0x00, 0x00, 0x00, 0x0f, 0xff, 0xff, 0xff, 0xf6, 0x00, 0x00, 0x00,
    0x00, 0x00, 0xff, 0xff, 0xff, 0xfe, 0x00, 0x00, 0x00, 0x00, 0x00, 0x0b, 0xff, 0xff, 0xff, 0xfb, 0x00, 0x00, 0x00, 0x00, 0x00, 0x00, 0x15, 0xdf,
    0xff, 0xf6, 0x00, 0x18, 0x99, 0x70, 0x00, 0x00, 0x02, 0xff, 0xff, 0xb0, 0x05, 0xff, 0xff, 0x30, 0x00, 0x00, 0x0d, 0xff, 0xfe, 0x00, 0x3f, 0xff,
    0xf7, 0x00, 0x00, 0x00, 0xef, 0xff, 0xf0, 0x01, 0xff, 0xff, 0xd1, 0x00, 0x00, 0x3f, 0xff, 0xfd, 0x00, 0x0b, 0xff, 0xff, 0xc4, 0x11, 0x5d, 0xff,
    0xff, 0x80, 0x00, 0x4f, 0xff, 0xff, 0xff, 0xff, 0xff, 0xff, 0xe2, 0x00, 0x00, 0x8f, 0xff, 0xff, 0xff, 0xff, 0xff, 0xf4, 0x00, 0x00, 0x00, 0x8f,
    0xff, 0xff, 0xff, 0xff, 0xc3, 0x00, 0x00, 0x00, 0x00, 0x28, 0xce, 0xfe, 0xd9, 0x40, 0x00, 0x00, 0x00, 0x00, 0x00, 0x00, 0x00, 0x09, 0xff, 0xfb,
    0x00, 0x00, 0x00, 0x00, 0x00, 0x00, 0x06, 0xff, 0xff, 0xf0, 0x00, 0x00, 0x00, 0x00, 0x00, 0x03, 0xff, 0xff, 0xff, 0x00, 0x00, 0x00, 0x00, 0x00,
    0x01, 0xdf, 0xff, 0xff, 0xf0, 0x00, 0x00, 0x00, 0x00, 0x00, 0xaf, 0xff, 0xff, 0xff, 0x00, 0x00, 0x00, 0x00, 0x00, 0x6f, 0xff, 0xff, 0xff, 0xf0,
    0x00, 0x00, 0x00, 0x00, 0x2e, 0xff, 0xff, 0xff, 0xff, 0x00, 0x00, 0x00, 0x00, 0x1c, 0xff, 0xff, 0xff, 0xff, 0xf0, 0x00, 0x00, 0x00, 0x09, 0xff,
    0xff, 0x9c, 0xff, 0xff, 0x00, 0x00, 0x00, 0x05, 0xff, 0xff, 0xc0, 0xcf, 0xff, 0xf0, 0x00, 0x00, 0x02, 0xef, 0xff, 0xe2, 0x0c, 0xff, 0xff, 0x00,
    0x00, 0x00, 0xcf, 0xff, 0xf5, 0x00, 0xcf, 0xff, 0xf0, 0x00, 0x00, 0x9f, 0xff, 0xf9, 0x00, 0x0c, 0xff, 0xff, 0x00, 0x00, 0x5f, 0xff, 0xff, 0xff,
    0xff, 0xff, 0xff, 0xff, 0xb0, 0x0e, 0xff, 0xff, 0xff, 0xff, 0xff, 0xff, 0xff, 0xff, 0x00, 0xff, 0xff, 0xff, 0xff, 0xff, 0xff, 0xff, 0xff, 0xf0,
    0x0a, 0xee, 0xee, 0xee, 0xee, 0xef, 0xff, 0xff, 0xea, 0x00, 0x00, 0x00, 0x00, 0x00, 0x00, 0xcf, 0xff, 0xf0, 0x00, 0x00, 0x00, 0x00, 0x00, 0x00,
    0x0c, 0xff, 0xff, 0x00, 0x00, 0x00, 0x00, 0x00, 0x00, 0x00, 0xcf, 0xff, 0xf0, 0x00, 0x00, 0x00, 0x00, 0x00, 0x00, 0x0c, 0xff, 0xff, 0x00, 0x00,
    0x00, 0x00, 0x00, 0x00, 0x00, 0x8f, 0xff, 0xb0, 0x00, 0x00, 0x07, 0xff, 0xff, 0xff, 0xff, 0xff, 0xff, 0xa0, 0x00, 0x00, 0xcf, 0xff, 0xff, 0xff,
    0xff, 0xff, 0xfe, 0x00, 0x00, 0x0e, 0xff, 0xff, 0xff, 0xff, 0xff, 0xff, 0xe0, 0x00, 0x01, 0xff, 0xff, 0xee, 0xee, 0xee, 0xee, 0xe9, 0x00, 0x00,
    0x3f, 0xff, 0xf2, 0x00, 0x00, 0x00, 0x00, 0x00, 0x00, 0x05, 0xff, 0xff, 0x00, 0x00, 0x00, 0x00, 0x00, 0x00, 0x00, 0x7f, 0xff, 0xe7, 0xbd, 0xdc,
    0x94, 0x00, 0x00, 0x00, 0x09, 0xff, 0xff, 0xff, 0xff, 0xff, 0xfb, 0x10, 0x00, 0x00, 0xbf, 0xff, 0xff, 0xff, 0xff, 0xff, 0xfd, 0x10, 0x00, 0x0d,
    0xff, 0xff, 0xff, 0xff, 0xff, 0xff, 0xfa, 0x00, 0x00, 0xff, 0xff, 0xfb, 0x30, 0x29, 0xff, 0xff, 0xf2, 0x00, 0x2f, 0xff, 0xfb, 0x00, 0x00, 0x0a,
    0xff, 0xff, 0x70, 0x00, 0xce, 0xed, 0x20, 0x00, 0x00, 0x4f, 0xff, 0xfa, 0x00, 0x02, 0x22, 0x10, 0x00, 0x00, 0x01, 0xff, 0xff, 0xc0, 0x05, 0xff,
    0xfd, 0x00, 0x00, 0x00, 0x0f, 0xff, 0xfb, 0x00, 0x7f, 0xff, 0xf4, 0x00, 0x00, 0x03, 0xff, 0xff, 0xa0, 0x04, 0xff, 0xff, 0xa0, 0x00, 0x00, 0xaf,
    0xff, 0xf6, 0x00, 0x0e, 0xff, 0xff, 0x92, 0x13, 0x9f, 0xff, 0xfe, 0x10, 0x00, 0x8f, 0xff, 0xff, 0xff, 0xff, 0xff, 0xff, 0x70, 0x00, 0x01, 0xcf,
    0xff, 0xff, 0xff, 0xff, 0xff, 0x90, 0x00, 0x00, 0x01, 0xbf, 0xff, 0xff, 0xff, 0xfe, 0x60, 0x00, 0x00, 0x00, 0x00, 0x49, 0xce, 0xfe, 0xb7, 0x10,
    0x00, 0x00, 0x00, 0x00, 0x00, 0x39, 0xce, 0xfd, 0xa6, 0x00, 0x00, 0x00, 0x00, 0x01, 0xaf, 0xff, 0xff, 0xff, 0xfd, 0x40, 0x00, 0x00, 0x01, 0xcf,
    0xff, 0xff, 0xff, 0xff, 0xff, 0x40, 0x00, 0x00, 0xbf, 0xff, 0xff, 0xff, 0xff, 0xff, 0xfd, 0x00, 0x00, 0x6f, 0xff, 0xfa, 0x20, 0x05, 0xef, 0xff,
    0xf5, 0x00, 0x0d, 0xff, 0xfb, 0x00, 0x00, 0x05, 0xff, 0xff, 0x80, 0x04, 0xff, 0xff, 0x79, 0xdf, 0xed, 0xaf, 0xff, 0xf5, 0x00, 0x8f, 0xff, 0xff,
    0xff, 0xff, 0xff, 0xfb, 0x10, 0x00, 0x0b, 0xff, 0xff, 0xff, 0xff, 0xff, 0xff, 0xfc, 0x10, 0x00, 0xdf, 0xff, 0xff, 0xff, 0xef, 0xff, 0xff, 0xfa,
    0x00, 0x0e, 0xff, 0xff, 0xf7, 0x10, 0x19, 0xff, 0xff, 0xf3, 0x00, 0xff, 0xff, 0xf8, 0x00, 0x00, 0x0a, 0xff, 0xff, 0x70, 0x0f, 0xff, 0xff, 0x10,
    0x00, 0x00, 0x4f, 0xff, 0xfb, 0x00, 0xef, 0xff, 0xd0, 0x00, 0x00, 0x01, 0xff, 0xff, 0xc0, 0x0c, 0xff, 0xfd, 0x00, 0x00, 0x00, 0x0f, 0xff, 0xfb,
    0x00, 0xaf, 0xff, 0xf1, 0x00, 0x00, 0x03, 0xff, 0xff, 0xa0, 0x06, 0xff, 0xff, 0x70, 0x00, 0x00, 0xaf, 0xff, 0xf6, 0x00, 0x1e, 0xff, 0xff, 0x71,
    0x02, 0x9f, 0xff, 0xfe, 0x10, 0x00, 0x7f, 0xff, 0xff, 0xfe, 0xff, 0xff, 0xff, 0x60, 0x00, 0x00, 0xbf, 0xff, 0xff, 0xff, 0xff, 0xff, 0x90, 0x00,
    0x00, 0x01, 0xaf, 0xff, 0xff, 0xff, 0xfe, 0x60, 0x00, 0x00, 0x00, 0x00, 0x39, 0xce, 0xfe, 0xb7, 0x10, 0x00, 0x00, 0x0b, 0xff, 0xff, 0xff, 0xff,
    0xff, 0xff, 0xff, 0xfb, 0x00, 0xff, 0xff, 0xff, 0xff, 0xff, 0xff, 0xff, 0xff, 0xf0, 0x0f, 0xff, 0xff, 0xff, 0xff, 0xff, 0xff, 0xff, 0xfd, 0x00,
    0xae, 0xee, 0xee, 0xee, 0xee, 0xef, 0xff, 0xff, 0x50, 0x00, 0x00, 0x00, 0x00, 0x00, 0x04, 0xff, 0xff, 0xc0, 0x00, 0x00, 0x00, 0x00, 0x00, 0x00,
    0xcf, 0xff, 0xf4, 0x00, 0x00, 0x00, 0x00, 0x00, 0x00, 0x6f, 0xff, 0xfa, 0x00, 0x00, 0x00, 0x00, 0x00, 0x00, 0x1e, 0xff, 0xff, 0x20, 0x00, 0x00,
    0x00, 0x00, 0x00, 0x08, 0xff, 0xff, 0x90, 0x00, 0x00, 0x00, 0x00, 0x00, 0x02, 0xff, 0xff, 0xe1, 0x00, 0x00, 0x00, 0x00, 0x00, 0x00, 0xaf, 0xff,
    0xf7, 0x00, 0x00, 0x00, 0x00, 0x00, 0x00, 0x3f, 0xff, 0xfd, 0x00, 0x00, 0x00, 0x00, 0x00, 0x00, 0x0c, 0xff, 0xff, 0x50, 0x00, 0x00, 0x00, 0x00,
    0x00, 0x05, 0xff, 0xff, 0xb0, 0x00, 0x00, 0x00, 0x00, 0x00, 0x00, 0xdf, 0xff, 0xf3, 0x00, 0x00, 0x00, 0x00, 0x00, 0x00, 0x7f, 0xff, 0xfa, 0x00,
    0x00, 0x00, 0x00, 0x00, 0x00, 0x1e, 0xff, 0xff, 0x20, 0x00, 0x00, 0x00, 0x00, 0x00, 0x09, 0xff, 0xff, 0x80, 0x00, 0x00, 0x00, 0x00, 0x00, 0x02,
    0xff, 0xff, 0xe1, 0x00, 0x00, 0x00, 0x00, 0x00, 0x00, 0xbf, 0xff, 0xf6, 0x00, 0x00, 0x00, 0x00, 0x00, 0x00, 0x4f, 0xff, 0xfd, 0x00, 0x00, 0x00,
    0x00, 0x00, 0x00, 0x03, 0xdf, 0xfe, 0x40, 0x00, 0x00, 0x00, 0x00, 0x00, 0x00, 0x00, 0x04, 0x9c, 0xef, 0xec, 0x83, 0x00, 0x00, 0x00, 0x00, 0x1a,
    0xff, 0xff, 0xff, 0xff, 0xf9, 0x00, 0x00, 0x00, 0x0c, 0xff, 0xff, 0xff, 0xff, 0xff, 0xfa, 0x00, 0x00, 0x07, 0xff, 0xff, 0xff, 0xff, 0xff, 0xff,
    0xf5, 0x00, 0x00, 0xcf, 0xff, 0xf9, 0x10, 0x19, 0xff, 0xff, 0xb0, 0x00, 0x0e, 0xff, 0xfe, 0x00, 0x00, 0x0e, 0xff, 0xfe, 0x00, 0x00, 0xef, 0xff,
    0xe0, 0x00, 0x00, 0xef, 0xff, 0xf0, 0x00, 0x0b, 0xff, 0xff, 0x81, 0x01, 0x9f, 0xff, 0xfc, 0x00, 0x00, 0x3f, 0xff, 0xff, 0xff, 0xff, 0xff, 0xff,
    0x60, 0x00, 0x00, 0x5f, 0xff, 0xff, 0xff, 0xff, 0xff, 0xb0, 0x00, 0x00, 0x2c, 0xff, 0xff, 0xff, 0xff, 0xff, 0xf2, 0x00, 0x00, 0x0c, 0xff, 0xff,
    0xff, 0xff, 0xff, 0xff, 0xe3, 0x00, 0x07, 0xff, 0xff, 0xe6, 0x10, 0x27, 0xff, 0xff, 0xe1, 0x00, 0xcf, 0xff, 0xf4, 0x00, 0x00, 0x07, 0xff, 0xff,
    0x70, 0x0f, 0xff, 0xfe, 0x00, 0x00, 0x00, 0x1f, 0xff, 0xfb, 0x00, 0xef, 0xff, 0xd0, 0x00, 0x00, 0x01, 0xff, 0xff, 0xc0, 0x0d, 0xff, 0xff, 0x30,
    0x00, 0x00, 0x6f, 0xff, 0xfa, 0x00, 0x8f, 0xff, 0xfd, 0x50, 0x01, 0x6e, 0xff, 0xff, 0x60, 0x02, 0xff, 0xff, 0xff, 0xfe, 0xff, 0xff, 0xff, 0xe1,
    0x00, 0x06, 0xff, 0xff, 0xff, 0xff, 0xff, 0xff, 0xe4, 0x00, 0x00, 0x04, 0xdf, 0xff, 0xff, 0xff, 0xff, 0xc3, 0x00, 0x00, 0x00, 0x00, 0x5a, 0xde,
    0xfe, 0xc9, 0x40, 0x00, 0x00, 0x00, 0x00, 0x03, 0x9c, 0xef, 0xec, 0x72, 0x00, 0x00, 0x00, 0x00, 0x1a, 0xff, 0xff, 0xff, 0xff, 0xe7, 0x00, 0x00,
    0x00, 0x1d, 0xff, 0xff, 0xff, 0xff, 0xff, 0xf8, 0x00, 0x00, 0x0b, 0xff, 0xff, 0xff, 0xff, 0xff, 0xff, 0xf4, 0x00, 0x05, 0xff, 0xff, 0xf7, 0x20,
    0x19, 0xff, 0xff, 0xc0, 0x00, 0xaf, 0xff, 0xf6, 0x00, 0x00, 0x09, 0xff, 0xff, 0x30, 0x0d, 0xff, 0xfe, 0x00, 0x00, 0x00, 0x2f, 0xff, 0xf6, 0x00,
    0xff, 0xff, 0xd0, 0x00, 0x00, 0x00, 0xff, 0xff, 0x90, 0x0e, 0xff, 0xff, 0x00, 0x00, 0x00, 0x2f, 0xff, 0xfb, 0x00, 0xcf, 0xff, 0xf6, 0x00, 0x00,
    0x09, 0xff, 0xff, 0xc0, 0x07, 0xff, 0xff, 0xe7, 0x10, 0x29, 0xff, 0xff, 0xfc, 0x00, 0x1e, 0xff, 0xff, 0xff, 0xff, 0xff, 0xff, 0xff, 0xb0, 0x00,
    0x4f, 0xff, 0xff, 0xff, 0xff, 0xff, 0xff, 0xfa, 0x00, 0x00, 0x3d, 0xff, 0xff, 0xff, 0xff, 0xff, 0xff, 0x80, 0x05, 0xcc, 0xcc, 0xac, 0xee, 0xc8,
    0x7f, 0xff, 0xf5, 0x00, 0xbf, 0xff, 0xf1, 0x00, 0x00, 0x0a, 0xff, 0xff, 0x10, 0x09, 0xff, 0xff, 0x60, 0x00, 0x02, 0xff, 0xff, 0xa0, 0x00, 0x5f,
    0xff, 0xfe, 0x50, 0x04, 0xdf, 0xff, 0xf3, 0x00, 0x00, 0xdf, 0xff, 0xff, 0xff, 0xff, 0xff, 0xf8, 0x00, 0x00, 0x03, 0xef, 0xff, 0xff, 0xff, 0xff,
    0xfa, 0x00, 0x00, 0x00, 0x03, 0xdf, 0xff, 0xff, 0xff, 0xf8, 0x00, 0x00, 0x00, 0x00, 0x01, 0x6b, 0xef, 0xec, 0x82, 0x00, 0x00, 0x00, 0x00, 0x0b,
    0xff, 0xff, 0xff, 0xff, 0xec, 0x94, 0x00, 0x00, 0x00, 0x00, 0x00, 0xff, 0xff, 0xff, 0xff, 0xff, 0xff, 0xfd, 0x40, 0x00, 0x00, 0x00, 0x0f, 0xff,
    0xff, 0xff, 0xff, 0xff, 0xff, 0xff, 0x90, 0x00, 0x00, 0x00, 0xff, 0xff, 0xfe, 0xee, 0xff, 0xff, 0xff, 0xff, 0x90, 0x00, 0x00, 0x0f, 0xff, 0xfc,
    0x00, 0x00, 0x15, 0xcf, 0xff, 0xff, 0x50, 0x00, 0x00, 0xff, 0xff, 0xc0, 0x00, 0x00, 0x00, 0x9f, 0xff, 0xfd, 0x00, 0x00, 0x0f, 0xff, 0xfc, 0x00,
    0x00, 0x00, 0x00, 0xcf, 0xff, 0xf5, 0x00, 0x00, 0xff, 0xff, 0xc0, 0x00, 0x00, 0x00, 0x05, 0xff, 0xff, 0x90, 0x00, 0x0f, 0xff, 0xfc, 0x00, 0x00,
    0x00, 0x00, 0x1f, 0xff, 0xfc, 0x00, 0x00, 0xff, 0xff, 0xc0, 0x00, 0x00, 0x00, 0x00, 0xdf, 0xff, 0xe0, 0x00, 0x0f, 0xff, 0xfc, 0x00, 0x00, 0x00,
    0x00, 0x0d, 0xff, 0xff, 0x00, 0x00, 0xff, 0xff, 0xc0, 0x00, 0x00, 0x00, 0x00, 0xdf, 0xff, 0xe0, 0x00, 0x0f, 0xff, 0xfc, 0x00, 0x00, 0x00, 0x00,
    0x0e, 0xff, 0xfd, 0x00, 0x00, 0xff, 0xff, 0xc0, 0x00, 0x00, 0x00, 0x02, 0xff, 0xff, 0xb0, 0x00, 0x0f, 0xff, 0xfc, 0x00, 0x00, 0x00, 0x00, 0x7f,
    0xff, 0xf7, 0x00, 0x00, 0xff, 0xff, 0xc0, 0x00, 0x00, 0x00, 0x1e, 0xff, 0xff, 0x20, 0x00, 0x0f, 0xff, 0xfc, 0x00, 0x00, 0x00, 0x1b, 0xff, 0xff,
    0xb0, 0x00, 0x00, 0xff, 0xff, 0xc0, 0x00, 0x02, 0x6d, 0xff, 0xff, 0xe2, 0x00, 0x00, 0x0f, 0xff, 0xff, 0xee, 0xef, 0xff, 0xff, 0xff, 0xf5, 0x00,
    0x00, 0x00, 0xff, 0xff, 0xff, 0xff, 0xff, 0xff, 0xff, 0xf5, 0x00, 0x00, 0x00, 0x0f, 0xff, 0xff, 0xff, 0xff, 0xff, 0xff, 0xc3, 0x00, 0x00, 0x00,
    0x00, 0xbf, 0xff, 0xff, 0xff, 0xfe, 0xb8, 0x30, 0x00, 0x00, 0x00, 0x00, 0x0b, 0xff, 0xff, 0xd1, 0x00, 0x00, 0x00, 0x8f, 0xff, 0xb0, 0x00, 0x00,
    0xff, 0xff, 0xff, 0x80, 0x00, 0x00, 0x0c, 0xff, 0xff, 0x00, 0x00, 0x0f, 0xff, 0xff, 0xfe, 0x10, 0x00, 0x00, 0xcf, 0xff, 0xf0, 0x00, 0x00, 0xff,
    0xff, 0xff, 0xf8, 0x00, 0x00, 0x0c, 0xff, 0xff, 0x00, 0x00, 0x0f, 0xff, 0xff, 0xff, 0xf2, 0x00, 0x00, 0xcf, 0xff, 0xf0, 0x00, 0x00, 0xff, 0xff,
    0xff, 0xff, 0x90, 0x00, 0x0c, 0xff, 0xff, 0x00, 0x00, 0x0f, 0xff, 0xff, 0xff, 0xff, 0x20, 0x00, 0xcf, 0xff, 0xf0, 0x00, 0x00, 0xff, 0xff, 0xff,
    0xff, 0xf9, 0x00, 0x0c, 0xff, 0xff, 0x00, 0x00, 0x0f, 0xff, 0xfc, 0xbf, 0xff, 0xf2, 0x00, 0xcf, 0xff, 0xf0, 0x00, 0x00, 0xff, 0xff, 0xc3, 0xff,
    0xff, 0xa0, 0x0c, 0xff, 0xff, 0x00, 0x00, 0x0f, 0xff, 0xfc, 0x0a, 0xff, 0xff, 0x30, 0xcf, 0xff, 0xf0, 0x00, 0x00, 0xff, 0xff, 0xc0, 0x2f, 0xff,
    0xfa, 0x0c, 0xff, 0xff, 0x00, 0x00, 0x0f, 0xff, 0xfc, 0x00, 0xaf, 0xff, 0xf3, 0xcf, 0xff, 0xf0, 0x00, 0x00, 0xff, 0xff, 0xc0, 0x02, 0xff, 0xff,
    0xbc, 0xff, 0xff, 0x00, 0x00, 0x0f, 0xff, 0xfc, 0x00, 0x09, 0xff, 0xff, 0xff, 0xff, 0xf0, 0x00, 0x00, 0xff, 0xff, 0xc0, 0x00, 0x2f, 0xff, 0xff,
    0xff, 0xff, 0x00, 0x00, 0x0f, 0xff, 0xfc, 0x00, 0x00, 0x9f, 0xff, 0xff, 0xff, 0xf0, 0x00, 0x00, 0xff, 0xff, 0xc0, 0x00, 0x01, 0xef, 0xff, 0xff,
    0xff, 0x00, 0x00, 0x0f, 0xff, 0xfc, 0x00, 0x00, 0x08, 0xff, 0xff, 0xff, 0xf0, 0x00, 0x00, 0xff, 0xff, 0xc0, 0x00, 0x00, 0x1e, 0xff, 0xff, 0xff,
    0x00, 0x00, 0x0f, 0xff, 0xfc, 0x00, 0x00, 0x00, 0x8f, 0xff, 0xff, 0xf0, 0x00, 0x00, 0xbf, 0xff, 0x80, 0x00, 0x00, 0x01, 0xdf, 0xff, 0xfb, 0x00,
    0x00, 0x0b, 0xff, 0xff, 0xff, 0xff, 0xed, 0xa5, 0x00, 0x00, 0x00, 0x0f, 0xff, 0xff, 0xff, 0xff, 0xff, 0xff, 0xd4, 0x00, 0x00, 0x0f, 0xff, 0xff,
    0xff, 0xff, 0xff, 0xff, 0xff, 0x40, 0x00, 0x0f, 0xff, 0xff, 0xee, 0xee, 0xff, 0xff, 0xff, 0xe1, 0x00, 0x0f, 0xff, 0xfc, 0x00, 0x00, 0x04, 0xdf,
    0xff, 0xf6, 0x00, 0x0f, 0xff, 0xfc, 0x00, 0x00, 0x00, 0x4f, 0xff, 0xfa, 0x00, 0x0f, 0xff, 0xfc, 0x00, 0x00, 0x00, 0x1f, 0xff, 0xfc, 0x00, 0x0f,
    0xff, 0xfc, 0x00, 0x00, 0x00, 0x1f, 0xff, 0xfc, 0x00, 0x0f, 0xff, 0xfc, 0x00, 0x00, 0x00, 0x5f, 0xff, 0xfa, 0x00, 0x0f, 0xff, 0xfc, 0x00, 0x00,
    0x15, 0xef, 0xff, 0xf5, 0x00, 0x0f, 0xff, 0xff, 0xff, 0xff, 0xff, 0xff, 0xff, 0xd0, 0x00, 0x0f, 0xff, 0xff, 0xff, 0xff, 0xff, 0xff, 0xfe, 0x30,
    0x00, 0x0f, 0xff, 0xff, 0xff, 0xff, 0xff, 0xff, 0xc2, 0x00, 0x00, 0x0f, 0xff, 0xff, 0xee, 0xee, 0xdc, 0x94, 0x00, 0x00, 0x00, 0x0f, 0xff, 0xfc,
    0x00, 0x00, 0x00, 0x00, 0x00, 0x00, 0x00, 0x0f, 0xff, 0xfc, 0x00, 0x00, 0x00, 0x00, 0x00, 0x00, 0x00, 0x0f, 0xff, 0xfc, 0x00, 0x00, 0x00, 0x00,
    0x00, 0x00, 0x00, 0x0f, 0xff, 0xfc, 0x00, 0x00, 0x00, 0x00, 0x00, 0x00, 0x00, 0x0f, 0xff, 0xfc, 0x00, 0x00, 0x00, 0x00, 0x00, 0x00, 0x00, 0x0f,
    0xff, 0xfc, 0x00, 0x00, 0x00, 0x00, 0x00, 0x00, 0x00, 0x0f, 0xff, 0xfc, 0x00, 0x00, 0x00, 0x00, 0x00, 0x00, 0x00, 0x0b, 0xff, 0xf8, 0x00, 0x00,
    0x00, 0x00, 0x00, 0x00, 0x00, 0x0b, 0xff, 0xff, 0xff, 0xff, 0xfe, 0xb7, 0x20, 0x00, 0x00, 0x00, 0xff, 0xff, 0xff, 0xff, 0xff, 0xff, 0xff, 0x80,
    0x00, 0x00, 0x0f, 0xff, 0xff, 0xff, 0xff, 0xff, 0xff, 0xff, 0x90, 0x00, 0x00, 0xff, 0xff, 0xfe, 0xee, 0xef, 0xff, 0xff, 0xff, 0x30, 0x00, 0x0f,
    0xff, 0xfc, 0x00, 0x00, 0x04, 0xcf, 0xff, 0xf9, 0x00, 0x00, 0xff, 0xff, 0xc0, 0x00, 0x00, 0x03, 0xff, 0xff, 0xb0, 0x00, 0x0f, 0xff, 0xfc, 0x00,
    0x00, 0x00, 0x1f, 0xff, 0xfc, 0x00, 0x00, 0xff, 0xff, 0xc0, 0x00, 0x00, 0x03, 0xff, 0xff, 0xa0, 0x00, 0x0f, 0xff, 0xfc, 0x00, 0x00, 0x03, 0xcf,
    0xff, 0xf5, 0x00, 0x00, 0xff, 0xff, 0xfe, 0xee, 0xef, 0xff, 0xff, 0xfb, 0x00, 0x00, 0x0f, 0xff, 0xff, 0xff, 0xff, 0xff, 0xff, 0xfa, 0x10, 0x00,
    0x00, 0xff, 0xff, 0xff, 0xff, 0xff, 0xff, 0xff, 0x50, 0x00, 0x00, 0x0f, 0xff, 0xff, 0xff, 0xff, 0xff, 0xff, 0xfe, 0x10, 0x00, 0x00, 0xff, 0xff,
    0xc0, 0x00, 0x02, 0xbf, 0xff, 0xf6, 0x00, 0x00, 0x0f, 0xff, 0xfc, 0x00, 0x00, 0x02, 0xff, 0xff, 0x90, 0x00, 0x00, 0xff, 0xff, 0xc0, 0x00, 0x00,
    0x0d, 0xff, 0xfc, 0x00, 0x00, 0x0f, 0xff, 0xfc, 0x00, 0x00, 0x00, 0xbf, 0xff, 0xd0, 0x00, 0x00, 0xff, 0xff, 0xc0, 0x00, 0x00, 0x09, 0xff, 0xff,
    0x10, 0x00, 0x0f, 0xff, 0xfc, 0x00, 0x00, 0x00, 0x7f, 0xff, 0xf3, 0x00, 0x00, 0xff, 0xff, 0xc0, 0x00, 0x00, 0x03, 0xff, 0xff, 0x80, 0x00, 0x0f,
    0xff, 0xfc, 0x00, 0x00, 0x00, 0x0e, 0xff, 0xfe, 0x10, 0x00, 0xbf, 0xff, 0x80, 0x00, 0x00, 0x00, 0x7f, 0xff, 0xd1, 0x00, 0x00, 0x00, 0x16, 0xbd,
    0xfe, 0xda, 0x40, 0x00, 0x00, 0x00, 0x00, 0x05, 0xef, 0xff, 0xff, 0xff, 0xfc, 0x20, 0x00, 0x00, 0x00, 0x7f, 0xff, 0xff, 0xff, 0xff, 0xff, 0xd2,
    0x00, 0x00, 0x03, 0xff, 0xff, 0xff, 0xff, 0xff, 0xff, 0xfb, 0x00, 0x00, 0x0a, 0xff, 0xff, 0x82, 0x01, 0x6e, 0xff, 0xff, 0x30, 0x00, 0x0e, 0xff,
    0xfd, 0x00, 0x00, 0x06, 0xff, 0xff, 0x80, 0x00, 0x0f, 0xff, 0xfe, 0x00, 0x00, 0x02, 0xff, 0xff, 0xb0, 0x00, 0x0d, 0xff, 0xff, 0x91, 0x00, 0x00,
    0x7b, 0xbb, 0x40, 0x00, 0x09, 0xff, 0xff, 0xfe, 0xa6, 0x30, 0x00, 0x00, 0x00, 0x00, 0x02, 0xef, 0xff, 0xff, 0xff, 0xfd, 0x81, 0x00, 0x00, 0x00,
    0x00, 0x3e, 0xff, 0xff, 0xff, 0xff, 0xfe, 0x60, 0x00, 0x00, 0x00, 0x01, 0x8e, 0xff, 0xff, 0xff, 0xff, 0xf8, 0x00, 0x00, 0x00, 0x00, 0x00, 0x59,
    0xcf, 0xff, 0xff, 0xff, 0x40, 0x00, 0x00, 0x00, 0x00, 0x00, 0x02, 0x7e, 0xff, 0xff, 0xa0, 0x00, 0x8d, 0xdd, 0x70, 0x00, 0x00, 0x04, 0xff, 0xff,
    0xe0, 0x00, 0xdf, 0xff, 0xf1, 0x00, 0x00, 0x00, 0xdf, 0xff, 0xf0, 0x00, 0xaf, 0xff, 0xf8, 0x00, 0x00, 0x00, 0xef, 0xff, 0xd0, 0x00, 0x5f, 0xff,
    0xff, 0x92, 0x00, 0x3b, 0xff, 0xff, 0x90, 0x00, 0x0c, 0xff, 0xff, 0xff, 0xff, 0xff, 0xff, 0xff, 0x30, 0x00, 0x02, 0xdf, 0xff, 0xff, 0xff, 0xff,
    0xff, 0xf6, 0x00, 0x00, 0x00, 0x1a, 0xff, 0xff, 0xff, 0xff, 0xfd, 0x50, 0x00, 0x00, 0x00, 0x00, 0x38, 0xce, 0xfe, 0xda, 0x61, 0x00, 0x00,
};
constexpr char kValueFirst = 32;
constexpr int kValueAscent = 31;
constexpr int kValueDescent = 8;

// Title: 22 px, 획 1, ' '..'~', 10745바이트
constexpr HudGlyph kTitleGlyphs[] = {
    {0, 7, 2, 0, 22, 7},
    {14, 7, 17, 0, 7, 7},
    {133, 10, 18, 0, 6, 10},
    {313, 16, 17, 0, 7, 16},
    {585, 15, 22, 0, 4, 15},
    {915, 19, 17, 0, 7, 19},
    {1238, 16, 17, 0, 7, 16},
    {1510, 6, 18, 0, 6, 6},
    {1618, 8, 21, 0, 5, 8},
    {1786, 8, 21, 0, 5, 8},
    {1954, 15, 12, 0, 12, 15},
    {2134, 15, 14, 0, 10, 15},
    {2344, 8, 7, -1, 20, 7},
    {2400, 9, 10, 0, 14, 9},
    {2490, 7, 5, 0, 19, 7},
    {2525, 10, 19, -1, 6, 9},
    {2715, 15, 17, 0, 7, 15},
    {2970, 15, 17, 0, 7, 15},
    {3225, 15, 17, 0, 7, 15},
    {3480, 15, 17, 0, 7, 15},
    {3735, 15, 17, 0, 7, 15},
    {3990, 15, 17, 0, 7, 15},
    {4245, 15, 17, 0, 7, 15},
    {4500, 15, 17, 0, 7, 15},
    {4755, 15, 17, 0, 7, 15},
    {5010, 15, 17, 0, 7, 15},
    {5265, 7, 14, 0, 10, 7},
    {5363, 8, 17, -1, 10, 7},
    {5499, 15, 14, 0, 10, 15},
    {5709, 15, 12, 0, 12, 15},
    {5889, 14, 14, 0, 10, 14},
    {6085, 13, 17, 0, 7, 13},
    {6306, 20, 21, 0, 6, 20},
    {6726, 16, 17, 0, 7, 16},
    {6998, 16, 17, 0, 7, 16},
    {7270, 17, 17, 0, 7, 17},
    {7559, 18, 17, 0, 7, 18},
    {7865, 15, 17, 0, 7, 15},
    {8120, 15, 17, 0, 7, 15},
    {8375, 17, 17, 0, 7, 17},
    {8664, 18, 17, 0, 7, 18},
    {8970, 8, 17, 0, 7, 8},
    {9106, 13, 17, 0, 7, 13},
    {9327, 16, 17, 0, 7, 15},
    {9599, 15, 17, 0, 7, 15},
    {9854, 21, 17, 0, 7, 21},
    {10211, 18, 17, 0, 7, 18},
    {10517, 18, 17, 0, 7, 18},
    {10823, 16, 17, 0, 7, 16},
    {11095, 18, 18, 0, 7, 18},
    {11419, 16, 17, 0, 7, 16},
    {11691, 15, 17, 0, 7, 15},
    {11946, 16, 17, 0, 7, 16},
    {12218, 17, 17, 0, 7, 17},
    {12507, 16, 17, 0, 7, 16},
    {12779, 23, 17, 0, 7, 23},
    {13170, 16, 17, 0, 7, 16},
    {13442, 16, 17, 0, 7, 15},
    {13714, 16, 17, 0, 7, 16},
    {13986, 8, 23, 0, 4, 8},
    {14170, 10, 19, -1, 6, 9},
    {14360, 8, 23, 0, 4, 8},
    {14544, 15, 16, 0, 8, 15},
    {14784, 13, 5, 0, 22, 13},
    {14849, 9, 18, 0, 6, 9},
    {15011, 14, 14, 0, 10, 14},
    {15207, 16, 18, 0, 6, 16},
    {15495, 14, 14, 0, 10, 14},
    {15691, 16, 18, 0, 6, 16},
    {15979, 14, 14, 0, 10, 14},
    {16175, 10, 19, 0, 5, 10},
    {16365, 16, 18, 0, 10, 16},
    {16653, 16, 18, 0, 6, 16},
    {16941, 7, 18, 0, 6, 7},
    {17067, 8, 22, -1, 6, 7},
    {17243, 14, 18, 0, 6, 14},
    {17495, 8, 18, 0, 6, 8},
    {17639, 22, 14, 0, 10, 22},
    {17947, 16, 14, 0, 10, 16},
    {18171, 16, 14, 0, 10, 16},
    {18395, 16, 18, 0, 10, 16},
    {18683, 16, 18, 0, 10, 16},
    {18971, 10, 14, 0, 10, 10},
    {19111, 12, 14, 0, 10, 12},
    {19279, 10, 17, 0, 7, 10},
    {19449, 15, 14, 0, 10, 15},
    {19659, 14, 14, 0, 10, 13},
    {19855, 20, 14, 0, 10, 19},
    {20135, 14, 14, -1, 10, 13},
    {20331, 14, 18, -1, 10, 13},
    {20583, 13, 14, 0, 10, 13},
    {20765, 9, 23, 0, 4, 9},
    {20972, 7, 24, 0, 4, 7},
    {21140, 8, 23, 0, 4, 8},
    {21324, 15, 11, 0, 13, 15},
};
constexpr uint8_t kTitlePacked[] = {
    0x00, 0x00, 0x00, 0x00, 0x00, 0x00, 0x00, 0x0b, 0xff, 0xb0, 0x00, 0xff, 0xff, 0x10, 0x0f, 0xff, 0xf1, 0x00, 0xff, 0xff, 0x10, 0x0f, 0xff, 0xf1,
    0x00, 0xff, 0xff, 0x10, 0x0f, 0xff, 0xf1, 0x00, 0xff, 0xff, 0x10, 0x0f, 0xff, 0xf1, 0x00, 0xff, 0xff, 0x10, 0x0f, 0xff, 0xf1, 0x00, 0xff, 0xff,
    0x10, 0x0c, 0xff, 0xf1, 0x00, 0xbf, 0xff, 0x80, 0x0e, 0xff, 0xfc, 0x00, 0xcf, 0xff, 0x90, 0x02, 0xce, 0xb1, 0x00, 0x0b, 0xff, 0xff, 0xfb, 0x00,
    0x0f, 0xff, 0xff, 0xff, 0x00, 0x0f, 0xff, 0xff, 0xff, 0x00, 0x0f, 0xff, 0xff, 0xff, 0x00, 0x0f, 0xff, 0xff, 0xff, 0x00, 0x0f, 0xff, 0xff, 0xff,
    0x00, 0x0b, 0xff, 0xff, 0xfb, 0x00, 0x00, 0x00, 0x00, 0x00, 0x00, 0x00, 0x00, 0x00, 0x00, 0x00, 0x00, 0x00, 0x00, 0x00, 0x00, 0x00, 0x00, 0x00,
    0x00, 0x00, 0x00, 0x00, 0x00, 0x00, 0x00, 0x00, 0x00, 0x00, 0x00, 0x00, 0x00, 0x00, 0x00, 0x00, 0x00, 0x00, 0x00, 0x00, 0x00, 0x00, 0x00, 0x00,
    0x00, 0x00, 0x00, 0x00, 0x00, 0x00, 0x00, 0x00, 0x00, 0x00, 0x00, 0x00, 0x00, 0x00, 0x00, 0x06, 0xfe, 0x9e, 0xf6, 0x00, 0x00, 0x00, 0x00, 0x0b,
    0xff, 0xff, 0xf9, 0x00, 0x00, 0x00, 0x00, 0x0e, 0xff, 0xff, 0xf7, 0x00, 0x00, 0x00, 0x00, 0x2f, 0xff, 0xff, 0xf4, 0x00, 0x00, 0x00, 0x00, 0x5f,
    0xff, 0xff, 0xf1, 0x00, 0x00, 0x00, 0xbf, 0xff, 0xff, 0xff, 0xff, 0xb0, 0x00, 0x00, 0xff, 0xff, 0xff, 0xff, 0xff, 0xf0, 0x00, 0x00, 0xdf, 0xff,
    0xff, 0xff, 0xff, 0xd0, 0x00, 0x00, 0x37, 0xff, 0xff, 0xff, 0x73, 0x10, 0x00, 0x0c, 0xff, 0xff, 0xff, 0xff, 0xfc, 0x00, 0x00, 0x0f, 0xff, 0xff,
    0xff, 0xff, 0xff, 0x00, 0x00, 0x0e, 0xff, 0xff, 0xff, 0xff, 0xfe, 0x00, 0x00, 0x02, 0x5f, 0xff, 0xff, 0xf8, 0x52, 0x00, 0x00, 0x00, 0x3f, 0xff,
    0xff, 0xf3, 0x00, 0x00, 0x00, 0x00, 0x7f, 0xff, 0xff, 0xe0, 0x00, 0x00, 0x00, 0x00, 0xaf, 0xff, 0xff, 0xb0, 0x00, 0x00, 0x00, 0x00, 0x6f, 0xe9,
    0xef, 0x60, 0x00, 0x00, 0x00, 0x00, 0x00, 0x05, 0x74, 0x00, 0x00, 0x00, 0x00, 0x00, 0x02, 0xff, 0xe0, 0x00, 0x00, 0x00, 0x00, 0x01, 0x9f, 0xff,
    0x83, 0x00, 0x00, 0x00, 0x05, 0xef, 0xff, 0xff, 0xf9, 0x00, 0x00, 0x03, 0xff, 0xff, 0xff, 0xff, 0xf9, 0x00, 0x00, 0xaf, 0xff, 0xff, 0xff, 0xff,
    0xf4, 0x00, 0x0e, 0xff, 0xff, 0xff, 0xaf, 0xff, 0x90, 0x00, 0xff, 0xff, 0xff, 0xf4, 0xff, 0xfb, 0x00, 0x0e, 0xff, 0xff, 0xff, 0x06, 0x87, 0x30,
    0x00, 0x9f, 0xff, 0xff, 0xf9, 0x30, 0x00, 0x00, 0x02, 0xef, 0xff, 0xff, 0xff, 0xa1, 0x00, 0x00, 0x02, 0xcf, 0xff, 0xff, 0xff, 0xc1, 0x00, 0x00,
    0x00, 0x7f, 0xff, 0xff, 0xff, 0x70, 0x01, 0x78, 0x73, 0xff, 0xfd, 0xff, 0xfd, 0x00, 0x7f, 0xff, 0xaf, 0xff, 0x3f, 0xff, 0xf0, 0x06, 0xff, 0xff,
    0xff, 0xf3, 0xff, 0xfe, 0x00, 0x3f, 0xff, 0xff, 0xff, 0xef, 0xff, 0xa0, 0x00, 0xbf, 0xff, 0xff, 0xff, 0xff, 0xe2, 0x00, 0x02, 0xdf, 0xff, 0xff,
    0xff, 0xe4, 0x00, 0x00, 0x01, 0x8f, 0xff, 0xfc, 0x71, 0x00, 0x00, 0x00, 0x00, 0x3f, 0xff, 0x00, 0x00, 0x00, 0x00, 0x00, 0x01, 0xdf, 0xa0, 0x00,
    0x00, 0x00, 0x01, 0x9e, 0xfe, 0x91, 0x00, 0x05, 0xef, 0xf5, 0x00, 0x02, 0xef, 0xff, 0xff, 0xe2, 0x01, 0xef, 0xff, 0x60, 0x00, 0xaf, 0xff, 0xff,
    0xff, 0xa0, 0xaf, 0xff, 0xb0, 0x00, 0x0e, 0xff, 0xf9, 0xff, 0xfe, 0x5f, 0xff, 0xe2, 0x00, 0x00, 0xff, 0xff, 0x5f, 0xff, 0xfe, 0xff, 0xf6, 0x00,
    0x00, 0x0c, 0xff, 0xff, 0xff, 0xff, 0xff, 0xfb, 0x00, 0x00, 0x00, 0x5f, 0xff, 0xff, 0xff, 0xff, 0xfe, 0x20, 0x00, 0x00, 0x00, 0x5e, 0xff, 0xff,
    0xff, 0xff, 0x61, 0x00, 0x00, 0x00, 0x00, 0x03, 0x43, 0xbf, 0xff, 0xfe, 0xfe, 0xa2, 0x00, 0x00, 0x00, 0x00, 0x5f, 0xff, 0xff, 0xff, 0xff, 0xe2,
    0x00, 0x00, 0x00, 0x1e, 0xff, 0xff, 0xff, 0xff, 0xff, 0xa0, 0x00, 0x00, 0x0a, 0xff, 0xff, 0xff, 0xf7, 0xff, 0xfe, 0x00, 0x00, 0x05, 0xff, 0xff,
    0xff, 0xff, 0x1f, 0xff, 0xf1, 0x00, 0x01, 0xef, 0xff, 0x6e, 0xff, 0xfa, 0xff, 0xfe, 0x00, 0x00, 0xaf, 0xff, 0xb0, 0xaf, 0xff, 0xff, 0xff, 0x90,
    0x00, 0x4f, 0xff, 0xe2, 0x02, 0xdf, 0xff, 0xff, 0xd2, 0x00, 0x04, 0xef, 0xe5, 0x00, 0x01, 0x9d, 0xfd, 0x92, 0x00, 0x00, 0x00, 0x3a, 0xdf, 0xed,
    0xb1, 0x00, 0x00, 0x00, 0x08, 0xff, 0xff, 0xff, 0xf5, 0x00, 0x00, 0x00, 0x6f, 0xff, 0xff, 0xff, 0xf5, 0x00, 0x00, 0x00, 0xdf, 0xff, 0xc8, 0x89,
    0xa2, 0x00, 0x00, 0x00, 0xff, 0xff, 0x10, 0x0c, 0xff, 0xc0, 0x00, 0x00, 0xef, 0xff, 0x62, 0x2f, 0xff, 0xf3, 0x10, 0x00, 0x8f, 0xff, 0xff, 0xff,
    0xff, 0xff, 0xf5, 0x00, 0x1f, 0xff, 0xff, 0xff, 0xff, 0xff, 0xf8, 0x00, 0xbf, 0xff, 0xff, 0xff, 0xff, 0xff, 0xf6, 0x07, 0xff, 0xff, 0x96, 0x5f,
    0xff, 0xf5, 0x40, 0x0d, 0xff, 0xf5, 0x00, 0x0f, 0xff, 0xf1, 0x00, 0x0f, 0xff, 0xf1, 0x00, 0x0f, 0xff, 0xf1, 0x00, 0x0e, 0xff, 0xf4, 0x00, 0x0f,
    0xff, 0xf1, 0x00, 0x0b, 0xff, 0xfe, 0x97, 0x7f, 0xff, 0xf1, 0x00, 0x04, 0xff, 0xff, 0xff, 0xff, 0xff, 0xf1, 0x00, 0x00, 0x7f, 0xff, 0xff, 0xff,
    0xff, 0xf1, 0x00, 0x00, 0x02, 0x8c, 0xef, 0xfe, 0xca, 0x50, 0x00, 0x0b, 0xff, 0xb0, 0x0f, 0xff, 0xf1, 0x0f, 0xff, 0xf1, 0x0f, 0xff, 0xf1, 0x0f,
    0xff, 0xf1, 0x0f, 0xff, 0xf1, 0x0b, 0xff, 0xb0, 0x00, 0x00, 0x00, 0x00, 0x00, 0x00, 0x00, 0x00, 0x00, 0x00, 0x00, 0x00, 0x00, 0x00, 0x00, 0x00,
    0x00, 0x00, 0x00, 0x00, 0x00, 0x00, 0x00, 0x00, 0x00, 0x00, 0x00, 0x00, 0x00, 0x00, 0x00, 0x00, 0x00, 0x00, 0x00, 0x7f, 0xe5, 0x00, 0x02, 0xff,
    0xf6, 0x00, 0x09, 0xff, 0xd0, 0x00, 0x0e, 0xff, 0x60, 0x00, 0x4f, 0xff, 0x10, 0x00, 0x9f, 0xfb, 0x00, 0x00, 0xbf, 0xf7, 0x00, 0x00, 0xef, 0xf4,
    0x00, 0x01, 0xff, 0xf2, 0x00, 0x02, 0xff, 0xf1, 0x00, 0x02, 0xff, 0xf0, 0x00, 0x02, 0xff, 0xf1, 0x00, 0x01, 0xff, 0xf2, 0x00, 0x00, 0xef, 0xf4,
    0x00, 0x00, 0xbf, 0xf7, 0x00, 0x00, 0x9f, 0xfb, 0x00, 0x00, 0x4f, 0xff, 0x10, 0x00, 0x0e, 0xff, 0x60, 0x00, 0x09, 0xff, 0xd0, 0x00, 0x02, 0xff,
    0xf6, 0x00, 0x00, 0x7f, 0xe5, 0x7f, 0xe5, 0x00, 0x00, 0x9f, 0xfd, 0x00, 0x00, 0x2f, 0xff, 0x60, 0x00, 0x09, 0xff, 0xb0, 0x00, 0x04, 0xff, 0xf1,
    0x00, 0x00, 0xef, 0xf5, 0x00, 0x00, 0xaf, 0xf8, 0x00, 0x00, 0x7f, 0xfb, 0x00, 0x00, 0x5f, 0xfd, 0x00, 0x00, 0x4f, 0xfe, 0x00, 0x00, 0x3f, 0xff,
    0x00, 0x00, 0x4f, 0xfe, 0x00, 0x00, 0x5f, 0xfd, 0x00, 0x00, 0x7f, 0xfb, 0x00, 0x00, 0xaf, 0xf8, 0x00, 0x00, 0xef, 0xf5, 0x00, 0x04, 0xff, 0xf1,
    0x00, 0x09, 0xff, 0xb0, 0x00, 0x2f, 0xff, 0x60, 0x00, 0x9f, 0xfd, 0x00, 0x00, 0x7f, 0xe5, 0x00, 0x00, 0x00, 0x00, 0x00, 0xdf, 0xa0, 0x00, 0x00,
    0x00, 0x00, 0x00, 0x2f, 0xff, 0x00, 0x00, 0x00, 0x00, 0x04, 0x12, 0xff, 0xf0, 0x24, 0x00, 0x00, 0x07, 0xff, 0xbf, 0xff, 0xbf, 0xf4, 0x00, 0x00,
    0xbf, 0xff, 0xff, 0xff, 0xff, 0x90, 0x00, 0x08, 0xff, 0xff, 0xff, 0xff, 0xe5, 0x00, 0x00, 0x01, 0x8f, 0xff, 0xff, 0x60, 0x00, 0x00, 0x00, 0x2e,
    0xff, 0xff, 0xfc, 0x10, 0x00, 0x00, 0x0b, 0xff, 0xf8, 0xff, 0xf8, 0x00, 0x00, 0x00, 0x8f, 0xf8, 0x0b, 0xff, 0x50, 0x00, 0x00, 0x00, 0x58, 0x00,
    0x18, 0x40, 0x00, 0x00, 0x00, 0x00, 0x00, 0x00, 0x00, 0x00, 0x00, 0x00, 0x00, 0x01, 0xdf, 0xa0, 0x00, 0x00, 0x00, 0x00, 0x00, 0x3f, 0xff, 0x00,
    0x00, 0x00, 0x00, 0x00, 0x03, 0xff, 0xf0, 0x00, 0x00, 0x00, 0x00, 0x22, 0x4f, 0xff, 0x22, 0x20, 0x00, 0x00, 0xcf, 0xff, 0xff, 0xff, 0xff, 0xc0,
    0x00, 0x0f, 0xff, 0xff, 0xff, 0xff, 0xff, 0x00, 0x00, 0xef, 0xff, 0xff, 0xff, 0xff, 0xe0, 0x00, 0x02, 0x55, 0x6f, 0xff, 0x55, 0x52, 0x00, 0x00,
    0x00, 0x03, 0xff, 0xf0, 0x00, 0x00, 0x00, 0x00, 0x00, 0x3f, 0xff, 0x00, 0x00, 0x00, 0x00, 0x00, 0x03, 0xff, 0xf0, 0x00, 0x00, 0x00, 0x00, 0x00,
    0x1d, 0xfa, 0x00, 0x00, 0x00, 0x00, 0x00, 0x00, 0x00, 0x00, 0x00, 0x00, 0x00, 0x00, 0x00, 0x00, 0x00, 0x00, 0x00, 0x00, 0x00, 0xcf, 0xfb, 0x00,
    0x04, 0xff, 0xfe, 0x00, 0x09, 0xff, 0xf8, 0x00, 0x0e, 0xff, 0xf2, 0x00, 0x5f, 0xff, 0xb0, 0x00, 0xaf, 0xff, 0x50, 0x00, 0x7f, 0xfc, 0x00, 0x00,
    0x00, 0x22, 0x22, 0x20, 0x00, 0xcf, 0xff, 0xff, 0xc0, 0x0f, 0xff, 0xff, 0xff, 0x00, 0xef, 0xff, 0xff, 0xe0, 0x02, 0x55, 0x55, 0x52, 0x00, 0x00,
    0x00, 0x00, 0x00, 0x00, 0x00, 0x00, 0x00, 0x00, 0x00, 0x00, 0x00, 0x00, 0x00, 0x00, 0x00, 0x00, 0x00, 0x00, 0x00, 0x00, 0x00, 0x01, 0x9c, 0x80,
    0x00, 0xbf, 0xff, 0x80, 0x0e, 0xff, 0xfc, 0x00, 0xcf, 0xff, 0x90, 0x02, 0xce, 0xb1, 0x00, 0x00, 0x00, 0x06, 0xff, 0x70, 0x00, 0x00, 0x0c, 0xff,
    0xa0, 0x00, 0x00, 0x2f, 0xff, 0x50, 0x00, 0x00, 0x7f, 0xfe, 0x10, 0x00, 0x00, 0xcf, 0xfa, 0x00, 0x00, 0x02, 0xff, 0xf5, 0x00, 0x00, 0x07, 0xff,
    0xe1, 0x00, 0x00, 0x0c, 0xff, 0xa0, 0x00, 0x00, 0x2f, 0xff, 0x50, 0x00, 0x00, 0x7f, 0xfe, 0x10, 0x00, 0x00, 0xcf, 0xfa, 0x00, 0x00, 0x02, 0xff,
    0xf5, 0x00, 0x00, 0x07, 0xff, 0xe0, 0x00, 0x00, 0x0d, 0xff, 0xa0, 0x00, 0x00, 0x2f, 0xff, 0x50, 0x00, 0x00, 0x8f, 0xfe, 0x00, 0x00, 0x00, 0xdf,
    0xfa, 0x00, 0x00, 0x00, 0xff, 0xf4, 0x00, 0x00, 0x00, 0x48, 0x60, 0x00, 0x00, 0x00, 0x00, 0x05, 0xae, 0xfe, 0xa5, 0x00, 0x00, 0x00, 0x0a, 0xff,
    0xff, 0xff, 0xfa, 0x00, 0x00, 0x08, 0xff, 0xff, 0xff, 0xff, 0xf8, 0x00, 0x02, 0xff, 0xff, 0xb7, 0xbf, 0xff, 0xf2, 0x00, 0x7f, 0xff, 0xc0, 0x00,
    0xcf, 0xff, 0x70, 0x0b, 0xff, 0xf6, 0x00, 0x06, 0xff, 0xfb, 0x00, 0xdf, 0xff, 0x30, 0x00, 0x3f, 0xff, 0xd0, 0x0e, 0xff, 0xf1, 0x00, 0x02, 0xff,
    0xfe, 0x00, 0xff, 0xff, 0x10, 0x00, 0x1f, 0xff, 0xf0, 0x0e, 0xff, 0xf1, 0x00, 0x01, 0xff, 0xfe, 0x00, 0xdf, 0xff, 0x30, 0x00, 0x3f, 0xff, 0xd0,
    0x0b, 0xff, 0xf6, 0x00, 0x06, 0xff, 0xfb, 0x00, 0x7f, 0xff, 0xc0, 0x00, 0xcf, 0xff, 0x70, 0x02, 0xff, 0xff, 0xb7, 0xbf, 0xff, 0xf2, 0x00, 0x08,
    0xff, 0xff, 0xff, 0xff, 0xf8, 0x00, 0x00, 0x0a, 0xff, 0xff, 0xff, 0xfa, 0x00, 0x00, 0x00, 0x05, 0xbe, 0xfe, 0xb5, 0x00, 0x00, 0x00, 0x00, 0x00,
    0x4b, 0xef, 0xb0, 0x00, 0x00, 0x00, 0x01, 0xaf, 0xff, 0xff, 0x10, 0x00, 0x00, 0x05, 0xef, 0xff, 0xff, 0xf1, 0x00, 0x00, 0x00, 0xef, 0xff, 0xff,
    0xff, 0x10, 0x00, 0x00, 0x0f, 0xff, 0xef, 0xff, 0xf1, 0x00, 0x00, 0x00, 0xef, 0xa2, 0xff, 0xff, 0x10, 0x00, 0x00, 0x03, 0x40, 0x0f, 0xff, 0xf1,
    0x00, 0x00, 0x00, 0x00, 0x00, 0xff, 0xff, 0x10, 0x00, 0x00, 0x00, 0x00, 0x0f, 0xff, 0xf1, 0x00, 0x00, 0x00, 0x00, 0x00, 0xff, 0xff, 0x10, 0x00,
    0x00, 0x00, 0x00, 0x0f, 0xff, 0xf1, 0x00, 0x00, 0x00, 0x00, 0x00, 0xff, 0xff, 0x10, 0x00, 0x00, 0x00, 0x00, 0x0f, 0xff, 0xf1, 0x00, 0x00, 0x00,
    0x00, 0x00, 0xff, 0xff, 0x10, 0x00, 0x00, 0x00, 0x00, 0x0f, 0xff, 0xf1, 0x00, 0x00, 0x00, 0x00, 0x00, 0xff, 0xff, 0x10, 0x00, 0x00, 0x00, 0x00,
    0x0b, 0xff, 0xb0, 0x00, 0x00, 0x00, 0x05, 0xbe, 0xfe, 0xb5, 0x00, 0x00, 0x00, 0x0a, 0xff, 0xff, 0xff, 0xf9, 0x00, 0x00, 0x08, 0xff, 0xff, 0xff,
    0xff, 0xf5, 0x00, 0x02, 0xff, 0xff, 0xa8, 0xdf, 0xff, 0xc0, 0x00, 0x6f, 0xff, 0x90, 0x03, 0xff, 0xff, 0x00, 0x08, 0xff, 0xf5, 0x00, 0x1f, 0xff,
    0xf0, 0x00, 0x4d, 0xec, 0x10, 0x06, 0xff, 0xfd, 0x00, 0x00, 0x00, 0x00, 0x02, 0xef, 0xff, 0x70, 0x00, 0x00, 0x00, 0x02, 0xdf, 0xff, 0xd1, 0x00,
    0x00, 0x00, 0x01, 0xdf, 0xff, 0xe3, 0x00, 0x00, 0x00, 0x01, 0xdf, 0xff, 0xe4, 0x00, 0x00, 0x00, 0x01, 0xdf, 0xff, 0xf4, 0x00, 0x00, 0x00, 0x01,
    0xdf, 0xff, 0xe4, 0x00, 0x00, 0x00, 0x01, 0xdf, 0xff, 0xfa, 0x77, 0x77, 0x40, 0x00, 0xcf, 0xff, 0xff, 0xff, 0xff, 0xff, 0x00, 0x0f, 0xff, 0xff,
    0xff, 0xff, 0xff, 0xf1, 0x00, 0xbf, 0xff, 0xff, 0xff, 0xff, 0xfb, 0x00, 0x00, 0x00, 0x6b, 0xef, 0xeb, 0x50, 0x00, 0x00, 0x01, 0xcf, 0xff, 0xff,
    0xff, 0xa0, 0x00, 0x00, 0xbf, 0xff, 0xff, 0xff, 0xff, 0x70, 0x00, 0x4f, 0xff, 0xf9, 0x7b, 0xff, 0xfd, 0x00, 0x07, 0xff, 0xf7, 0x00, 0x1f, 0xff,
    0xf0, 0x00, 0x5e, 0xfe, 0x21, 0x39, 0xff, 0xfe, 0x00, 0x00, 0x00, 0x05, 0xff, 0xff, 0xff, 0x90, 0x00, 0x00, 0x00, 0x8f, 0xff, 0xff, 0xe1, 0x00,
    0x00, 0x00, 0x06, 0xff, 0xff, 0xfe, 0x10, 0x00, 0x01, 0x10, 0x04, 0x6c, 0xff, 0xf9, 0x00, 0x0d, 0xff, 0x80, 0x00, 0x2f, 0xff, 0xe0, 0x01, 0xff,
    0xfd, 0x00, 0x01, 0xff, 0xff, 0x00, 0x0e, 0xff, 0xf3, 0x00, 0x4f, 0xff, 0xf0, 0x00, 0xaf, 0xff, 0xe9, 0x9e, 0xff, 0xfb, 0x00, 0x03, 0xff, 0xff,
    0xff, 0xff, 0xff, 0x30, 0x00, 0x05, 0xff, 0xff, 0xff, 0xfe, 0x40, 0x00, 0x00, 0x03, 0xad, 0xfe, 0xc8, 0x10, 0x00, 0x00, 0x00, 0x00, 0x00, 0x1b,
    0xff, 0xb0, 0x00, 0x00, 0x00, 0x00, 0x09, 0xff, 0xff, 0x00, 0x00, 0x00, 0x00, 0x04, 0xff, 0xff, 0xf0, 0x00, 0x00, 0x00, 0x01, 0xdf, 0xff, 0xff,
    0x00, 0x00, 0x00, 0x00, 0x9f, 0xff, 0xff, 0xf0, 0x00, 0x00, 0x00, 0x4f, 0xff, 0xff, 0xff, 0x00, 0x00, 0x00, 0x1d, 0xff, 0xff, 0xff, 0xf0, 0x00,
    0x00, 0x09, 0xff, 0xfb, 0xff, 0xff, 0x00, 0x00, 0x04, 0xff, 0xfe, 0x2f, 0xff, 0xf0, 0x00, 0x01, 0xdf, 0xff, 0x73, 0xff, 0xff, 0x20, 0x00, 0x9f,
    0xff, 0xff, 0xff, 0xff, 0xff, 0xc0, 0x0f, 0xff, 0xff, 0xff, 0xff, 0xff, 0xff, 0x00, 0xef, 0xff, 0xff, 0xff, 0xff, 0xff, 0xe0, 0x02, 0x55, 0x55,
    0x55, 0xff, 0xff, 0x52, 0x00, 0x00, 0x00, 0x00, 0x1f, 0xff, 0xf0, 0x00, 0x00, 0x00, 0x00, 0x01, 0xff, 0xff, 0x00, 0x00, 0x00, 0x00, 0x00, 0x0b,
    0xff, 0xb0, 0x00, 0x00, 0x1d, 0xff, 0xff, 0xff, 0xff, 0xe3, 0x00, 0x04, 0xff, 0xff, 0xff, 0xff, 0xff, 0x70, 0x00, 0x5f, 0xff, 0xff, 0xff, 0xff,
    0xf6, 0x00, 0x07, 0xff, 0xf9, 0x77, 0x77, 0x76, 0x00, 0x00, 0x9f, 0xff, 0x21, 0x10, 0x00, 0x00, 0x00, 0x0b, 0xff, 0xfe, 0xff, 0xea, 0x30, 0x00,
    0x00, 0xdf, 0xff, 0xff, 0xff, 0xff, 0x60, 0x00, 0x0f, 0xff, 0xff, 0xff, 0xff, 0xff, 0x30, 0x02, 0xff, 0xff, 0xa5, 0x7e, 0xff, 0xfa, 0x00, 0x2f,
    0xff, 0xb0, 0x00, 0x5f, 0xff, 0xe0, 0x01, 0xbe, 0xd2, 0x00, 0x01, 0xff, 0xff, 0x00, 0x6f, 0xff, 0x70, 0x00, 0x1f, 0xff, 0xf0, 0x05, 0xff, 0xfc,
    0x00, 0x06, 0xff, 0xfd, 0x00, 0x1f, 0xff, 0xfc, 0x8a, 0xff, 0xff, 0x70, 0x00, 0x9f, 0xff, 0xff, 0xff, 0xff, 0xd1, 0x00, 0x00, 0xbf, 0xff, 0xff,
    0xff, 0xc2, 0x00, 0x00, 0x00, 0x5b, 0xef, 0xeb, 0x60, 0x00, 0x00, 0x00, 0x01, 0x7c, 0xef, 0xd8, 0x10, 0x00, 0x00, 0x03, 0xef, 0xff, 0xff, 0xfe,
    0x40, 0x00, 0x03, 0xef, 0xff, 0xff, 0xff, 0xfe, 0x10, 0x00, 0xcf, 0xff, 0xc8, 0x9e, 0xff, 0xf8, 0x00, 0x4f, 0xff, 0xc1, 0x11, 0x6f, 0xff, 0xb0,
    0x09, 0xff, 0xff, 0xef, 0xfe, 0xff, 0xf9, 0x00, 0xcf, 0xff, 0xff, 0xff, 0xff, 0xf4, 0x00, 0x0e, 0xff, 0xff, 0xff, 0xff, 0xff, 0xe2, 0x00, 0xff,
    0xff, 0xf8, 0x58, 0xef, 0xff, 0x80, 0x0f, 0xff, 0xf6, 0x00, 0x06, 0xff, 0xfd, 0x00, 0xef, 0xff, 0x20, 0x00, 0x2f, 0xff, 0xf0, 0x0c, 0xff, 0xf2,
    0x00, 0x02, 0xff, 0xfe, 0x00, 0x9f, 0xff, 0x80, 0x00, 0x8f, 0xff, 0xb0, 0x04, 0xff, 0xff, 0xa7, 0xaf, 0xff, 0xf6, 0x00, 0x0a, 0xff, 0xff, 0xff,
    0xff, 0xfc, 0x00, 0x00, 0x1b, 0xff, 0xff, 0xff, 0xfb, 0x10, 0x00, 0x00, 0x06, 0xbe, 0xfe, 0xb5, 0x00, 0x00, 0x0b, 0xff, 0xff, 0xff, 0xff, 0xff,
    0xfb, 0x00, 0xff, 0xff, 0xff, 0xff, 0xff, 0xff, 0xf0, 0x0e, 0xff, 0xff, 0xff, 0xff, 0xff, 0xfb, 0x00, 0x37, 0x77, 0x77, 0x78, 0xff, 0xff, 0x30,
    0x00, 0x00, 0x00, 0x00, 0x9f, 0xff, 0xa0, 0x00, 0x00, 0x00, 0x00, 0x3f, 0xff, 0xf2, 0x00, 0x00, 0x00, 0x00, 0x0b, 0xff, 0xf9, 0x00, 0x00, 0x00,
    0x00, 0x04, 0xff, 0xfe, 0x10, 0x00, 0x00, 0x00, 0x00, 0xcf, 0xff, 0x70, 0x00, 0x00, 0x00, 0x00, 0x6f, 0xff, 0xe1, 0x00, 0x00, 0x00, 0x00, 0x1d,
    0xff, 0xf6, 0x00, 0x00, 0x00, 0x00, 0x07, 0xff, 0xfd, 0x00, 0x00, 0x00, 0x00, 0x01, 0xef, 0xff, 0x50, 0x00, 0x00, 0x00, 0x00, 0x9f, 0xff, 0xb0,
    0x00, 0x00, 0x00, 0x00, 0x2f, 0xff, 0xf3, 0x00, 0x00, 0x00, 0x00, 0x0a, 0xff, 0xfa, 0x00, 0x00, 0x00, 0x00, 0x00, 0x8f, 0xfe, 0x20, 0x00, 0x00,
    0x00, 0x00, 0x00, 0x05, 0xbe, 0xfe, 0xb5, 0x00, 0x00, 0x00, 0x1b, 0xff, 0xff, 0xff, 0xf9, 0x00, 0x00, 0x08, 0xff, 0xff, 0xff, 0xff, 0xf6, 0x00,
    0x00, 0xef, 0xff, 0xb7, 0xbf, 0xff, 0xd0, 0x00, 0x0f, 0xff, 0xf1, 0x01, 0xff, 0xff, 0x00, 0x00, 0xef, 0xff, 0x62, 0x7f, 0xff, 0xe0, 0x00, 0x07,
    0xff, 0xff, 0xff, 0xff, 0xfa, 0x00, 0x00, 0x2f, 0xff, 0xff, 0xff, 0xff, 0x20, 0x00, 0x1d, 0xff, 0xff, 0xff, 0xff, 0xf5, 0x00, 0x09, 0xff, 0xfe,
    0x75, 0x7e, 0xff, 0xf4, 0x00, 0xef, 0xff, 0x40, 0x00, 0x4f, 0xff, 0xc0, 0x0f, 0xff, 0xf2, 0x00, 0x02, 0xff, 0xff, 0x00, 0xdf, 0xff, 0x50, 0x00,
    0x5f, 0xff, 0xe0, 0x09, 0xff, 0xff, 0x97, 0x9e, 0xff, 0xfa, 0x00, 0x2f, 0xff, 0xff, 0xff, 0xff, 0xff, 0x30, 0x00, 0x4e, 0xff, 0xff, 0xff, 0xfe,
    0x50, 0x00, 0x00, 0x17, 0xce, 0xfe, 0xc7, 0x10, 0x00, 0x00, 0x00, 0x6b, 0xef, 0xeb, 0x50, 0x00, 0x00, 0x02, 0xcf, 0xff, 0xff, 0xff, 0xb1, 0x00,
    0x01, 0xdf, 0xff, 0xff, 0xff, 0xff, 0xa0, 0x00, 0x8f, 0xff, 0xfa, 0x7a, 0xff, 0xff, 0x30, 0x0d, 0xff, 0xf6, 0x00, 0x06, 0xff, 0xf9, 0x00, 0xff,
    0xff, 0x20, 0x00, 0x2f, 0xff, 0xc0, 0x0e, 0xff, 0xf4, 0x00, 0x04, 0xff, 0xfe, 0x00, 0xbf, 0xff, 0xd4, 0x25, 0xdf, 0xff, 0xf0, 0x05, 0xff, 0xff,
    0xff, 0xff, 0xff, 0xfe, 0x00, 0x08, 0xff, 0xff, 0xff, 0xff, 0xff, 0xe0, 0x04, 0xaf, 0xff, 0xff, 0xff, 0xff, 0xfb, 0x00, 0xcf, 0xff, 0x54, 0x42,
    0x7f, 0xff, 0x80, 0x0a, 0xff, 0xf8, 0x00, 0x1d, 0xff, 0xf3, 0x00, 0x6f, 0xff, 0xf9, 0x7c, 0xff, 0xfc, 0x00, 0x00, 0xdf, 0xff, 0xff, 0xff, 0xfe,
    0x20, 0x00, 0x02, 0xdf, 0xff, 0xff, 0xfe, 0x30, 0x00, 0x00, 0x01, 0x7c, 0xee, 0xc7, 0x10, 0x00, 0x00, 0x2b, 0xea, 0x10, 0x0c, 0xff, 0xf9, 0x00,
    0xef, 0xff, 0xc0, 0x0b, 0xff, 0xf8, 0x00, 0x19, 0xc8, 0x10, 0x00, 0x00, 0x00, 0x00, 0x00, 0x00, 0x00, 0x00, 0x00, 0x00, 0x00, 0x00, 0x00, 0x00,
    0x01, 0x9c, 0x80, 0x00, 0xbf, 0xff, 0x80, 0x0e, 0xff, 0xfc, 0x00, 0xcf, 0xff, 0x90, 0x02, 0xce, 0xb1, 0x00, 0x02, 0xbe, 0xa1, 0x00, 0x0c, 0xff,
    0xf9, 0x00, 0x0e, 0xff, 0xfc, 0x00, 0x0b, 0xff, 0xf8, 0x00, 0x01, 0x9c, 0x81, 0x00, 0x00, 0x00, 0x00, 0x00, 0x00, 0x00, 0x00, 0x00, 0x00, 0x00,
    0x00, 0x00, 0x00, 0x00, 0x00, 0x00, 0x00, 0x00, 0x00, 0x00, 0x08, 0xff, 0xe2, 0x00, 0x1f, 0xff, 0xf4, 0x00, 0x5f, 0xff, 0xd0, 0x00, 0xbf, 0xff,
    0x70, 0x01, 0xff, 0xfe, 0x10, 0x06, 0xff, 0xf9, 0x00, 0x03, 0xef, 0xe2, 0x00, 0x00, 0x00, 0x00, 0x00, 0x00, 0x00, 0x00, 0x00, 0x00, 0x00, 0x00,
    0x00, 0x00, 0x6d, 0xb0, 0x00, 0x00, 0x00, 0x00, 0x06, 0xdf, 0xff, 0x00, 0x00, 0x00, 0x00, 0x6d, 0xff, 0xff, 0xe0, 0x00, 0x00, 0x17, 0xef, 0xff,
    0xff, 0xc4, 0x00, 0x00, 0x6e, 0xff, 0xff, 0xfc, 0x40, 0x00, 0x00, 0x0f, 0xff, 0xff, 0xb4, 0x00, 0x00, 0x00, 0x00, 0xff, 0xff, 0xe7, 0x10, 0x00,
    0x00, 0x00, 0x0a, 0xff, 0xff, 0xfe, 0x81, 0x00, 0x00, 0x00, 0x04, 0xbf, 0xff, 0xff, 0xe8, 0x10, 0x00, 0x00, 0x00, 0x4b, 0xff, 0xff, 0xfd, 0x00,
    0x00, 0x00, 0x00, 0x03, 0xbf, 0xff, 0xf0, 0x00, 0x00, 0x00, 0x00, 0x00, 0x3b, 0xfd, 0x00, 0x00, 0x00, 0x00, 0x00, 0x00, 0x03, 0x20, 0x00, 0x00,
    0x22, 0x22, 0x22, 0x22, 0x20, 0x00, 0x00, 0xcf, 0xff, 0xff, 0xff, 0xff, 0xc0, 0x00, 0x0f, 0xff, 0xff, 0xff, 0xff, 0xff, 0x00, 0x00, 0xef, 0xff,
    0xff, 0xff, 0xff, 0xe0, 0x00, 0x02, 0x77, 0x77, 0x77, 0x77, 0x72, 0x00, 0x00, 0xcf, 0xff, 0xff, 0xff, 0xff, 0xc0, 0x00, 0x0f, 0xff, 0xff, 0xff,
    0xff, 0xff, 0x00, 0x00, 0xef, 0xff, 0xff, 0xff, 0xff, 0xe0, 0x00, 0x02, 0x55, 0x55, 0x55, 0x55, 0x52, 0x00, 0x00, 0x00, 0x00, 0x00, 0x00, 0x00,
    0x00, 0x00, 0x00, 0x00, 0x00, 0x00, 0x00, 0x00, 0x00, 0x00, 0x00, 0x00, 0x00, 0x00, 0x00, 0x00, 0x00, 0x00, 0x00, 0x00, 0x00, 0x00, 0x00, 0x00,
    0xbd, 0x60, 0x00, 0x00, 0x00, 0x00, 0x00, 0xff, 0xfd, 0x60, 0x00, 0x00, 0x00, 0x00, 0xff, 0xff, 0xfd, 0x60, 0x00, 0x00, 0x00, 0x5d, 0xff, 0xff,
    0xfe, 0x71, 0x00, 0x00, 0x00, 0x5c, 0xff, 0xff, 0xfe, 0x60, 0x00, 0x00, 0x00, 0x4c, 0xff, 0xff, 0xf0, 0x00, 0x00, 0x00, 0x16, 0xef, 0xff, 0xf0,
    0x00, 0x00, 0x17, 0xef, 0xff, 0xff, 0xa0, 0x00, 0x18, 0xef, 0xff, 0xff, 0xb4, 0x00, 0x00, 0xdf, 0xff, 0xff, 0xb4, 0x00, 0x00, 0x00, 0xff, 0xff,
    0xb3, 0x00, 0x00, 0x00, 0x00, 0xdf, 0xb3, 0x00, 0x00, 0x00, 0x00, 0x00, 0x23, 0x00, 0x00, 0x00, 0x00, 0x00, 0x00, 0x00, 0x39, 0xdf, 0xeb, 0x50,
    0x00, 0x00, 0x6f, 0xff, 0xff, 0xff, 0xa0, 0x00, 0x3f, 0xff, 0xff, 0xff, 0xff, 0x70, 0x0a, 0xff, 0xfd, 0x7b, 0xff, 0xfd, 0x00, 0xef, 0xff, 0x30,
    0x1f, 0xff, 0xf0, 0x0e, 0xff, 0xe1, 0x02, 0xff, 0xff, 0x00, 0x26, 0x63, 0x00, 0x8f, 0xff, 0xb0, 0x00, 0x00, 0x00, 0x4f, 0xff, 0xf5, 0x00, 0x00,
    0x00, 0x2e, 0xff, 0xfb, 0x00, 0x00, 0x00, 0x0b, 0xff, 0xfd, 0x10, 0x00, 0x00, 0x02, 0xff, 0xfe, 0x20, 0x00, 0x00, 0x00, 0x5f, 0xff, 0x90, 0x00,
    0x00, 0x00, 0x02, 0xff, 0xf4, 0x00, 0x00, 0x00, 0x00, 0x8f, 0xff, 0xa0, 0x00, 0x00, 0x00, 0x0c, 0xff, 0xfe, 0x00, 0x00, 0x00, 0x00, 0xaf, 0xff,
    0xc0, 0x00, 0x00, 0x00, 0x01, 0xbe, 0xc2, 0x00, 0x00, 0x00, 0x00, 0x00, 0x00, 0x00, 0x11, 0x00, 0x00, 0x00, 0x00, 0x00, 0x00, 0x00, 0x17, 0xcf,
    0xff, 0xeb, 0x50, 0x00, 0x00, 0x00, 0x00, 0x07, 0xef, 0xff, 0xff, 0xff, 0xfb, 0x10, 0x00, 0x00, 0x01, 0xbf, 0xff, 0xff, 0xff, 0xff, 0xff, 0xd1,
    0x00, 0x00, 0x0a, 0xff, 0xff, 0xc8, 0x76, 0x8e, 0xff, 0xfa, 0x00, 0x00, 0x7f, 0xff, 0xd5, 0xaf, 0xff, 0xfd, 0xff, 0xff, 0x30, 0x01, 0xef, 0xfc,
    0x3e, 0xff, 0xff, 0xff, 0xff, 0xff, 0x80, 0x07, 0xff, 0xe2, 0xcf, 0xff, 0xff, 0xff, 0xff, 0xff, 0xc0, 0x0b, 0xff, 0x86, 0xff, 0xfe, 0x6d, 0xff,
    0xf9, 0xff, 0xe0, 0x0f, 0xff, 0x4c, 0xff, 0xf7, 0x0b, 0xff, 0xf4, 0xff, 0xf0, 0x1f, 0xff, 0x1f, 0xff, 0xf2, 0x0d, 0xff, 0xd4, 0xff, 0xe0, 0x2f,
    0xff, 0x1f, 0xff, 0xf0, 0x3f, 0xff, 0xa7, 0xff, 0xc0, 0x1f, 0xff, 0x1f, 0xff, 0xf3, 0xbf, 0xff, 0x9e, 0xff, 0x70, 0x0e, 0xff, 0x5c, 0xff, 0xff,
    0xff, 0xff, 0xff, 0xfe, 0x10, 0x0b, 0xff, 0xb5, 0xff, 0xff, 0xff, 0xff, 0xff, 0xf5, 0x00, 0x06, 0xff, 0xf9, 0x5e, 0xff, 0xec, 0xff, 0xff, 0x50,
    0x00, 0x00, 0xcf, 0xff, 0xd7, 0x65, 0x36, 0xbf, 0xff, 0x70, 0x00, 0x00, 0x2e, 0xff, 0xff, 0xff, 0xff, 0xff, 0xff, 0x80, 0x00, 0x00, 0x02, 0xcf,
    0xff, 0xff, 0xff, 0xff, 0xf7, 0x00, 0x00, 0x00, 0x00, 0x06, 0xcf, 0xff, 0xff, 0xd8, 0x10, 0x00, 0x00, 0x00, 0x00, 0x00, 0x01, 0x34, 0x32, 0x00,
    0x00, 0x00, 0x00, 0x00, 0x00, 0x00, 0xaf, 0xff, 0x60, 0x00, 0x00, 0x00, 0x00, 0x02, 0xff, 0xff, 0xd0, 0x00, 0x00, 0x00, 0x00, 0x08, 0xff, 0xff,
    0xf3, 0x00, 0x00, 0x00, 0x00, 0x0d, 0xff, 0xff, 0xf8, 0x00, 0x00, 0x00, 0x00, 0x4f, 0xff, 0xff, 0xfe, 0x00, 0x00, 0x00, 0x00, 0x9f, 0xff, 0xef,
    0xff, 0x40, 0x00, 0x00, 0x00, 0xef, 0xfe, 0x6f, 0xff, 0x90, 0x00, 0x00, 0x05, 0xff, 0xf9, 0x1f, 0xff, 0xe0, 0x00, 0x00, 0x0a, 0xff, 0xff, 0xff,
    0xff, 0xf5, 0x00, 0x00, 0x1f, 0xff, 0xff, 0xff, 0xff, 0xfa, 0x00, 0x00, 0x6f, 0xff, 0xff, 0xff, 0xff, 0xfe, 0x10, 0x00, 0xcf, 0xff, 0x98, 0x88,
    0xcf, 0xff, 0x50, 0x02, 0xff, 0xfd, 0x00, 0x00, 0x6f, 0xff, 0xb0, 0x08, 0xff, 0xf8, 0x00, 0x00, 0x1f, 0xff, 0xf1, 0x0d, 0xff, 0xf3, 0x00, 0x00,
    0x0b, 0xff, 0xf6, 0x3f, 0xff, 0xd0, 0x00, 0x00, 0x06, 0xff, 0xfb, 0x2d, 0xff, 0x60, 0x00, 0x00, 0x01, 0xdf, 0xf8, 0x00, 0xbf, 0xff, 0xff, 0xfd,
    0x95, 0x00, 0x00, 0x00, 0xff, 0xff, 0xff, 0xff, 0xff, 0xb0, 0x00, 0x00, 0xff, 0xff, 0xff, 0xff, 0xff, 0xf8, 0x00, 0x00, 0xff, 0xff, 0x77, 0x7c,
    0xff, 0xfd, 0x00, 0x00, 0xff, 0xff, 0x10, 0x02, 0xff, 0xff, 0x00, 0x00, 0xff, 0xff, 0x10, 0x01, 0xff, 0xfe, 0x00, 0x00, 0xff, 0xff, 0x32, 0x39,
    0xff, 0xfa, 0x00, 0x00, 0xff, 0xff, 0xff, 0xff, 0xff, 0xf2, 0x00, 0x00, 0xff, 0xff, 0xff, 0xff, 0xff, 0xf9, 0x00, 0x00, 0xff, 0xff, 0xff, 0xff,
    0xff, 0xff, 0x70, 0x00, 0xff, 0xff, 0x55, 0x57, 0xcf, 0xff, 0xd0, 0x00, 0xff, 0xff, 0x10, 0x00, 0x2f, 0xff, 0xf0, 0x00, 0xff, 0xff, 0x10, 0x00,
    0x3f, 0xff, 0xe0, 0x00, 0xff, 0xff, 0x77, 0x78, 0xdf, 0xff, 0xa0, 0x00, 0xff, 0xff, 0xff, 0xff, 0xff, 0xff, 0x30, 0x00, 0xff, 0xff, 0xff, 0xff,
    0xff, 0xe4, 0x00, 0x00, 0xbf, 0xff, 0xff, 0xfe, 0xc7, 0x10, 0x00, 0x00, 0x00, 0x03, 0x9d, 0xef, 0xdb, 0x60, 0x00, 0x00, 0x00, 0x09, 0xff, 0xff,
    0xff, 0xff, 0xc2, 0x00, 0x00, 0x0b, 0xff, 0xff, 0xff, 0xff, 0xff, 0xd1, 0x00, 0x08, 0xff, 0xff, 0xc8, 0x8b, 0xff, 0xff, 0x90, 0x02, 0xff, 0xff,
    0x80, 0x00, 0x06, 0xff, 0xfe, 0x10, 0x8f, 0xff, 0xb0, 0x00, 0x00, 0x0c, 0xff, 0xf4, 0x0c, 0xff, 0xf5, 0x00, 0x00, 0x00, 0x6f, 0xff, 0x20, 0xef,
    0xff, 0x20, 0x00, 0x00, 0x00, 0x12, 0x10, 0x0f, 0xff, 0xf1, 0x00, 0x00, 0x00, 0x00, 0x00, 0x00, 0xef, 0xff, 0x20, 0x00, 0x00, 0x00, 0x12, 0x10,
    0x0c, 0xff, 0xf5, 0x00, 0x00, 0x00, 0x8f, 0xfe, 0x10, 0x9f, 0xff, 0xb0, 0x00, 0x00, 0x0e, 0xff, 0xf2, 0x03, 0xff, 0xff, 0x70, 0x00, 0x07, 0xff,
    0xfd, 0x00, 0x0a, 0xff, 0xff, 0xb7, 0x8b, 0xff, 0xff, 0x70, 0x00, 0x1d, 0xff, 0xff, 0xff, 0xff, 0xff, 0xc0, 0x00, 0x00, 0x1c, 0xff, 0xff, 0xff,
    0xff, 0xa1, 0x00, 0x00, 0x00, 0x05, 0xad, 0xfe, 0xda, 0x40, 0x00, 0x00, 0x0b, 0xff, 0xff, 0xff, 0xec, 0x83, 0x00, 0x00, 0x00, 0x0f, 0xff, 0xff,
    0xff, 0xff, 0xff, 0xa1, 0x00, 0x00, 0x0f, 0xff, 0xff, 0xff, 0xff, 0xff, 0xfd, 0x10, 0x00, 0x0f, 0xff, 0xf7, 0x77, 0x9d, 0xff, 0xff, 0xb0, 0x00,
    0x0f, 0xff, 0xf1, 0x00, 0x00, 0x8f, 0xff, 0xf4, 0x00, 0x0f, 0xff, 0xf1, 0x00, 0x00, 0x0b, 0xff, 0xf9, 0x00, 0x0f, 0xff, 0xf1, 0x00, 0x00, 0x05,
    0xff, 0xfd, 0x00, 0x0f, 0xff, 0xf1, 0x00, 0x00, 0x02, 0xff, 0xfe, 0x00, 0x0f, 0xff, 0xf1, 0x00, 0x00, 0x01, 0xff, 0xff, 0x00, 0x0f, 0xff, 0xf1,
    0x00, 0x00, 0x02, 0xff, 0xfe, 0x00, 0x0f, 0xff, 0xf1, 0x00, 0x00, 0x06, 0xff, 0xfb, 0x00, 0x0f, 0xff, 0xf1, 0x00, 0x00, 0x0c, 0xff, 0xf7, 0x00,
    0x0f, 0xff, 0xf1, 0x00, 0x00, 0x9f, 0xff, 0xf1, 0x00, 0x0f, 0xff, 0xf7, 0x77, 0x9e, 0xff, 0xff, 0x70, 0x00, 0x0f, 0xff, 0xff, 0xff, 0xff, 0xff,
    0xfa, 0x00, 0x00, 0x0f, 0xff, 0xff, 0xff, 0xff, 0xff, 0x80, 0x00, 0x00, 0x0b, 0xff, 0xff, 0xff, 0xeb, 0x82, 0x00, 0x00, 0x00, 0x0b, 0xff, 0xff,
    0xff, 0xff, 0xff, 0xb0, 0x00, 0xff, 0xff, 0xff, 0xff, 0xff, 0xff, 0x00, 0x0f, 0xff, 0xff, 0xff, 0xff, 0xff, 0xe0, 0x00, 0xff, 0xff, 0x77, 0x77,
    0x77, 0x73, 0x00, 0x0f, 0xff, 0xf1, 0x00, 0x00, 0x00, 0x00, 0x00, 0xff, 0xff, 0x10, 0x00, 0x00, 0x00, 0x00, 0x0f, 0xff, 0xf3, 0x22, 0x22, 0x20,
    0x00, 0x00, 0xff, 0xff, 0xff, 0xff, 0xff, 0xc0, 0x00, 0x0f, 0xff, 0xff, 0xff, 0xff, 0xff, 0x00, 0x00, 0xff, 0xff, 0xff, 0xff, 0xff, 0xe0, 0x00,
    0x0f, 0xff, 0xf5, 0x55, 0x55, 0x52, 0x00, 0x00, 0xff, 0xff, 0x10, 0x00, 0x00, 0x00, 0x00, 0x0f, 0xff, 0xf1, 0x00, 0x00, 0x00, 0x00, 0x00, 0xff,
    0xff, 0x77, 0x77, 0x77, 0x73, 0x00, 0x0f, 0xff, 0xff, 0xff, 0xff, 0xff, 0xe0, 0x00, 0xff, 0xff, 0xff, 0xff, 0xff, 0xff, 0x00, 0x0b, 0xff, 0xff,
    0xff, 0xff, 0xff, 0xb0, 0x00, 0xbf, 0xff, 0xff, 0xff, 0xff, 0xfb, 0x00, 0x0f, 0xff, 0xff, 0xff, 0xff, 0xff, 0xf0, 0x00, 0xff, 0xff, 0xff, 0xff,
    0xff, 0xfe, 0x00, 0x0f, 0xff, 0xf7, 0x77, 0x77, 0x77, 0x30, 0x00, 0xff, 0xff, 0x10, 0x00, 0x00, 0x00, 0x00, 0x0f, 0xff, 0xf1, 0x00, 0x00, 0x00,
    0x00, 0x00, 0xff, 0xff, 0x32, 0x22, 0x22, 0x00, 0x00, 0x0f, 0xff, 0xff, 0xff, 0xff, 0xfc, 0x00, 0x00, 0xff, 0xff, 0xff, 0xff, 0xff, 0xf0, 0x00,
    0x0f, 0xff, 0xff, 0xff, 0xff, 0xfe, 0x00, 0x00, 0xff, 0xff, 0x55, 0x55, 0x55, 0x20, 0x00, 0x0f, 0xff, 0xf1, 0x00, 0x00, 0x00, 0x00, 0x00, 0xff,
    0xff, 0x10, 0x00, 0x00, 0x00, 0x00, 0x0f, 0xff, 0xf1, 0x00, 0x00, 0x00, 0x00, 0x00, 0xff, 0xff, 0x10, 0x00, 0x00, 0x00, 0x00, 0x0f, 0xff, 0xf1,
    0x00, 0x00, 0x00, 0x00, 0x00, 0xbf, 0xfb, 0x00, 0x00, 0x00, 0x00, 0x00, 0x00, 0x00, 0x39, 0xde, 0xfd, 0xa5, 0x00, 0x00, 0x00, 0x00, 0xaf, 0xff,
    0xff, 0xff, 0xfb, 0x10, 0x00, 0x00, 0xbf, 0xff, 0xff, 0xff, 0xff, 0xfc, 0x00, 0x00, 0x9f, 0xff, 0xfb, 0x79, 0xdf, 0xff, 0xf7, 0x00, 0x2f, 0xff,
    0xf6, 0x00, 0x01, 0xcf, 0xff, 0xd0, 0x08, 0xff, 0xfc, 0x00, 0x00, 0x05, 0xff, 0xff, 0x10, 0xcf, 0xff, 0x50, 0x00, 0x00, 0x1e, 0xff, 0xe1, 0x0e,
    0xff, 0xf2, 0x00, 0x01, 0x22, 0x35, 0x51, 0x00, 0xff, 0xff, 0x10, 0x06, 0xff, 0xff, 0xff, 0xc0, 0x0e, 0xff, 0xf2, 0x00, 0x9f, 0xff, 0xff, 0xff,
    0x00, 0xcf, 0xff, 0x50, 0x08, 0xff, 0xff, 0xff, 0xf0, 0x09, 0xff, 0xfb, 0x00, 0x04, 0x59, 0xff, 0xff, 0x00, 0x4f, 0xff, 0xf6, 0x00, 0x01, 0xcf,
    0xff, 0xf0, 0x00, 0xbf, 0xff, 0xfb, 0x79, 0xef, 0xff, 0xff, 0x00, 0x02, 0xef, 0xff, 0xff, 0xff, 0xff, 0xff, 0xf0, 0x00, 0x02, 0xdf, 0xff, 0xff,
    0xff, 0xff, 0xff, 0x00, 0x00, 0x00, 0x6b, 0xef, 0xeb, 0x5c, 0xff, 0xb0, 0x00, 0xbf, 0xfb, 0x00, 0x00, 0x00, 0xbf, 0xfb, 0x00, 0x00, 0xff, 0xff,
    0x10, 0x00, 0x00, 0xff, 0xff, 0x10, 0x00, 0xff, 0xff, 0x10, 0x00, 0x00, 0xff, 0xff, 0x10, 0x00, 0xff, 0xff, 0x10, 0x00, 0x00, 0xff, 0xff, 0x10,
    0x00, 0xff, 0xff, 0x10, 0x00, 0x00, 0xff, 0xff, 0x10, 0x00, 0xff, 0xff, 0x10, 0x00, 0x00, 0xff, 0xff, 0x10, 0x00, 0xff, 0xff, 0x32, 0x22, 0x22,
    0xff, 0xff, 0x10, 0x00, 0xff, 0xff, 0xff, 0xff, 0xff, 0xff, 0xff, 0x10, 0x00, 0xff, 0xff, 0xff, 0xff, 0xff, 0xff, 0xff, 0x10, 0x00, 0xff, 0xff,
    0xff, 0xff, 0xff, 0xff, 0xff, 0x10, 0x00, 0xff, 0xff, 0x55, 0x55, 0x55, 0xff, 0xff, 0x10, 0x00, 0xff, 0xff, 0x10, 0x00, 0x00, 0xff, 0xff, 0x10,
    0x00, 0xff, 0xff, 0x10, 0x00, 0x00, 0xff, 0xff, 0x10, 0x00, 0xff, 0xff, 0x10, 0x00, 0x00, 0xff, 0xff, 0x10, 0x00, 0xff, 0xff, 0x10, 0x00, 0x00,
    0xff, 0xff, 0x10, 0x00, 0xff, 0xff, 0x10, 0x00, 0x00, 0xff, 0xff, 0x10, 0x00, 0xbf, 0xfb, 0x00, 0x00, 0x00, 0xbf, 0xfb, 0x00, 0x00, 0xbf, 0xfb,
    0x00, 0x00, 0xff, 0xff, 0x10, 0x00, 0xff, 0xff, 0x10, 0x00, 0xff, 0xff, 0x10, 0x00, 0xff, 0xff, 0x10, 0x00, 0xff, 0xff, 0x10, 0x00, 0xff, 0xff,
    0x10, 0x00, 0xff, 0xff, 0x10, 0x00, 0xff, 0xff, 0x10, 0x00, 0xff, 0xff, 0x10, 0x00, 0xff, 0xff, 0x10, 0x00, 0xff, 0xff, 0x10, 0x00, 0xff, 0xff,
    0x10, 0x00, 0xff, 0xff, 0x10, 0x00, 0xff, 0xff, 0x10, 0x00, 0xff, 0xff, 0x10, 0x00, 0xbf, 0xfb, 0x00, 0x00, 0x00, 0x00, 0x00, 0xbf, 0xfb, 0x00,
    0x00, 0x00, 0x00, 0x1f, 0xff, 0xf0, 0x00, 0x00, 0x00, 0x01, 0xff, 0xff, 0x00, 0x00, 0x00, 0x00, 0x1f, 0xff, 0xf0, 0x00, 0x00, 0x00, 0x01, 0xff,
    0xff, 0x00, 0x00, 0x00, 0x00, 0x1f, 0xff, 0xf0, 0x00, 0x00, 0x00, 0x01, 0xff, 0xff, 0x00, 0x00, 0x00, 0x00, 0x1f, 0xff, 0xf0, 0x00, 0x00, 0x00,
    0x01, 0xff, 0xff, 0x00, 0x25, 0x52, 0x00, 0x1f, 0xff, 0xf0, 0x0e, 0xff, 0xe0, 0x01, 0xff, 0xff, 0x00, 0xff, 0xff, 0x10, 0x1f, 0xff, 0xf0, 0x0e,
    0xff, 0xf3, 0x04, 0xff, 0xfe, 0x00, 0xbf, 0xff, 0xc7, 0xcf, 0xff, 0xb0, 0x04, 0xff, 0xff, 0xff, 0xff, 0xf5, 0x00, 0x08, 0xff, 0xff, 0xff, 0xf8,
    0x00, 0x00, 0x04, 0xbe, 0xfe, 0xb5, 0x00, 0x00, 0x0b, 0xff, 0xb0, 0x00, 0x00, 0x5e, 0xff, 0x80, 0x0f, 0xff, 0xf1, 0x00, 0x05, 0xff, 0xff, 0x90,
    0x0f, 0xff, 0xf1, 0x00, 0x4f, 0xff, 0xfb, 0x00, 0x0f, 0xff, 0xf1, 0x03, 0xef, 0xff, 0xc1, 0x00, 0x0f, 0xff, 0xf1, 0x3e, 0xff, 0xfc, 0x10, 0x00,
    0x0f, 0xff, 0xf3, 0xef, 0xff, 0xd1, 0x00, 0x00, 0x0f, 0xff, 0xfe, 0xff, 0xfd, 0x20, 0x00, 0x00, 0x0f, 0xff, 0xff, 0xff, 0xe2, 0x00, 0x00, 0x00,
    0x0f, 0xff, 0xff, 0xff, 0x70, 0x00, 0x00, 0x00, 0x0f, 0xff, 0xff, 0xff, 0xf4, 0x00, 0x00, 0x00, 0x0f, 0xff, 0xff, 0xff, 0xfe, 0x20, 0x00, 0x00,
    0x0f, 0xff, 0xf6, 0xff, 0xff, 0xd1, 0x00, 0x00, 0x0f, 0xff, 0xf1, 0x6f, 0xff, 0xfb, 0x00, 0x00, 0x0f, 0xff, 0xf1, 0x09, 0xff, 0xff, 0x90, 0x00,
    0x0f, 0xff, 0xf1, 0x00, 0xbf, 0xff, 0xf6, 0x00, 0x0f, 0xff, 0xf1, 0x00, 0x1d, 0xff, 0xff, 0x30, 0x0b, 0xff, 0xb0, 0x00, 0x03, 0xdf, 0xfe, 0x30,
    0x0b, 0xff, 0xb0, 0x00, 0x00, 0x00, 0x00, 0x00, 0xff, 0xff, 0x10, 0x00, 0x00, 0x00, 0x00, 0x0f, 0xff, 0xf1, 0x00, 0x00, 0x00, 0x00, 0x00, 0xff,
    0xff, 0x10, 0x00, 0x00, 0x00, 0x00, 0x0f, 0xff, 0xf1, 0x00, 0x00, 0x00, 0x00, 0x00, 0xff, 0xff, 0x10, 0x00, 0x00, 0x00, 0x00, 0x0f, 0xff, 0xf1,
    0x00, 0x00, 0x00, 0x00, 0x00, 0xff, 0xff, 0x10, 0x00, 0x00, 0x00, 0x00, 0x0f, 0xff, 0xf1, 0x00, 0x00, 0x00, 0x00, 0x00, 0xff, 0xff, 0x10, 0x00,
    0x00, 0x00, 0x00, 0x0f, 0xff, 0xf1, 0x00, 0x00, 0x00, 0x00, 0x00, 0xff, 0xff, 0x10, 0x00, 0x00, 0x00, 0x00, 0x0f, 0xff, 0xf1, 0x00, 0x00, 0x00,
    0x00, 0x00, 0xff, 0xff, 0x98, 0x88, 0x88, 0x84, 0x00, 0x0f, 0xff, 0xff, 0xff, 0xff, 0xff, 0xe0, 0x00, 0xff, 0xff, 0xff, 0xff, 0xff, 0xff, 0x00,
    0x0b, 0xff, 0xff, 0xff, 0xff, 0xff, 0xb0, 0x00, 0xbf, 0xff, 0xe2, 0x00, 0x00, 0x01, 0xdf, 0xff, 0xb0, 0x00, 0x0f, 0xff, 0xff, 0x70, 0x00, 0x00,
    0x5f, 0xff, 0xff, 0x10, 0x00, 0xff, 0xff, 0xfc, 0x00, 0x00, 0x0a, 0xff, 0xff, 0xf1, 0x00, 0x0f, 0xff, 0xff, 0xf2, 0x00, 0x00, 0xef, 0xff, 0xff,
    0x10, 0x00, 0xff, 0xff, 0xff, 0x70, 0x00, 0x5f, 0xff, 0xff, 0xf1, 0x00, 0x0f, 0xff, 0xff, 0xfc, 0x00, 0x09, 0xff, 0xff, 0xff, 0x10, 0x00, 0xff,
    0xff, 0xff, 0xf1, 0x00, 0xef, 0xff, 0xff, 0xf1, 0x00, 0x0f, 0xff, 0xff, 0xff, 0x60, 0x4f, 0xff, 0xff, 0xff, 0x10, 0x00, 0xff, 0xff, 0xff, 0xfb,
    0x09, 0xff, 0xff, 0xff, 0xf1, 0x00, 0x0f, 0xff, 0xfd, 0xff, 0xf1, 0xdf, 0xfd, 0xff, 0xff, 0x10, 0x00, 0xff, 0xff, 0x8f, 0xff, 0x9f, 0xff, 0x8f,
    0xff, 0xf1, 0x00, 0x0f, 0xff, 0xf3, 0xff, 0xff, 0xff, 0xf3, 0xff, 0xff, 0x10, 0x00, 0xff, 0xff, 0x1d, 0xff, 0xff, 0xfd, 0x0f, 0xff, 0xf1, 0x00,
    0x0f, 0xff, 0xf1, 0x8f, 0xff, 0xff, 0x80, 0xff, 0xff, 0x10, 0x00, 0xff, 0xff, 0x13, 0xff, 0xff, 0xf3, 0x0f, 0xff, 0xf1, 0x00, 0x0f, 0xff, 0xf1,
    0x0d, 0xff, 0xfd, 0x00, 0xff, 0xff, 0x10, 0x00, 0xbf, 0xfb, 0x00, 0x6f, 0xff, 0x70, 0x0b, 0xff, 0xb0, 0x00, 0x0b, 0xff, 0xfc, 0x10, 0x00, 0x0b,
    0xff, 0xb0, 0x00, 0x0f, 0xff, 0xff, 0x70, 0x00, 0x1f, 0xff, 0xf0, 0x00, 0x0f, 0xff, 0xff, 0xe1, 0x00, 0x1f, 0xff, 0xf0, 0x00, 0x0f, 0xff, 0xff,
    0xf8, 0x00, 0x1f, 0xff, 0xf0, 0x00, 0x0f, 0xff, 0xff, 0xfe, 0x10, 0x1f, 0xff, 0xf0, 0x00, 0x0f, 0xff, 0xff, 0xff, 0x80, 0x1f, 0xff, 0xf0, 0x00,
    0x0f, 0xff, 0xff, 0xff, 0xf2, 0x1f, 0xff, 0xf0, 0x00, 0x0f, 0xff, 0xfb, 0xff, 0xf9, 0x1f, 0xff, 0xf0, 0x00, 0x0f, 0xff, 0xf3, 0xff, 0xff, 0x3f,
    0xff, 0xf0, 0x00, 0x0f, 0xff, 0xf1, 0x9f, 0xff, 0xbf, 0xff, 0xf0, 0x00, 0x0f, 0xff, 0xf1, 0x2f, 0xff, 0xff, 0xff, 0xf0, 0x00, 0x0f, 0xff, 0xf1,
    0x08, 0xff, 0xff, 0xff, 0xf0, 0x00, 0x0f, 0xff, 0xf1, 0x01, 0xef, 0xff, 0xff, 0xf0, 0x00, 0x0f, 0xff, 0xf1, 0x00, 0x8f, 0xff, 0xff, 0xf0, 0x00,
    0x0f, 0xff, 0xf1, 0x00, 0x1e, 0xff, 0xff, 0xf0, 0x00, 0x0f, 0xff, 0xf1, 0x00, 0x07, 0xff, 0xff, 0xf0, 0x00, 0x0b, 0xff, 0xb0, 0x00, 0x01, 0xcf,
    0xff, 0xb0, 0x00, 0x00, 0x00, 0x4a, 0xde, 0xed, 0xa5, 0x00, 0x00, 0x00, 0x00, 0x1b, 0xff, 0xff, 0xff, 0xff, 0xc2, 0x00, 0x00, 0x01, 0xdf, 0xff,
    0xff, 0xff, 0xff, 0xfd, 0x20, 0x00, 0x0a, 0xff, 0xff, 0xb8, 0x7b, 0xff, 0xff, 0xb0, 0x00, 0x3f, 0xff, 0xf6, 0x00, 0x00, 0x5f, 0xff, 0xf4, 0x00,
    0x9f, 0xff, 0xa0, 0x00, 0x00, 0x09, 0xff, 0xfa, 0x00, 0xcf, 0xff, 0x50, 0x00, 0x00, 0x04, 0xff, 0xfd, 0x00, 0xef, 0xff, 0x20, 0x00, 0x00, 0x01,
    0xff, 0xff, 0x00, 0xff, 0xff, 0x10, 0x00, 0x00, 0x00, 0xff, 0xff, 0x10, 0xef, 0xff, 0x20, 0x00, 0x00, 0x01, 0xff, 0xff, 0x00, 0xcf, 0xff, 0x50,
    0x00, 0x00, 0x04, 0xff, 0xfd, 0x00, 0x9f, 0xff, 0xa0, 0x00, 0x00, 0x09, 0xff, 0xfa, 0x00, 0x3f, 0xff, 0xf6, 0x00, 0x00, 0x5f, 0xff, 0xf4, 0x00,
    0x0a, 0xff, 0xff, 0xb7, 0x7b, 0xff, 0xff, 0xb0, 0x00, 0x01, 0xdf, 0xff, 0xff, 0xff, 0xff, 0xfd, 0x20, 0x00, 0x00, 0x1b, 0xff, 0xff, 0xff, 0xff,
    0xc2, 0x00, 0x00, 0x00, 0x00, 0x4a, 0xde, 0xed, 0xa5, 0x00, 0x00, 0x00, 0x0b, 0xff, 0xff, 0xff, 0xec, 0x92, 0x00, 0x00, 0x0f, 0xff, 0xff, 0xff,
    0xff, 0xff, 0x60, 0x00, 0x0f, 0xff, 0xff, 0xff, 0xff, 0xff, 0xf4, 0x00, 0x0f, 0xff, 0xf7, 0x77, 0x8d, 0xff, 0xfb, 0x00, 0x0f, 0xff, 0xf1, 0x00,
    0x03, 0xff, 0xfe, 0x00, 0x0f, 0xff, 0xf1, 0x00, 0x02, 0xff, 0xff, 0x00, 0x0f, 0xff, 0xf3, 0x22, 0x3a, 0xff, 0xfc, 0x00, 0x0f, 0xff, 0xff, 0xff,
    0xff, 0xff, 0xf6, 0x00, 0x0f, 0xff, 0xff, 0xff, 0xff, 0xff, 0xa0, 0x00, 0x0f, 0xff, 0xff, 0xff, 0xff, 0xd6, 0x00, 0x00, 0x0f, 0xff, 0xf5, 0x55,
    0x42, 0x00, 0x00, 0x00, 0x0f, 0xff, 0xf1, 0x00, 0x00, 0x00, 0x00, 0x00, 0x0f, 0xff, 0xf1, 0x00, 0x00, 0x00, 0x00, 0x00, 0x0f, 0xff, 0xf1, 0x00,
    0x00, 0x00, 0x00, 0x00, 0x0f, 0xff, 0xf1, 0x00, 0x00, 0x00, 0x00, 0x00, 0x0f, 0xff, 0xf1, 0x00, 0x00, 0x00, 0x00, 0x00, 0x0b, 0xff, 0xb0, 0x00,
    0x00, 0x00, 0x00, 0x00, 0x00, 0x00, 0x4a, 0xde, 0xed, 0xa4, 0x00, 0x00, 0x00, 0x00, 0x1b, 0xff, 0xff, 0xff, 0xff, 0xb1, 0x00, 0x00, 0x01, 0xdf,
    0xff, 0xff, 0xff, 0xff, 0xfd, 0x10, 0x00, 0x0a, 0xff, 0xff, 0xb8, 0x7b, 0xff, 0xff, 0xa0, 0x00, 0x3f, 0xff, 0xf6, 0x00, 0x00, 0x5f, 0xff, 0xf3,
    0x00, 0x9f, 0xff, 0xa0, 0x00, 0x00, 0x09, 0xff, 0xf9, 0x00, 0xcf, 0xff, 0x50, 0x00, 0x00, 0x04, 0xff, 0xfd, 0x00, 0xef, 0xff, 0x20, 0x00, 0x00,
    0x01, 0xff, 0xff, 0x00, 0xff, 0xff, 0x10, 0x00, 0x00, 0x00, 0xff, 0xff, 0x10, 0xef, 0xff, 0x20, 0x00, 0x00, 0x01, 0xff, 0xff, 0x00, 0xcf, 0xff,
    0x50, 0x00, 0x00, 0x04, 0xff, 0xfd, 0x00, 0x9f, 0xff, 0xa0, 0x00, 0x00, 0x09, 0xff, 0xf9, 0x00, 0x3f, 0xff, 0xf6, 0x00, 0x00, 0x5f, 0xff, 0xf3,
    0x00, 0x0a, 0xff, 0xff, 0xb7, 0x7b, 0xff, 0xff, 0x90, 0x00, 0x01, 0xdf, 0xff, 0xff, 0xff, 0xff, 0xff, 0xc2, 0x00, 0x00, 0x1b, 0xff, 0xff, 0xff,
    0xff, 0xff, 0xfe, 0x00, 0x00, 0x00, 0x4a, 0xde, 0xff, 0xff, 0xff, 0xfb, 0x00, 0x00, 0x00, 0x00, 0x00, 0x00, 0x01, 0x4a, 0xa1, 0x00, 0x0b, 0xff,
    0xff, 0xff, 0xec, 0x93, 0x00, 0x00, 0x0f, 0xff, 0xff, 0xff, 0xff, 0xff, 0x80, 0x00, 0x0f, 0xff, 0xff, 0xff, 0xff, 0xff, 0xf6, 0x00, 0x0f, 0xff,
    0xf7, 0x77, 0x8d, 0xff, 0xfc, 0x00, 0x0f, 0xff, 0xf1, 0x00, 0x03, 0xff, 0xfe, 0x00, 0x0f, 0xff, 0xf1, 0x00, 0x02, 0xff, 0xfe, 0x00, 0x0f, 0xff,
    0xf3, 0x22, 0x3a, 0xff, 0xfb, 0x00, 0x0f, 0xff, 0xff, 0xff, 0xff, 0xff, 0xf3, 0x00, 0x0f, 0xff, 0xff, 0xff, 0xff, 0xff, 0x50, 0x00, 0x0f, 0xff,
    0xff, 0xff, 0xff, 0xff, 0x90, 0x00, 0x0f, 0xff, 0xf5, 0x55, 0x8f, 0xff, 0xe0, 0x00, 0x0f, 0xff, 0xf1, 0x00, 0x0d, 0xff, 0xf2, 0x00, 0x0f, 0xff,
    0xf1, 0x00, 0x0a, 0xff, 0xf5, 0x00, 0x0f, 0xff, 0xf1, 0x00, 0x08, 0xff, 0xf7, 0x00, 0x0f, 0xff, 0xf1, 0x00, 0x05, 0xff, 0xfa, 0x00, 0x0f, 0xff,
    0xf1, 0x00, 0x01, 0xff, 0xff, 0x20, 0x0b, 0xff, 0xb0, 0x00, 0x00, 0x9f, 0xfe, 0x20, 0x00, 0x02, 0x9d, 0xfe, 0xc8, 0x10, 0x00, 0x00, 0x05, 0xef,
    0xff, 0xff, 0xfe, 0x30, 0x00, 0x04, 0xff, 0xff, 0xff, 0xff, 0xfd, 0x10, 0x00, 0xbf, 0xff, 0xc7, 0x9e, 0xff, 0xf7, 0x00, 0x0e, 0xff, 0xf2, 0x00,
    0x6f, 0xff, 0xc0, 0x00, 0xef, 0xff, 0x60, 0x02, 0xff, 0xfc, 0x00, 0x0c, 0xff, 0xff, 0xd8, 0x43, 0x55, 0x10, 0x00, 0x4f, 0xff, 0xff, 0xff, 0xe7,
    0x00, 0x00, 0x00, 0x6e, 0xff, 0xff, 0xff, 0xfb, 0x00, 0x00, 0x00, 0x17, 0xcf, 0xff, 0xff, 0xf7, 0x00, 0x16, 0x65, 0x00, 0x16, 0xdf, 0xff, 0xd0,
    0x09, 0xff, 0xf5, 0x00, 0x02, 0xff, 0xff, 0x00, 0x8f, 0xff, 0xc0, 0x00, 0x2f, 0xff, 0xf0, 0x03, 0xff, 0xff, 0xd8, 0x8d, 0xff, 0xfb, 0x00, 0x0a,
    0xff, 0xff, 0xff, 0xff, 0xff, 0x40, 0x00, 0x0a, 0xff, 0xff, 0xff, 0xff, 0x60, 0x00, 0x00, 0x04, 0xad, 0xff, 0xd9, 0x20, 0x00, 0x0b, 0xff, 0xff,
    0xff, 0xff, 0xff, 0xff, 0xfb, 0x0f, 0xff, 0xff, 0xff, 0xff, 0xff, 0xff, 0xff, 0x0e, 0xff, 0xff, 0xff, 0xff, 0xff, 0xff, 0xfe, 0x03, 0x77, 0x77,
    0xff, 0xff, 0x77, 0x77, 0x73, 0x00, 0x00, 0x00, 0xff, 0xff, 0x10, 0x00, 0x00, 0x00, 0x00, 0x00, 0xff, 0xff, 0x10, 0x00, 0x00, 0x00, 0x00, 0x00,
    0xff, 0xff, 0x10, 0x00, 0x00, 0x00, 0x00, 0x00, 0xff, 0xff, 0x10, 0x00, 0x00, 0x00, 0x00, 0x00, 0xff, 0xff, 0x10, 0x00, 0x00, 0x00, 0x00, 0x00,
    0xff, 0xff, 0x10, 0x00, 0x00, 0x00, 0x00, 0x00, 0xff, 0xff, 0x10, 0x00, 0x00, 0x00, 0x00, 0x00, 0xff, 0xff, 0x10, 0x00, 0x00, 0x00, 0x00, 0x00,
    0xff, 0xff, 0x10, 0x00, 0x00, 0x00, 0x00, 0x00, 0xff, 0xff, 0x10, 0x00, 0x00, 0x00, 0x00, 0x00, 0xff, 0xff, 0x10, 0x00, 0x00, 0x00, 0x00, 0x00,
    0xff, 0xff, 0x10, 0x00, 0x00, 0x00, 0x00, 0x00, 0xbf, 0xfb, 0x00, 0x00, 0x00, 0x00, 0xbf, 0xfb, 0x00, 0x00, 0x0b, 0xff, 0xb0, 0x00, 0x0f, 0xff,
    0xf1, 0x00, 0x01, 0xff, 0xff, 0x00, 0x00, 0xff, 0xff, 0x10, 0x00, 0x1f, 0xff, 0xf0, 0x00, 0x0f, 0xff, 0xf1, 0x00, 0x01, 0xff, 0xff, 0x00, 0x00,
    0xff, 0xff, 0x10, 0x00, 0x1f, 0xff, 0xf0, 0x00, 0x0f, 0xff, 0xf1, 0x00, 0x01, 0xff, 0xff, 0x00, 0x00, 0xff, 0xff, 0x10, 0x00, 0x1f, 0xff, 0xf0,
    0x00, 0x0f, 0xff, 0xf1, 0x00, 0x01, 0xff, 0xff, 0x00, 0x00, 0xff, 0xff, 0x10, 0x00, 0x1f, 0xff, 0xf0, 0x00, 0x0f, 0xff, 0xf1, 0x00, 0x01, 0xff,
    0xff, 0x00, 0x00, 0xff, 0xff, 0x10, 0x00, 0x1f, 0xff, 0xf0, 0x00, 0x0e, 0xff, 0xf2, 0x00, 0x02, 0xff, 0xfe, 0x00, 0x00, 0xcf, 0xff, 0x70, 0x00,
    0x7f, 0xff, 0xc0, 0x00, 0x07, 0xff, 0xff, 0xa7, 0xaf, 0xff, 0xf7, 0x00, 0x00, 0x1d, 0xff, 0xff, 0xff, 0xff, 0xfd, 0x10, 0x00, 0x00, 0x3d, 0xff,
    0xff, 0xff, 0xfd, 0x30, 0x00, 0x00, 0x00, 0x17, 0xce, 0xfe, 0xc7, 0x10, 0x00, 0x01, 0xdf, 0xf8, 0x00, 0x00, 0x00, 0x0c, 0xff, 0x92, 0xff, 0xfe,
    0x00, 0x00, 0x00, 0x5f, 0xff, 0xc0, 0xcf, 0xff, 0x50, 0x00, 0x00, 0xaf, 0xff, 0x70, 0x7f, 0xff, 0xa0, 0x00, 0x01, 0xef, 0xff, 0x20, 0x2f, 0xff,
    0xe0, 0x00, 0x05, 0xff, 0xfb, 0x00, 0x0c, 0xff, 0xf4, 0x00, 0x0a, 0xff, 0xf6, 0x00, 0x06, 0xff, 0xf9, 0x00, 0x1f, 0xff, 0xe1, 0x00, 0x01, 0xff,
    0xfe, 0x00, 0x5f, 0xff, 0xa0, 0x00, 0x00, 0xbf, 0xff, 0x40, 0xbf, 0xff, 0x40, 0x00, 0x00, 0x6f, 0xff, 0x91, 0xff, 0xfe, 0x00, 0x00, 0x00, 0x1f,
    0xff, 0xe6, 0xff, 0xf8, 0x00, 0x00, 0x00, 0x0a, 0xff, 0xfe, 0xff, 0xf3, 0x00, 0x00, 0x00, 0x05, 0xff, 0xff, 0xff, 0xc0, 0x00, 0x00, 0x00, 0x01,
    0xef, 0xff, 0xff, 0x70, 0x00, 0x00, 0x00, 0x00, 0xaf, 0xff, 0xff, 0x20, 0x00, 0x00, 0x00, 0x00, 0x4f, 0xff, 0xfb, 0x00, 0x00, 0x00, 0x00, 0x00,
    0x0c, 0xff, 0xe4, 0x00, 0x00, 0x03, 0xef, 0xf7, 0x00, 0x00, 0x5f, 0xff, 0xb0, 0x00, 0x01, 0xdf, 0xf7, 0x5f, 0xff, 0xd0, 0x00, 0x0b, 0xff, 0xff,
    0x20, 0x00, 0x6f, 0xff, 0xa1, 0xff, 0xff, 0x20, 0x00, 0xef, 0xff, 0xf6, 0x00, 0x09, 0xff, 0xf6, 0x0c, 0xff, 0xf5, 0x00, 0x4f, 0xff, 0xff, 0xa0,
    0x00, 0xdf, 0xff, 0x20, 0x8f, 0xff, 0x90, 0x08, 0xff, 0xff, 0xfe, 0x00, 0x2f, 0xff, 0xd0, 0x04, 0xff, 0xfd, 0x00, 0xcf, 0xff, 0xff, 0xf3, 0x06,
    0xff, 0xf9, 0x00, 0x0e, 0xff, 0xf1, 0x1f, 0xff, 0xff, 0xff, 0x60, 0xaf, 0xff, 0x40, 0x00, 0xbf, 0xff, 0x55, 0xff, 0xfa, 0xff, 0xfa, 0x0d, 0xff,
    0xf1, 0x00, 0x07, 0xff, 0xf8, 0x9f, 0xff, 0x3e, 0xff, 0xe2, 0xff, 0xfb, 0x00, 0x00, 0x3f, 0xff, 0xcd, 0xff, 0xe0, 0xaf, 0xff, 0x9f, 0xff, 0x70,
    0x00, 0x00, 0xef, 0xff, 0xff, 0xf9, 0x06, 0xff, 0xff, 0xff, 0xf2, 0x00, 0x00, 0x0a, 0xff, 0xff, 0xff, 0x50, 0x2f, 0xff, 0xff, 0xfd, 0x00, 0x00,
    0x00, 0x6f, 0xff, 0xff, 0xf1, 0x00, 0xdf, 0xff, 0xff, 0x90, 0x00, 0x00, 0x02, 0xff, 0xff, 0xfc, 0x00, 0x09, 0xff, 0xff, 0xf5, 0x00, 0x00, 0x00,
    0x0d, 0xff, 0xff, 0x80, 0x00, 0x5f, 0xff, 0xff, 0x10, 0x00, 0x00, 0x00, 0x9f, 0xff, 0xf4, 0x00, 0x01, 0xff, 0xff, 0xb0, 0x00, 0x00, 0x00, 0x03,
    0xef, 0xfc, 0x00, 0x00, 0x0a, 0xff, 0xf5, 0x00, 0x00, 0x0c, 0xff, 0xc1, 0x00, 0x00, 0x07, 0xff, 0xe4, 0x0d, 0xff, 0xfa, 0x00, 0x00, 0x4f, 0xff,
    0xf4, 0x04, 0xff, 0xff, 0x40, 0x01, 0xdf, 0xff, 0xa0, 0x00, 0x9f, 0xff, 0xd1, 0x09, 0xff, 0xfd, 0x10, 0x00, 0x1d, 0xff, 0xf9, 0x4f, 0xff, 0xf3,
    0x00, 0x00, 0x03, 0xff, 0xff, 0xef, 0xff, 0x70, 0x00, 0x00, 0x00, 0x8f, 0xff, 0xff, 0xfb, 0x00, 0x00, 0x00, 0x00, 0x0d, 0xff, 0xff, 0xe2, 0x00,
    0x00, 0x00, 0x00, 0x06, 0xff, 0xff, 0x90, 0x00, 0x00, 0x00, 0x00, 0x2e, 0xff, 0xff, 0xf4, 0x00, 0x00, 0x00, 0x00, 0xbf, 0xff, 0xff, 0xfd, 0x10,
    0x00, 0x00, 0x07, 0xff, 0xfe, 0xdf, 0xff, 0xa0, 0x00, 0x00, 0x3f, 0xff, 0xf5, 0x3f, 0xff, 0xf6, 0x00, 0x01, 0xdf, 0xff, 0xa0, 0x07, 0xff, 0xfe,
    0x20, 0x09, 0xff, 0xfd, 0x10, 0x00, 0xcf, 0xff, 0xc0, 0x4f, 0xff, 0xf4, 0x00, 0x00, 0x2e, 0xff, 0xf8, 0x4e, 0xff, 0x80, 0x00, 0x00, 0x05, 0xef,
    0xf7, 0x2d, 0xff, 0x80, 0x00, 0x00, 0x07, 0xff, 0xe3, 0x3f, 0xff, 0xf4, 0x00, 0x00, 0x2f, 0xff, 0xf4, 0x09, 0xff, 0xfd, 0x00, 0x00, 0xbf, 0xff,
    0xb0, 0x01, 0xef, 0xff, 0x70, 0x04, 0xff, 0xff, 0x20, 0x00, 0x7f, 0xff, 0xe1, 0x0d, 0xff, 0xf8, 0x00, 0x00, 0x0d, 0xff, 0xfa, 0x7f, 0xff, 0xd1,
    0x00, 0x00, 0x04, 0xff, 0xff, 0xef, 0xff, 0x50, 0x00, 0x00, 0x00, 0xaf, 0xff, 0xff, 0xfb, 0x00, 0x00, 0x00, 0x00, 0x2f, 0xff, 0xff, 0xf3, 0x00,
    0x00, 0x00, 0x00, 0x08, 0xff, 0xff, 0x90, 0x00, 0x00, 0x00, 0x00, 0x01, 0xff, 0xff, 0x10, 0x00, 0x00, 0x00, 0x00, 0x00, 0xff, 0xff, 0x10, 0x00,
    0x00, 0x00, 0x00, 0x00, 0xff, 0xff, 0x10, 0x00, 0x00, 0x00, 0x00, 0x00, 0xff, 0xff, 0x10, 0x00, 0x00, 0x00, 0x00, 0x00, 0xff, 0xff, 0x10, 0x00,
    0x00, 0x00, 0x00, 0x00, 0xff, 0xff, 0x10, 0x00, 0x00, 0x00, 0x00, 0x00, 0xbf, 0xfb, 0x00, 0x00, 0x00, 0x00, 0xbf, 0xff, 0xff, 0xff, 0xff, 0xff,
    0xb0, 0x00, 0xff, 0xff, 0xff, 0xff, 0xff, 0xff, 0xf0, 0x00, 0xef, 0xff, 0xff, 0xff, 0xff, 0xff, 0xe0, 0x00, 0x37, 0x77, 0x77, 0x7c, 0xff, 0xff,
    0x70, 0x00, 0x00, 0x00, 0x00, 0x4f, 0xff, 0xfa, 0x00, 0x00, 0x00, 0x00, 0x02, 0xef, 0xff, 0xd1, 0x00, 0x00, 0x00, 0x00, 0x0c, 0xff, 0xfe, 0x30,
    0x00, 0x00, 0x00, 0x00, 0x9f, 0xff, 0xf5, 0x00, 0x00, 0x00, 0x00, 0x06, 0xff, 0xff, 0x90, 0x00, 0x00, 0x00, 0x00, 0x4f, 0xff, 0xfc, 0x00, 0x00,
    0x00, 0x00, 0x02, 0xef, 0xff, 0xe2, 0x00, 0x00, 0x00, 0x00, 0x0c, 0xff, 0xff, 0x40, 0x00, 0x00, 0x00, 0x00, 0x9f, 0xff, 0xf7, 0x00, 0x00, 0x00,
    0x00, 0x06, 0xff, 0xff, 0xe7, 0x77, 0x77, 0x77, 0x30, 0x0e, 0xff, 0xff, 0xff, 0xff, 0xff, 0xff, 0xe0, 0x0f, 0xff, 0xff, 0xff, 0xff, 0xff, 0xff,
    0xf0, 0x0b, 0xff, 0xff, 0xff, 0xff, 0xff, 0xff, 0xb0, 0x00, 0x12, 0x22, 0x10, 0x01, 0xef, 0xff, 0xe2, 0x03, 0xff, 0xff, 0xf4, 0x03, 0xff, 0xff,
    0xf3, 0x03, 0xff, 0xf5, 0x30, 0x03, 0xff, 0xf0, 0x00, 0x03, 0xff, 0xf0, 0x00, 0x03, 0xff, 0xf0, 0x00, 0x03, 0xff, 0xf0, 0x00, 0x03, 0xff, 0xf0,
    0x00, 0x03, 0xff, 0xf0, 0x00, 0x03, 0xff, 0xf0, 0x00, 0x03, 0xff, 0xf0, 0x00, 0x03, 0xff, 0xf0, 0x00, 0x03, 0xff, 0xf0, 0x00, 0x03, 0xff, 0xf0,
    0x00, 0x03, 0xff, 0xf0, 0x00, 0x03, 0xff, 0xf0, 0x00, 0x03, 0xff, 0xf2, 0x10, 0x03, 0xff, 0xff, 0xf2, 0x03, 0xff, 0xff, 0xf4, 0x01, 0xff, 0xff,
    0xf3, 0x00, 0x35, 0x55, 0x30, 0x0c, 0xfd, 0x20, 0x00, 0x00, 0x0e, 0xff, 0x70, 0x00, 0x00, 0x0a, 0xff, 0xc0, 0x00, 0x00, 0x05, 0xff, 0xf2, 0x00,
    0x00, 0x01, 0xef, 0xf7, 0x00, 0x00, 0x00, 0xaf, 0xfc, 0x00, 0x00, 0x00, 0x5f, 0xff, 0x20, 0x00, 0x00, 0x1e, 0xff, 0x70, 0x00, 0x00, 0x0a, 0xff,
    0xc0, 0x00, 0x00, 0x05, 0xff, 0xf2, 0x00, 0x00, 0x01, 0xef, 0xf7, 0x00, 0x00, 0x00, 0xaf, 0xfc, 0x00, 0x00, 0x00, 0x5f, 0xff, 0x20, 0x00, 0x00,
    0x1e, 0xff, 0x70, 0x00, 0x00, 0x0a, 0xff, 0xd0, 0x00, 0x00, 0x05, 0xff, 0xf3, 0x00, 0x00, 0x01, 0xef, 0xf8, 0x00, 0x00, 0x00, 0xaf, 0xfa, 0x00,
    0x00, 0x00, 0x17, 0x72, 0x01, 0x22, 0x20, 0x00, 0x5f, 0xff, 0xfc, 0x00, 0x7f, 0xff, 0xff, 0x00, 0x6f, 0xff, 0xff, 0x00, 0x04, 0x6f, 0xff, 0x00,
    0x00, 0x3f, 0xff, 0x00, 0x00, 0x3f, 0xff, 0x00, 0x00, 0x3f, 0xff, 0x00, 0x00, 0x3f, 0xff, 0x00, 0x00, 0x3f, 0xff, 0x00, 0x00, 0x3f, 0xff, 0x00,
    0x00, 0x3f, 0xff, 0x00, 0x00, 0x3f, 0xff, 0x00, 0x00, 0x3f, 0xff, 0x00, 0x00, 0x3f, 0xff, 0x00, 0x00, 0x3f, 0xff, 0x00, 0x00, 0x3f, 0xff, 0x00,
    0x00, 0x3f, 0xff, 0x00, 0x01, 0x4f, 0xff, 0x00, 0x5f, 0xff, 0xff, 0x00, 0x7f, 0xff, 0xff, 0x00, 0x6f, 0xff, 0xfd, 0x00, 0x04, 0x55, 0x52, 0x00,
    0x00, 0x00, 0x03, 0xef, 0xd1, 0x00, 0x00, 0x00, 0x00, 0x00, 0xaf, 0xff, 0x60, 0x00, 0x00, 0x00, 0x00, 0x2f, 0xff, 0xfd, 0x00, 0x00, 0x00, 0x00,
    0x08, 0xff, 0xff, 0xf4, 0x00, 0x00, 0x00, 0x01, 0xef, 0xff, 0xff, 0xb0, 0x00, 0x00, 0x00, 0x6f, 0xff, 0x8f, 0xff, 0x20, 0x00, 0x00, 0x0c, 0xff,
    0xc1, 0xef, 0xf9, 0x00, 0x00, 0x04, 0xff, 0xf6, 0x09, 0xff, 0xe1, 0x00, 0x00, 0xaf, 0xfe, 0x10, 0x3f, 0xff, 0x70, 0x00, 0x1f, 0xff, 0x90, 0x00,
    0xcf, 0xfd, 0x00, 0x01, 0xdf, 0xe2, 0x00, 0x04, 0xef, 0xa0, 0x00, 0x00, 0x00, 0x00, 0x00, 0x00, 0x00, 0x00, 0x00, 0x00, 0x00, 0x00, 0x00, 0x00,
    0x00, 0x00, 0x00, 0x00, 0x00, 0x00, 0x00, 0x00, 0x00, 0x00, 0x00, 0x00, 0x00, 0x00, 0x00, 0x00, 0x00, 0x00, 0x00, 0x00, 0x00, 0x00, 0x00, 0x00,
    0x00, 0x22, 0x22, 0x22, 0x22, 0x20, 0x00, 0xcf, 0xff, 0xff, 0xff, 0xff, 0xc0, 0x0f, 0xff, 0xff, 0xff, 0xff, 0xff, 0x00, 0xef, 0xff, 0xff, 0xff,
    0xff, 0xe0, 0x02, 0x55, 0x55, 0x55, 0x55, 0x52, 0x00, 0x58, 0x72, 0x00, 0x00, 0x0f, 0xff, 0xc0, 0x00, 0x00, 0x9f, 0xff, 0x50, 0x00, 0x00, 0xcf,
    0xfc, 0x00, 0x00, 0x02, 0xdf, 0xa0, 0x00, 0x00, 0x00, 0x00, 0x00, 0x00, 0x00, 0x00, 0x00, 0x00, 0x00, 0x00, 0x00, 0x00, 0x00, 0x00, 0x00, 0x00,
    0x00, 0x00, 0x00, 0x00, 0x00, 0x00, 0x00, 0x00, 0x00, 0x00, 0x00, 0x00, 0x00, 0x00, 0x00, 0x00, 0x00, 0x00, 0x00, 0x00, 0x00, 0x00, 0x00, 0x00,
    0x00, 0x00, 0x00, 0x00, 0x00, 0x00, 0x00, 0x00, 0x00, 0x00, 0x00, 0x00, 0x00, 0x00, 0x00, 0x00, 0x00, 0x00, 0x00, 0x18, 0xdf, 0xec, 0x71, 0x00,
    0x00, 0x02, 0xdf, 0xff, 0xff, 0xfd, 0x10, 0x00, 0x0c, 0xff, 0xff, 0xff, 0xff, 0x90, 0x00, 0x4f, 0xff, 0xe8, 0xaf, 0xff, 0xe0, 0x00, 0x7f, 0xff,
    0x81, 0x2f, 0xff, 0xf0, 0x00, 0x3c, 0xff, 0xff, 0xff, 0xff, 0xf1, 0x00, 0x09, 0xff, 0xff, 0xff, 0xff, 0xf1, 0x00, 0x6f, 0xff, 0xff, 0xff, 0xff,
    0xf1, 0x00, 0xcf, 0xff, 0xb5, 0x3f, 0xff, 0xf1, 0x00, 0xff, 0xff, 0x10, 0x3f, 0xff, 0xf1, 0x00, 0xef, 0xff, 0x98, 0xdf, 0xff, 0xf1, 0x00, 0xaf,
    0xff, 0xff, 0xff, 0xff, 0xf2, 0x00, 0x2d, 0xff, 0xff, 0xff, 0xff, 0xf4, 0x00, 0x01, 0x9d, 0xfe, 0xbc, 0xff, 0xd1, 0x00, 0x0b, 0xff, 0xb0, 0x00,
    0x00, 0x00, 0x00, 0x00, 0x0f, 0xff, 0xf1, 0x00, 0x00, 0x00, 0x00, 0x00, 0x0f, 0xff, 0xf1, 0x00, 0x00, 0x00, 0x00, 0x00, 0x0f, 0xff, 0xf1, 0x00,
    0x00, 0x00, 0x00, 0x00, 0x0f, 0xff, 0xf9, 0xdf, 0xec, 0x70, 0x00, 0x00, 0x0f, 0xff, 0xff, 0xff, 0xff, 0xfd, 0x20, 0x00, 0x0f, 0xff, 0xff, 0xff,
    0xff, 0xff, 0xc0, 0x00, 0x0f, 0xff, 0xff, 0xb8, 0xbf, 0xff, 0xf6, 0x00, 0x0f, 0xff, 0xf9, 0x00, 0x0a, 0xff, 0xfb, 0x00, 0x0f, 0xff, 0xf3, 0x00,
    0x04, 0xff, 0xfe, 0x00, 0x0f, 0xff, 0xf1, 0x00, 0x01, 0xff, 0xff, 0x10, 0x0f, 0xff, 0xf1, 0x00, 0x01, 0xff, 0xff, 0x00, 0x0f, 0xff, 0xf2, 0x00,
    0x03, 0xff, 0xfe, 0x00, 0x0f, 0xff, 0xf9, 0x00, 0x0a, 0xff, 0xfa, 0x00, 0x0f, 0xff, 0xff, 0xb8, 0xbf, 0xff, 0xf4, 0x00, 0x0f, 0xff, 0xff, 0xff,
    0xff, 0xff, 0xa0, 0x00, 0x0f, 0xff, 0xff, 0xff, 0xff, 0xfa, 0x10, 0x00, 0x0b, 0xff, 0xfa, 0xdf, 0xea, 0x40, 0x00, 0x00, 0x00, 0x04, 0xae, 0xfe,
    0xa4, 0x00, 0x00, 0x00, 0x9f, 0xff, 0xff, 0xff, 0x90, 0x00, 0x09, 0xff, 0xff, 0xff, 0xff, 0xf6, 0x00, 0x3f, 0xff, 0xfb, 0x7c, 0xff, 0xfe, 0x00,
    0x9f, 0xff, 0xa0, 0x00, 0xdf, 0xff, 0x40, 0xdf, 0xff, 0x40, 0x00, 0x7f, 0xff, 0x30, 0xef, 0xff, 0x20, 0x00, 0x02, 0x21, 0x00, 0xff, 0xff, 0x10,
    0x00, 0x00, 0x00, 0x00, 0xdf, 0xff, 0x30, 0x00, 0x6e, 0xec, 0x10, 0xbf, 0xff, 0xa0, 0x01, 0xef, 0xff, 0x20, 0x6f, 0xff, 0xfa, 0x7c, 0xff, 0xfd,
    0x00, 0x0c, 0xff, 0xff, 0xff, 0xff, 0xf5, 0x00, 0x02, 0xcf, 0xff, 0xff, 0xff, 0x70, 0x00, 0x00, 0x07, 0xce, 0xfd, 0x93, 0x00, 0x00, 0x00, 0x00,
    0x00, 0x00, 0x0b, 0xff, 0xb0, 0x00, 0x00, 0x00, 0x00, 0x00, 0x0f, 0xff, 0xf1, 0x00, 0x00, 0x00, 0x00, 0x00, 0x0f, 0xff, 0xf1, 0x00, 0x00, 0x00,
    0x00, 0x00, 0x0f, 0xff, 0xf1, 0x00, 0x00, 0x04, 0xae, 0xfd, 0xaf, 0xff, 0xf1, 0x00, 0x00, 0x9f, 0xff, 0xff, 0xff, 0xff, 0xf1, 0x00, 0x09, 0xff,
    0xff, 0xff, 0xff, 0xff, 0xf1, 0x00, 0x3f, 0xff, 0xfb, 0x8b, 0xff, 0xff, 0xf1, 0x00, 0x9f, 0xff, 0xb0, 0x00, 0x8f, 0xff, 0xf1, 0x00, 0xdf, 0xff,
    0x40, 0x00, 0x2f, 0xff, 0xf1, 0x00, 0xef, 0xff, 0x20, 0x00, 0x0f, 0xff, 0xf1, 0x00, 0xff, 0xff, 0x20, 0x00, 0x0f, 0xff, 0xf1, 0x00, 0xdf, 0xff,
    0x40, 0x00, 0x2f, 0xff, 0xf1, 0x00, 0xaf, 0xff, 0xa0, 0x00, 0x9f, 0xff, 0xf1, 0x00, 0x5f, 0xff, 0xfb, 0x8b, 0xff, 0xff, 0xf1, 0x00, 0x0b, 0xff,
    0xff, 0xff, 0xff, 0xff, 0xf1, 0x00, 0x01, 0xcf, 0xff, 0xff, 0xff, 0xff, 0xf1, 0x00, 0x00, 0x07, 0xce, 0xfd, 0x9c, 0xff, 0xb0, 0x00, 0x00, 0x04,
    0xae, 0xfe, 0xa4, 0x00, 0x00, 0x00, 0x9f, 0xff, 0xff, 0xff, 0x80, 0x00, 0x09, 0xff, 0xff, 0xff, 0xff, 0xf6, 0x00, 0x3f, 0xff, 0xfa, 0x7b, 0xff,
    0xfe, 0x00, 0x9f, 0xff, 0x92, 0x22, 0xef, 0xff, 0x40, 0xdf, 0xff, 0xff, 0xff, 0xff, 0xff, 0x60, 0xef, 0xff, 0xff, 0xff, 0xff, 0xff, 0x70, 0xff,
    0xff, 0xff, 0xff, 0xff, 0xff, 0x60, 0xdf, 0xff, 0x75, 0x55, 0xcf, 0xff, 0x30, 0xaf, 0xff, 0x80, 0x01, 0xdf, 0xff, 0x30, 0x5f, 0xff, 0xfa, 0x7c,
    0xff, 0xfd, 0x00, 0x0b, 0xff, 0xff, 0xff, 0xff, 0xf5, 0x00, 0x01, 0xcf, 0xff, 0xff, 0xff, 0x70, 0x00, 0x00, 0x06, 0xbe, 0xfd, 0xa3, 0x00, 0x00,
    0x00, 0x02, 0x67, 0x63, 0x00, 0x00, 0x9f, 0xff, 0xfe, 0x00, 0x07, 0xff, 0xff, 0xff, 0x00, 0x0d, 0xff, 0xfe, 0xea, 0x00, 0x0f, 0xff, 0xf1, 0x00,
    0x00, 0xbf, 0xff, 0xff, 0xfb, 0x00, 0xff, 0xff, 0xff, 0xff, 0x00, 0xef, 0xff, 0xff, 0xfe, 0x00, 0x3f, 0xff, 0xf7, 0x73, 0x00, 0x0f, 0xff, 0xf1,
    0x00, 0x00, 0x0f, 0xff, 0xf1, 0x00, 0x00, 0x0f, 0xff, 0xf1, 0x00, 0x00, 0x0f, 0xff, 0xf1, 0x00, 0x00, 0x0f, 0xff, 0xf1, 0x00, 0x00, 0x0f, 0xff,
    0xf1, 0x00, 0x00, 0x0f, 0xff, 0xf1, 0x00, 0x00, 0x0f, 0xff, 0xf1, 0x00, 0x00, 0x0f, 0xff, 0xf1, 0x00, 0x00, 0x0b, 0xff, 0xb0, 0x00, 0x00, 0x00,
    0x04, 0xae, 0xfd, 0xae, 0xff, 0xb0, 0x00, 0x00, 0x9f, 0xff, 0xff, 0xff, 0xff, 0xf1, 0x00, 0x09, 0xff, 0xff, 0xff, 0xff, 0xff, 0xf1, 0x00, 0x3f,
    0xff, 0xfb, 0x8b, 0xff, 0xff, 0xf1, 0x00, 0x9f, 0xff, 0xb0, 0x00, 0x8f, 0xff, 0xf1, 0x00, 0xdf, 0xff, 0x40, 0x00, 0x2f, 0xff, 0xf1, 0x00, 0xef,
    0xff, 0x20, 0x00, 0x0f, 0xff, 0xf1, 0x00, 0xff, 0xff, 0x20, 0x00, 0x0f, 0xff, 0xf1, 0x00, 0xdf, 0xff, 0x40, 0x00, 0x2f, 0xff, 0xf1, 0x00, 0xaf,
    0xff, 0xa0, 0x00, 0x9f, 0xff, 0xf1, 0x00, 0x5f, 0xff, 0xfb, 0x8b, 0xff, 0xff, 0xf1, 0x00, 0x0b, 0xff, 0xff, 0xff, 0xff, 0xff, 0xf1, 0x00, 0x4d,
    0xff, 0xff, 0xff, 0xff, 0xff, 0xf0, 0x00, 0x9f, 0xff, 0xfe, 0xfd, 0xef, 0xff, 0xd0, 0x00, 0x6f, 0xff, 0xe9, 0x79, 0xff, 0xff, 0x90, 0x00, 0x1e,
    0xff, 0xff, 0xff, 0xff, 0xfe, 0x10, 0x00, 0x04, 0xef, 0xff, 0xff, 0xff, 0xd3, 0x00, 0x00, 0x00, 0x18, 0xce, 0xfe, 0xc7, 0x10, 0x00, 0x00, 0x0b,
    0xff, 0xb0, 0x00, 0x00, 0x00, 0x00, 0x00, 0x0f, 0xff, 0xf1, 0x00, 0x00, 0x00, 0x00, 0x00, 0x0f, 0xff, 0xf1, 0x00, 0x00, 0x00, 0x00, 0x00, 0x0f,
    0xff, 0xf1, 0x00, 0x00, 0x00, 0x00, 0x00, 0x0f, 0xff, 0xf9, 0xdf, 0xec, 0x60, 0x00, 0x00, 0x0f, 0xff, 0xff, 0xff, 0xff, 0xfa, 0x00, 0x00, 0x0f,
    0xff, 0xff, 0xff, 0xff, 0xff, 0x60, 0x00, 0x0f, 0xff, 0xff, 0xb8, 0xdf, 0xff, 0xc0, 0x00, 0x0f, 0xff, 0xfa, 0x00, 0x3f, 0xff, 0xe0, 0x00, 0x0f,
    0xff, 0xf4, 0x00, 0x1f, 0xff, 0xf0, 0x00, 0x0f, 0xff, 0xf2, 0x00, 0x1f, 0xff, 0xf0, 0x00, 0x0f, 0xff, 0xf1, 0x00, 0x1f, 0xff, 0xf0, 0x00, 0x0f,
    0xff, 0xf1, 0x00, 0x1f, 0xff, 0xf0, 0x00, 0x0f, 0xff, 0xf1, 0x00, 0x1f, 0xff, 0xf0, 0x00, 0x0f, 0xff, 0xf1, 0x00, 0x1f, 0xff, 0xf0, 0x00, 0x0f,
    0xff, 0xf1, 0x00, 0x1f, 0xff, 0xf0, 0x00, 0x0f, 0xff, 0xf1, 0x00, 0x1f, 0xff, 0xf0, 0x00, 0x0b, 0xff, 0xb0, 0x00, 0x0b, 0xff, 0xb0, 0x00, 0x01,
    0x10, 0x00, 0x06, 0xff, 0x70, 0x00, 0xef, 0xfe, 0x00, 0x0d, 0xff, 0xe0, 0x00, 0xff, 0xff, 0x00, 0x0f, 0xff, 0xf1, 0x00, 0xff, 0xff, 0x10, 0x0f,
    0xff, 0xf1, 0x00, 0xff, 0xff, 0x10, 0x0f, 0xff, 0xf1, 0x00, 0xff, 0xff, 0x10, 0x0f, 0xff, 0xf1, 0x00, 0xff, 0xff, 0x10, 0x0f, 0xff, 0xf1, 0x00,
    0xff, 0xff, 0x10, 0x0f, 0xff, 0xf1, 0x00, 0xff, 0xff, 0x10, 0x0b, 0xff, 0xb0, 0x00, 0x00, 0x11, 0x00, 0x00, 0x06, 0xff, 0x70, 0x00, 0x0e, 0xff,
    0xe0, 0x00, 0x0d, 0xff, 0xe0, 0x00, 0x0f, 0xff, 0xf0, 0x00, 0x0f, 0xff, 0xf1, 0x00, 0x0f, 0xff, 0xf1, 0x00, 0x0f, 0xff, 0xf1, 0x00, 0x0f, 0xff,
    0xf1, 0x00, 0x0f, 0xff, 0xf1, 0x00, 0x0f, 0xff, 0xf1, 0x00, 0x0f, 0xff, 0xf1, 0x00, 0x0f, 0xff, 0xf1, 0x00, 0x0f, 0xff, 0xf1, 0x00, 0x0f, 0xff,
    0xf1, 0x00, 0x0f, 0xff, 0xf1, 0x00, 0x0f, 0xff, 0xf1, 0x00, 0x0f, 0xff, 0xf1, 0x01, 0x7f, 0xff, 0xf0, 0x07, 0xff, 0xff, 0xd0, 0x07, 0xff, 0xff,
    0x60, 0x04, 0xef, 0xd6, 0x00, 0x00, 0x0b, 0xff, 0xb0, 0x00, 0x00, 0x00, 0x00, 0x0f, 0xff, 0xf1, 0x00, 0x00, 0x00, 0x00, 0x0f, 0xff, 0xf1, 0x00,
    0x00, 0x00, 0x00, 0x0f, 0xff, 0xf1, 0x00, 0x00, 0x00, 0x00, 0x0f, 0xff, 0xf1, 0x00, 0x6e, 0xff, 0xa0, 0x0f, 0xff, 0xf1, 0x05, 0xff, 0xff, 0xb0,
    0x0f, 0xff, 0xf1, 0x3f, 0xff, 0xfc, 0x10, 0x0f, 0xff, 0xf3, 0xef, 0xff, 0xc1, 0x00, 0x0f, 0xff, 0xfe, 0xff, 0xfd, 0x10, 0x00, 0x0f, 0xff, 0xff,
    0xff, 0xd2, 0x00, 0x00, 0x0f, 0xff, 0xff, 0xff, 0x20, 0x00, 0x00, 0x0f, 0xff, 0xff, 0xff, 0x80, 0x00, 0x00, 0x0f, 0xff, 0xff, 0xff, 0xf6, 0x00,
    0x00, 0x0f, 0xff, 0xfd, 0xff, 0xff, 0x40, 0x00, 0x0f, 0xff, 0xf2, 0xdf, 0xff, 0xe3, 0x00, 0x0f, 0xff, 0xf1, 0x3e, 0xff, 0xfd, 0x20, 0x0f, 0xff,
    0xf1, 0x05, 0xff, 0xff, 0xc0, 0x0b, 0xff, 0xb0, 0x00, 0x7e, 0xff, 0xb0, 0x0b, 0xff, 0xb0, 0x00, 0x0f, 0xff, 0xf1, 0x00, 0x0f, 0xff, 0xf1, 0x00,
    0x0f, 0xff, 0xf1, 0x00, 0x0f, 0xff, 0xf1, 0x00, 0x0f, 0xff, 0xf1, 0x00, 0x0f, 0xff, 0xf1, 0x00, 0x0f, 0xff, 0xf1, 0x00, 0x0f, 0xff, 0xf1, 0x00,
    0x0f, 0xff, 0xf1, 0x00, 0x0f, 0xff, 0xf1, 0x00, 0x0f, 0xff, 0xf1, 0x00, 0x0f, 0xff, 0xf1, 0x00, 0x0f, 0xff, 0xf1, 0x00, 0x0f, 0xff, 0xf6, 0x10,
    0x0e, 0xff, 0xff, 0x70, 0x0b, 0xff, 0xff, 0x80, 0x02, 0xae, 0xfd, 0x30, 0x0b, 0xff, 0xfb, 0xee, 0xc7, 0x15, 0xbe, 0xec, 0x70, 0x00, 0x00, 0x0f,
    0xff, 0xff, 0xff, 0xff, 0xff, 0xff, 0xff, 0xfb, 0x00, 0x00, 0x0f, 0xff, 0xff, 0xff, 0xff, 0xff, 0xff, 0xff, 0xff, 0x60, 0x00, 0x0f, 0xff, 0xfe,
    0x7c, 0xff, 0xff, 0xe7, 0xcf, 0xff, 0xb0, 0x00, 0x0f, 0xff, 0xf6, 0x03, 0xff, 0xff, 0x60, 0x4f, 0xff, 0xd0, 0x00, 0x0f, 0xff, 0xf3, 0x01, 0xff,
    0xff, 0x20, 0x2f, 0xff, 0xe0, 0x00, 0x0f, 0xff, 0xf1, 0x01, 0xff, 0xff, 0x00, 0x2f, 0xff, 0xe0, 0x00, 0x0f, 0xff, 0xf1, 0x01, 0xff, 0xff, 0x00,
    0x2f, 0xff, 0xe0, 0x00, 0x0f, 0xff, 0xf1, 0x01, 0xff, 0xff, 0x00, 0x2f, 0xff, 0xe0, 0x00, 0x0f, 0xff, 0xf1, 0x01, 0xff, 0xff, 0x00, 0x2f, 0xff,
    0xe0, 0x00, 0x0f, 0xff, 0xf1, 0x01, 0xff, 0xff, 0x00, 0x2f, 0xff, 0xe0, 0x00, 0x0f, 0xff, 0xf1, 0x01, 0xff, 0xff, 0x00, 0x2f, 0xff, 0xe0, 0x00,
    0x0f, 0xff, 0xf1, 0x01, 0xff, 0xff, 0x00, 0x2f, 0xff, 0xe0, 0x00, 0x0b, 0xff, 0xb0, 0x00, 0xbf, 0xfb, 0x00, 0x0c, 0xff, 0xa0, 0x00, 0x0b, 0xff,
    0xd8, 0xdf, 0xec, 0x60, 0x00, 0x00, 0x0f, 0xff, 0xff, 0xff, 0xff, 0xfa, 0x00, 0x00, 0x0f, 0xff, 0xff, 0xff, 0xff, 0xff, 0x60, 0x00, 0x0f, 0xff,
    0xff, 0xb8, 0xcf, 0xff, 0xc0, 0x00, 0x0f, 0xff, 0xfb, 0x00, 0x3f, 0xff, 0xe0, 0x00, 0x0f, 0xff, 0xf5, 0x00, 0x1f, 0xff, 0xf0, 0x00, 0x0f, 0xff,
    0xf2, 0x00, 0x1f, 0xff, 0xf0, 0x00, 0x0f, 0xff, 0xf1, 0x00, 0x1f, 0xff, 0xf0, 0x00, 0x0f, 0xff, 0xf1, 0x00, 0x1f, 0xff, 0xf0, 0x00, 0x0f, 0xff,
    0xf1, 0x00, 0x1f, 0xff, 0xf0, 0x00, 0x0f, 0xff, 0xf1, 0x00, 0x1f, 0xff, 0xf0, 0x00, 0x0f, 0xff, 0xf1, 0x00, 0x1f, 0xff, 0xf0, 0x00, 0x0f, 0xff,
    0xf1, 0x00, 0x1f, 0xff, 0xf0, 0x00, 0x0b, 0xff, 0xb0, 0x00, 0x0b, 0xff, 0xb0, 0x00, 0x00, 0x03, 0x9d, 0xee, 0xd9, 0x30, 0x00, 0x00, 0x00, 0x9f,
    0xff, 0xff, 0xff, 0xf8, 0x00, 0x00, 0x08, 0xff, 0xff, 0xff, 0xff, 0xff, 0x80, 0x00, 0x3f, 0xff, 0xfd, 0x88, 0xdf, 0xff, 0xf3, 0x00, 0x9f, 0xff,
    0xc1, 0x00, 0x1c, 0xff, 0xf9, 0x00, 0xdf, 0xff, 0x50, 0x00, 0x05, 0xff, 0xfd, 0x00, 0xef, 0xff, 0x20, 0x00, 0x02, 0xff, 0xfe, 0x00, 0xef, 0xff,
    0x20, 0x00, 0x02, 0xff, 0xfe, 0x00, 0xdf, 0xff, 0x40, 0x00, 0x05, 0xff, 0xfd, 0x00, 0x9f, 0xff, 0xc1, 0x00, 0x1c, 0xff, 0xf9, 0x00, 0x3f, 0xff,
    0xfd, 0x88, 0xdf, 0xff, 0xf3, 0x00, 0x08, 0xff, 0xff, 0xff, 0xff, 0xff, 0x80, 0x00, 0x00, 0x9f, 0xff, 0xff, 0xff, 0xf9, 0x00, 0x00, 0x00, 0x03,
    0x9d, 0xee, 0xd9, 0x30, 0x00, 0x00, 0x0b, 0xff, 0xd8, 0xdf, 0xec, 0x70, 0x00, 0x00, 0x0f, 0xff, 0xff, 0xff, 0xff, 0xfd, 0x20, 0x00, 0x0f, 0xff,
    0xff, 0xff, 0xff, 0xff, 0xc0, 0x00, 0x0f, 0xff, 0xff, 0xb8, 0xbf, 0xff, 0xf6, 0x00, 0x0f, 0xff, 0xf9, 0x00, 0x0a, 0xff, 0xfb, 0x00, 0x0f, 0xff,
    0xf3, 0x00, 0x04, 0xff, 0xfe, 0x00, 0x0f, 0xff, 0xf1, 0x00, 0x01, 0xff, 0xff, 0x10, 0x0f, 0xff, 0xf1, 0x00, 0x01, 0xff, 0xff, 0x00, 0x0f, 0xff,
    0xf2, 0x00, 0x03, 0xff, 0xfe, 0x00, 0x0f, 0xff, 0xf9, 0x00, 0x0a, 0xff, 0xfa, 0x00, 0x0f, 0xff, 0xff, 0xb8, 0xbf, 0xff, 0xf4, 0x00, 0x0f, 0xff,
    0xff, 0xff, 0xff, 0xff, 0xa0, 0x00, 0x0f, 0xff, 0xff, 0xff, 0xff, 0xfa, 0x10, 0x00, 0x0f, 0xff, 0xfb, 0xdf, 0xea, 0x40, 0x00, 0x00, 0x0f, 0xff,
    0xf1, 0x00, 0x00, 0x00, 0x00, 0x00, 0x0f, 0xff, 0xf1, 0x00, 0x00, 0x00, 0x00, 0x00, 0x0f, 0xff, 0xf1, 0x00, 0x00, 0x00, 0x00, 0x00, 0x0b, 0xff,
    0xb0, 0x00, 0x00, 0x00, 0x00, 0x00, 0x00, 0x04, 0xae, 0xfd, 0xae, 0xff, 0xb0, 0x00, 0x00, 0x9f, 0xff, 0xff, 0xff, 0xff, 0xf1, 0x00, 0x09, 0xff,
    0xff, 0xff, 0xff, 0xff, 0xf1, 0x00, 0x3f, 0xff, 0xfb, 0x8b, 0xff, 0xff, 0xf1, 0x00, 0x9f, 0xff, 0xb0, 0x00, 0x8f, 0xff, 0xf1, 0x00, 0xdf, 0xff,
    0x40, 0x00, 0x2f, 0xff, 0xf1, 0x00, 0xef, 0xff, 0x20, 0x00, 0x0f, 0xff, 0xf1, 0x00, 0xff, 0xff, 0x20, 0x00, 0x0f, 0xff, 0xf1, 0x00, 0xdf, 0xff,
    0x40, 0x00, 0x2f, 0xff, 0xf1, 0x00, 0xaf, 0xff, 0xa0, 0x00, 0x9f, 0xff, 0xf1, 0x00, 0x5f, 0xff, 0xfb, 0x8b, 0xff, 0xff, 0xf1, 0x00, 0x0b, 0xff,
    0xff, 0xff, 0xff, 0xff, 0xf1, 0x00, 0x01, 0xcf, 0xff, 0xff, 0xff, 0xff, 0xf1, 0x00, 0x00, 0x07, 0xce, 0xfd, 0x9f, 0xff, 0xf1, 0x00, 0x00, 0x00,
    0x00, 0x00, 0x0f, 0xff, 0xf1, 0x00, 0x00, 0x00, 0x00, 0x00, 0x0f, 0xff, 0xf1, 0x00, 0x00, 0x00, 0x00, 0x00, 0x0f, 0xff, 0xf1, 0x00, 0x00, 0x00,
    0x00, 0x00, 0x0b, 0xff, 0xb0, 0x00, 0x0b, 0xff, 0xfb, 0xee, 0x40, 0x0f, 0xff, 0xff, 0xff, 0x80, 0x0f, 0xff, 0xff, 0xff, 0x70, 0x0f, 0xff, 0xff,
    0xa6, 0x10, 0x0f, 0xff, 0xf8, 0x00, 0x00, 0x0f, 0xff, 0xf3, 0x00, 0x00, 0x0f, 0xff, 0xf1, 0x00, 0x00, 0x0f, 0xff, 0xf1, 0x00, 0x00, 0x0f, 0xff,
    0xf1, 0x00, 0x00, 0x0f, 0xff, 0xf1, 0x00, 0x00, 0x0f, 0xff, 0xf1, 0x00, 0x00, 0x0f, 0xff, 0xf1, 0x00, 0x00, 0x0f, 0xff, 0xf1, 0x00, 0x00, 0x0b,
    0xff, 0xb0, 0x00, 0x00, 0x01, 0x8d, 0xfe, 0xb5, 0x00, 0x00, 0x1d, 0xff, 0xff, 0xff, 0x80, 0x00, 0x9f, 0xff, 0xff, 0xff, 0xf3, 0x00, 0xef, 0xff,
    0x8c, 0xff, 0xf9, 0x00, 0xff, 0xff, 0x54, 0xff, 0xfc, 0x00, 0xcf, 0xff, 0xfd, 0xfa, 0x83, 0x00, 0x5f, 0xff, 0xff, 0xff, 0x70, 0x00, 0x06, 0xef,
    0xff, 0xff, 0xf5, 0x01, 0x9a, 0xb9, 0xcf, 0xff, 0xfc, 0x06, 0xff, 0xfa, 0x04, 0xff, 0xff, 0x03, 0xff, 0xff, 0x89, 0xff, 0xfe, 0x00, 0xcf, 0xff,
    0xff, 0xff, 0xf9, 0x00, 0x2d, 0xff, 0xff, 0xff, 0xd1, 0x00, 0x01, 0x8d, 0xfe, 0xc7, 0x10, 0x00, 0x04, 0x88, 0x40, 0x00, 0x00, 0x1f, 0xff, 0xe0,
    0x00, 0x00, 0x1f, 0xff, 0xf0, 0x00, 0x00, 0xbf, 0xff, 0xff, 0xfb, 0x00, 0xff, 0xff, 0xff, 0xff, 0x00, 0xff, 0xff, 0xff, 0xfe, 0x00, 0x4f, 0xff,
    0xf7, 0x73, 0x00, 0x1f, 0xff, 0xf0, 0x00, 0x00, 0x1f, 0xff, 0xf0, 0x00, 0x00, 0x1f, 0xff, 0xf0, 0x00, 0x00, 0x1f, 0xff, 0xf0, 0x00, 0x00, 0x1f,
    0xff, 0xf0, 0x00, 0x00, 0x1f, 0xff, 0xf0, 0x00, 0x00, 0x1f, 0xff, 0xf8, 0x84, 0x00, 0x0d, 0xff, 0xff, 0xfe, 0x00, 0x07, 0xff, 0xff, 0xff, 0x00,
    0x00, 0x7d, 0xef, 0xe9, 0x00, 0xbf, 0xfb, 0x00, 0x00, 0xbf, 0xfb, 0x00, 0x0f, 0xff, 0xf1, 0x00, 0x1f, 0xff, 0xf0, 0x00, 0xff, 0xff, 0x10, 0x01,
    0xff, 0xff, 0x00, 0x0f, 0xff, 0xf1, 0x00, 0x1f, 0xff, 0xf0, 0x00, 0xff, 0xff, 0x10, 0x01, 0xff, 0xff, 0x00, 0x0f, 0xff, 0xf1, 0x00, 0x1f, 0xff,
    0xf0, 0x00, 0xff, 0xff, 0x10, 0x01, 0xff, 0xff, 0x00, 0x0f, 0xff, 0xf1, 0x00, 0x2f, 0xff, 0xf0, 0x00, 0xff, 0xff, 0x20, 0x05, 0xff, 0xff, 0x00,
    0x0e, 0xff, 0xf4, 0x00, 0xaf, 0xff, 0xf0, 0x00, 0xcf, 0xff, 0xd8, 0xaf, 0xff, 0xff, 0x00, 0x06, 0xff, 0xff, 0xff, 0xff, 0xff, 0xf0, 0x00, 0x0a,
    0xff, 0xff, 0xff, 0xff, 0xff, 0x00, 0x00, 0x05, 0xbe, 0xfd, 0x9d, 0xff, 0xb0, 0x0a, 0xff, 0xc1, 0x00, 0x00, 0x9f, 0xfc, 0x0d, 0xff, 0xf5, 0x00,
    0x01, 0xff, 0xff, 0x17, 0xff, 0xfa, 0x00, 0x06, 0xff, 0xfa, 0x02, 0xff, 0xfe, 0x10, 0x0b, 0xff, 0xf5, 0x00, 0xbf, 0xff, 0x50, 0x1f, 0xff, 0xe0,
    0x00, 0x6f, 0xff, 0xa0, 0x6f, 0xff, 0x90, 0x00, 0x1f, 0xff, 0xe1, 0xbf, 0xff, 0x30, 0x00, 0x0a, 0xff, 0xf6, 0xff, 0xfd, 0x00, 0x00, 0x04, 0xff,
    0xfe, 0xff, 0xf7, 0x00, 0x00, 0x00, 0xef, 0xff, 0xff, 0xf2, 0x00, 0x00, 0x00, 0x8f, 0xff, 0xff, 0xb0, 0x00, 0x00, 0x00, 0x3f, 0xff, 0xff, 0x50,
    0x00, 0x00, 0x00, 0x0c, 0xff, 0xfe, 0x10, 0x00, 0x00, 0x00, 0x05, 0xff, 0xf8, 0x00, 0x00, 0x0a, 0xff, 0xd1, 0x00, 0x5f, 0xff, 0x80, 0x00, 0xaf,
    0xfc, 0x0d, 0xff, 0xf6, 0x00, 0xbf, 0xff, 0xe0, 0x01, 0xff, 0xff, 0x09, 0xff, 0xfa, 0x00, 0xef, 0xff, 0xf3, 0x05, 0xff, 0xfb, 0x04, 0xff, 0xfe,
    0x03, 0xff, 0xff, 0xf7, 0x09, 0xff, 0xf6, 0x00, 0xef, 0xff, 0x37, 0xff, 0xff, 0xfb, 0x0d, 0xff, 0xf2, 0x00, 0xaf, 0xff, 0x7b, 0xff, 0xff, 0xff,
    0x3f, 0xff, 0xc0, 0x00, 0x5f, 0xff, 0xbe, 0xff, 0xff, 0xff, 0xaf, 0xff, 0x70, 0x00, 0x1f, 0xff, 0xff, 0xff, 0xbf, 0xff, 0xff, 0xff, 0x30, 0x00,
    0x0b, 0xff, 0xff, 0xff, 0x3f, 0xff, 0xff, 0xfd, 0x00, 0x00, 0x06, 0xff, 0xff, 0xfe, 0x0b, 0xff, 0xff, 0xf8, 0x00, 0x00, 0x01, 0xff, 0xff, 0xfa,
    0x08, 0xff, 0xff, 0xf4, 0x00, 0x00, 0x00, 0xcf, 0xff, 0xf6, 0x04, 0xff, 0xff, 0xe0, 0x00, 0x00, 0x00, 0x7f, 0xff, 0xf2, 0x00, 0xef, 0xff, 0x90,
    0x00, 0x00, 0x00, 0x2e, 0xff, 0xb0, 0x00, 0x9f, 0xfe, 0x30, 0x00, 0x00, 0xbf, 0xfd, 0x20, 0x00, 0x9f, 0xfe, 0x20, 0xcf, 0xff, 0xb0, 0x06, 0xff,
    0xff, 0x20, 0x3f, 0xff, 0xf6, 0x1e, 0xff, 0xf7, 0x00, 0x08, 0xff, 0xfe, 0xaf, 0xff, 0xc0, 0x00, 0x00, 0xcf, 0xff, 0xff, 0xfe, 0x20, 0x00, 0x00,
    0x3f, 0xff, 0xff, 0xf6, 0x00, 0x00, 0x00, 0x07, 0xff, 0xff, 0xb0, 0x00, 0x00, 0x00, 0x08, 0xff, 0xff, 0xc0, 0x00, 0x00, 0x00, 0x4f, 0xff, 0xff,
    0xf8, 0x00, 0x00, 0x01, 0xdf, 0xff, 0xff, 0xff, 0x30, 0x00, 0x09, 0xff, 0xfc, 0xaf, 0xff, 0xc0, 0x00, 0x5f, 0xff, 0xf3, 0x1e, 0xff, 0xf8, 0x00,
    0xef, 0xff, 0x80, 0x05, 0xff, 0xff, 0x30, 0xdf, 0xfb, 0x10, 0x00, 0x9f, 0xfe, 0x21, 0xdf, 0xf9, 0x00, 0x00, 0x1d, 0xff, 0x82, 0xff, 0xff, 0x20,
    0x00, 0x7f, 0xff, 0xb0, 0xcf, 0xff, 0x70, 0x00, 0xcf, 0xff, 0x50, 0x6f, 0xff, 0xc0, 0x02, 0xff, 0xfe, 0x00, 0x1e, 0xff, 0xf2, 0x07, 0xff, 0xf9,
    0x00, 0x0a, 0xff, 0xf7, 0x0c, 0xff, 0xf3, 0x00, 0x04, 0xff, 0xfc, 0x2f, 0xff, 0xc0, 0x00, 0x00, 0xdf, 0xff, 0x9f, 0xff, 0x60, 0x00, 0x00, 0x7f,
    0xff, 0xff, 0xff, 0x10, 0x00, 0x00, 0x2f, 0xff, 0xff, 0xfa, 0x00, 0x00, 0x00, 0x0b, 0xff, 0xff, 0xf4, 0x00, 0x00, 0x00, 0x05, 0xff, 0xff, 0xd0,
    0x00, 0x00, 0x00, 0x00, 0xef, 0xff, 0x70, 0x00, 0x00, 0x00, 0x00, 0xdf, 0xff, 0x20, 0x00, 0x00, 0x03, 0x7b, 0xff, 0xfa, 0x00, 0x00, 0x00, 0x0e,
    0xff, 0xff, 0xf2, 0x00, 0x00, 0x00, 0x0f, 0xff, 0xff, 0x60, 0x00, 0x00, 0x00, 0x0a, 0xfe, 0xb4, 0x00, 0x00, 0x00, 0x00, 0xbf, 0xff, 0xff, 0xff,
    0xff, 0xb0, 0x0f, 0xff, 0xff, 0xff, 0xff, 0xff, 0x00, 0xef, 0xff, 0xff, 0xff, 0xff, 0xe0, 0x03, 0x77, 0x77, 0xcf, 0xff, 0xf7, 0x00, 0x00, 0x00,
    0x2e, 0xff, 0xfa, 0x00, 0x00, 0x00, 0x0c, 0xff, 0xfd, 0x10, 0x00, 0x00, 0x09, 0xff, 0xfe, 0x20, 0x00, 0x00, 0x04, 0xff, 0xff, 0x50, 0x00, 0x00,
    0x01, 0xef, 0xff, 0x80, 0x00, 0x00, 0x00, 0xbf, 0xff, 0xb0, 0x00, 0x00, 0x00, 0x7f, 0xff, 0xf8, 0x77, 0x77, 0x30, 0x0e, 0xff, 0xff, 0xff, 0xff,
    0xfe, 0x00, 0xff, 0xff, 0xff, 0xff, 0xff, 0xf0, 0x0b, 0xff, 0xff, 0xff, 0xff, 0xfb, 0x00, 0x00, 0x00, 0x01, 0x10, 0x00, 0x01, 0x9e, 0xff, 0x40,
    0x00, 0xbf, 0xff, 0xf6, 0x00, 0x1f, 0xff, 0xff, 0x50, 0x02, 0xff, 0xf5, 0x40, 0x00, 0x0f, 0xff, 0x30, 0x00, 0x00, 0xbf, 0xf6, 0x00, 0x00, 0x08,
    0xff, 0xa0, 0x00, 0x00, 0x4f, 0xfd, 0x00, 0x00, 0x16, 0xff, 0xe0, 0x00, 0x6f, 0xff, 0xfb, 0x00, 0x0a, 0xff, 0xff, 0x40, 0x00, 0x8f, 0xff, 0xfa,
    0x00, 0x00, 0x49, 0xff, 0xe0, 0x00, 0x00, 0x4f, 0xfe, 0x00, 0x00, 0x07, 0xff, 0xb0, 0x00, 0x00, 0xbf, 0xf7, 0x00, 0x00, 0x0e, 0xff, 0x30, 0x00,
    0x02, 0xff, 0xf3, 0x10, 0x00, 0x2f, 0xff, 0xff, 0x40, 0x00, 0xcf, 0xff, 0xf6, 0x00, 0x02, 0xcf, 0xff, 0x50, 0x00, 0x00, 0x24, 0x40, 0x01, 0xdf,
    0xa0, 0x00, 0x3f, 0xff, 0x00, 0x03, 0xff, 0xf0, 0x00, 0x3f, 0xff, 0x00, 0x03, 0xff, 0xf0, 0x00, 0x3f, 0xff, 0x00, 0x03, 0xff, 0xf0, 0x00, 0x3f,
    0xff, 0x00, 0x03, 0xff, 0xf0, 0x00, 0x3f, 0xff, 0x00, 0x03, 0xff, 0xf0, 0x00, 0x3f, 0xff, 0x00, 0x03, 0xff, 0xf0, 0x00, 0x3f, 0xff, 0x00, 0x03,
    0xff, 0xf0, 0x00, 0x3f, 0xff, 0x00, 0x03, 0xff, 0xf0, 0x00, 0x3f, 0xff, 0x00, 0x03, 0xff, 0xf0, 0x00, 0x3f, 0xff, 0x00, 0x03, 0xff, 0xf0, 0x00,
    0x3f, 0xff, 0x00, 0x03, 0xff, 0xf0, 0x00, 0x1d, 0xfa, 0x00, 0x01, 0x10, 0x00, 0x00, 0x6f, 0xfd, 0x70, 0x00, 0x9f, 0xff, 0xf8, 0x00, 0x8f, 0xff,
    0xfd, 0x00, 0x04, 0x8f, 0xfe, 0x00, 0x00, 0x6f, 0xfc, 0x00, 0x00, 0xaf, 0xf9, 0x00, 0x00, 0xdf, 0xf5, 0x00, 0x01, 0xff, 0xf1, 0x00, 0x02, 0xff,
    0xf2, 0x00, 0x00, 0xef, 0xff, 0x90, 0x00, 0x8f, 0xff, 0xc0, 0x00, 0xdf, 0xff, 0xa0, 0x02, 0xff, 0xf5, 0x00, 0x02, 0xff, 0xf1, 0x00, 0x00, 0xef,
    0xf4, 0x00, 0x00, 0xaf, 0xf8, 0x00, 0x00, 0x7f, 0xfb, 0x00, 0x02, 0x6f, 0xfe, 0x00, 0x6f, 0xff, 0xfe, 0x00, 0x9f, 0xff, 0xf9, 0x00, 0x8f, 0xff,
    0xa1, 0x00, 0x04, 0x41, 0x00, 0x00, 0x00, 0x00, 0x01, 0x00, 0x00, 0x02, 0x00, 0x00, 0x00, 0x8e, 0xfe, 0x71, 0x0c, 0xfc, 0x00, 0x00, 0x6f, 0xff,
    0xff, 0xd7, 0xff, 0xe0, 0x00, 0x0c, 0xff, 0xff, 0xff, 0xff, 0xfc, 0x00, 0x00, 0xef, 0xf8, 0xef, 0xff, 0xff, 0x60, 0x00, 0x0d, 0xfd, 0x01, 0x9f,
    0xff, 0x90, 0x00, 0x00, 0x13, 0x10, 0x00, 0x13, 0x10, 0x00, 0x00, 0x00, 0x00, 0x00, 0x00, 0x00, 0x00, 0x00, 0x00, 0x00, 0x00, 0x00, 0x00, 0x00,
    0x00, 0x00, 0x00, 0x00, 0x00, 0x00, 0x00, 0x00, 0x00, 0x00, 0x00, 0x00, 0x00, 0x00, 0x00, 0x00, 0x00,
};
constexpr char kTitleFirst = 32;
constexpr int kTitleAscent = 23;
constexpr int kTitleDescent = 7;

// Body: 18 px, 획 0, ' '..'°', 5694바이트
constexpr HudGlyph kBodyGlyphs[] = {
    {0, 0, 0, 0, 0, 4},
    {0, 4, 13, 0, 5, 4},
    {52, 7, 13, 0, 5, 7},
    {143, 10, 13, 0, 5, 10},
    {273, 10, 17, 0, 3, 10},
    {443, 14, 13, 0, 5, 14},
    {625, 12, 13, 0, 5, 12},
    {781, 4, 13, 0, 5, 4},
    {833, 6, 16, 0, 3, 6},
    {929, 6, 16, 0, 3, 6},
    {1025, 11, 9, 0, 9, 11},
    {1124, 10, 10, 0, 8, 10},
    {1224, 5, 4, -1, 16, 4},
    {1244, 6, 7, 0, 11, 6},
    {1286, 4, 3, 0, 15, 4},
    {1298, 7, 14, -1, 5, 5},
    {1396, 10, 13, 0, 5, 10},
    {1526, 10, 13, 0, 5, 10},
    {1656, 10, 13, 0, 5, 10},
    {1786, 10, 13, 0, 5, 10},
    {1916, 10, 13, 0, 5, 10},
    {2046, 10, 13, 0, 5, 10},
    {2176, 10, 13, 0, 5, 10},
    {2306, 10, 13, 0, 5, 10},
    {2436, 10, 13, 0, 5, 10},
    {2566, 10, 13, 0, 5, 10},
    {2696, 4, 10, 0, 8, 4},
    {2736, 5, 12, -1, 8, 4},
    {2796, 10, 10, 0, 8, 10},
    {2896, 10, 10, 0, 8, 10},
    {2996, 10, 10, 0, 8, 10},
    {3096, 9, 13, 0, 5, 9},
    {3213, 15, 16, 0, 5, 15},
    {3453, 12, 13, 0, 5, 12},
    {3609, 11, 13, 0, 5, 11},
    {3752, 13, 13, 0, 5, 13},
    {3921, 13, 13, 0, 5, 13},
    {4090, 11, 13, 0, 5, 11},
    {4233, 11, 13, 0, 5, 11},
    {4376, 13, 13, 0, 5, 13},
    {4545, 13, 13, 0, 5, 13},
    {4714, 5, 13, 0, 5, 5},
    {4779, 10, 13, 0, 5, 10},
    {4909, 12, 13, 0, 5, 11},
    {5065, 11, 13, 0, 5, 11},
    {5208, 16, 13, 0, 5, 16},
    {5416, 13, 13, 0, 5, 13},
    {5585, 13, 13, 0, 5, 13},
    {5754, 11, 13, 0, 5, 11},
    {5897, 13, 14, 0, 5, 13},
    {6079, 11, 13, 0, 5, 11},
    {6222, 11, 13, 0, 5, 11},
    {6365, 11, 13, 0, 5, 11},
    {6508, 13, 13, 0, 5, 13},
    {6677, 12, 13, 0, 5, 11},
    {6833, 18, 13, 0, 5, 17},
    {7067, 12, 13, 0, 5, 11},
    {7223, 12, 13, 0, 5, 11},
    {7379, 11, 13, 0, 5, 11},
    {7522, 6, 18, 0, 2, 6},
    {7630, 7, 14, -1, 5, 5},
    {7728, 6, 18, 0, 2, 6},
    {7836, 10, 12, 0, 6, 10},
    {7956, 9, 3, 0, 17, 9},
    {7983, 5, 13, 0, 5, 5},
    {8048, 10, 10, 0, 8, 10},
    {8148, 11, 13, 0, 5, 11},
    {8291, 10, 10, 0, 8, 10},
    {8391, 11, 13, 0, 5, 11},
    {8534, 10, 10, 0, 8, 10},
    {8634, 7, 14, 0, 4, 7},
    {8732, 11, 14, 0, 8, 11},
    {8886, 10, 13, 0, 5, 10},
    {9016, 4, 14, 0, 4, 4},
    {9072, 5, 18, -1, 4, 4},
    {9162, 10, 13, 0, 5, 9},
    {9292, 4, 13, 0, 5, 4},
    {9344, 15, 10, 0, 8, 15},
    {9494, 10, 10, 0, 8, 10},
    {9594, 11, 10, 0, 8, 11},
    {9704, 11, 14, 0, 8, 11},
    {9858, 11, 14, 0, 8, 11},
    {10012, 6, 10, 0, 8, 6},
    {10072, 9, 10, 0, 8, 9},
    {10162, 7, 12, 0, 6, 7},
    {10246, 10, 10, 0, 8, 10},
    {10346, 10, 10, 0, 8, 9},
    {10446, 15, 10, 0, 8, 14},
    {10596, 10, 10, -1, 8, 9},
    {10696, 11, 14, -1, 8, 9},
    {10850, 9, 10, 0, 8, 9},
    {10940, 5, 18, 0, 2, 5},
    {11030, 5, 19, 0, 3, 5},
    {11125, 6, 18, 0, 2, 6},
    {11233, 10, 7, 0, 11, 10},
    {11303, 0, 0, 0, 0, 0},
    {11303, 0, 0, 0, 0, 0},
    {11303, 0, 0, 0, 0, 0},
    {11303, 0, 0, 0, 0, 0},
    {11303, 0, 0, 0, 0, 0},
    {11303, 0, 0, 0, 0, 0},
    {11303, 0, 0, 0, 0, 0},
    {11303, 0, 0, 0, 0, 0},
    {11303, 0, 0, 0, 0, 0},
    {11303, 0, 0, 0, 0, 0},
    {11303, 0, 0, 0, 0, 0},
    {11303, 0, 0, 0, 0, 0},
    {11303, 0, 0, 0, 0, 0},
    {11303, 0, 0, 0, 0, 0},
    {11303, 0, 0, 0, 0, 0},
    {11303, 0, 0, 0, 0, 0},
    {11303, 0, 0, 0, 0, 0},
    {11303, 0, 0, 0, 0, 0},
    {11303, 0, 0, 0, 0, 0},
    {11303, 0, 0, 0, 0, 0},
    {11303, 0, 0, 0, 0, 0},
    {11303, 0, 0, 0, 0, 0},
    {11303, 0, 0, 0, 0, 0},
    {11303, 0, 0, 0, 0, 0},
    {11303, 0, 0, 0, 0, 0},
    {11303, 0, 0, 0, 0, 0},
    {11303, 0, 0, 0, 0, 0},
    {11303, 0, 0, 0, 0, 0},
    {11303, 0, 0, 0, 0, 0},
    {11303, 0, 0, 0, 0, 0},
    {11303, 0, 0, 0, 0, 0},
    {11303, 0, 0, 0, 0, 0},
    {11303, 0, 0, 0, 0, 0},
    {11303, 0, 0, 0, 0, 0},
    {11303, 0, 0, 0, 0, 0},
    {11303, 0, 0, 0, 0, 0},
    {11303, 0, 0, 0, 0, 0},
    {11303, 0, 0, 0, 0, 0},
    {11303, 0, 0, 0, 0, 0},
    {11303, 0, 0, 0, 0, 0},
    {11303, 0, 0, 0, 0, 0},
    {11303, 0, 0, 0, 0, 0},
    {11303, 0, 0, 0, 0, 0},
    {11303, 0, 0, 0, 0, 0},
    {11303, 0, 0, 0, 0, 0},
    {11303, 0, 0, 0, 0, 0},
    {11303, 0, 0, 0, 0, 0},
    {11303, 0, 0, 0, 0, 0},
    {11303, 0, 0, 0, 0, 0},
    {11303, 6, 14, 0, 4, 6},
};
constexpr uint8_t kBodyPacked[] = {
    0x0a, 0xf0, 0x0a, 0xf0, 0x0a, 0xf0, 0x0a, 0xf0, 0x0a, 0xf0, 0x0a, 0xf0, 0x0a, 0xf0, 0x0a, 0xf0, 0x0a, 0xf0, 0x00, 0x00, 0x01, 0x10, 0x0d, 0xd0,
    0x0c, 0xb0, 0x00, 0xfa, 0xaf, 0x00, 0x0f, 0xaa, 0xf0, 0x00, 0xfa, 0xaf, 0x00, 0x0f, 0xaa, 0xf0, 0x00, 0x00, 0x00, 0x00, 0x00, 0x00, 0x00, 0x00,
    0x00, 0x00, 0x00, 0x00, 0x00, 0x00, 0x00, 0x00, 0x00, 0x00, 0x00, 0x00, 0x00, 0x00, 0x00, 0x00, 0x00, 0x00, 0x00, 0x00, 0x00, 0x00, 0x00, 0x00,
    0x00, 0x08, 0x53, 0xb0, 0x00, 0x00, 0x0b, 0x26, 0x80, 0x00, 0x00, 0x0e, 0x09, 0x50, 0x00, 0x00, 0x2c, 0x0b, 0x20, 0x00, 0x0e, 0xef, 0xef, 0xee,
    0x00, 0x02, 0x88, 0x3c, 0x22, 0x00, 0x00, 0x94, 0x4a, 0x00, 0x00, 0x00, 0xc2, 0x77, 0x00, 0x00, 0xff, 0xff, 0xff, 0xf0, 0x00, 0x35, 0xc3, 0xc5,
    0x30, 0x00, 0x05, 0x90, 0xe0, 0x00, 0x00, 0x08, 0x62, 0xb0, 0x00, 0x00, 0x0b, 0x35, 0x90, 0x00, 0x00, 0x00, 0x01, 0x70, 0x00, 0x00, 0x00, 0x02,
    0xe0, 0x00, 0x00, 0x03, 0xbe, 0xfd, 0x50, 0x00, 0x5f, 0xb6, 0xe9, 0xf3, 0x00, 0xdd, 0x02, 0xe0, 0xea, 0x00, 0xfb, 0x02, 0xe0, 0x66, 0x00, 0xcf,
    0x32, 0xe0, 0x00, 0x00, 0x4f, 0xfb, 0xe2, 0x00, 0x00, 0x03, 0xaf, 0xff, 0x80, 0x00, 0x00, 0x02, 0xeb, 0xf7, 0x00, 0x00, 0x02, 0xe1, 0xed, 0x04,
    0x82, 0x02, 0xe0, 0xbe, 0x05, 0xfa, 0x02, 0xe0, 0xcd, 0x00, 0xcf, 0xa5, 0xe7, 0xf6, 0x00, 0x17, 0xce, 0xfd, 0x60, 0x00, 0x00, 0x02, 0xe0, 0x00,
    0x00, 0x00, 0x01, 0x70, 0x00, 0x00, 0x1a, 0xed, 0x70, 0x00, 0x3f, 0x70, 0x00, 0x9f, 0x59, 0xf4, 0x00, 0xbd, 0x00, 0x00, 0xeb, 0x01, 0xf9, 0x06,
    0xf4, 0x00, 0x00, 0xeb, 0x01, 0xf9, 0x1e, 0xa0, 0x00, 0x00, 0xbe, 0x26, 0xf6, 0x9e, 0x10, 0x00, 0x00, 0x2d, 0xff, 0xa3, 0xf6, 0x00, 0x00, 0x00,
    0x00, 0x21, 0x0c, 0xc0, 0x00, 0x00, 0x00, 0x00, 0x00, 0x6f, 0x36, 0xdd, 0x91, 0x00, 0x00, 0x01, 0xe9, 0x5f, 0x84, 0xf9, 0x00, 0x00, 0x09, 0xe1,
    0x9f, 0x10, 0xbe, 0x00, 0x00, 0x3f, 0x60, 0x9f, 0x10, 0xbe, 0x00, 0x00, 0xcc, 0x00, 0x5f, 0x95, 0xfa, 0x00, 0x07, 0xf3, 0x00, 0x07, 0xde, 0xa1,
    0x00, 0x00, 0x7c, 0xee, 0xd4, 0x00, 0x00, 0x1c, 0xe7, 0x44, 0x52, 0x00, 0x00, 0x7f, 0x50, 0x00, 0x00, 0x00, 0x00, 0xaf, 0x10, 0x00, 0x02, 0x10,
    0x00, 0x8f, 0x20, 0x00, 0x0f, 0xa0, 0x00, 0x2e, 0xb3, 0x00, 0x0f, 0xa0, 0x00, 0x02, 0xcf, 0xff, 0xff, 0xff, 0x00, 0x2d, 0xd7, 0x43, 0x3f, 0xb3,
    0x00, 0xbe, 0x10, 0x00, 0x0f, 0xa0, 0x00, 0xeb, 0x00, 0x00, 0x0f, 0xa0, 0x00, 0xee, 0x10, 0x00, 0x0f, 0xa0, 0x00, 0x7f, 0xc6, 0x44, 0x5f, 0xa0,
    0x00, 0x05, 0xbd, 0xff, 0xec, 0x70, 0x00, 0xfa, 0x00, 0xfa, 0x00, 0xfa, 0x00, 0xfa, 0x00, 0x00, 0x00, 0x00, 0x00, 0x00, 0x00, 0x00, 0x00, 0x00,
    0x00, 0x00, 0x00, 0x00, 0x00, 0x00, 0x00, 0x00, 0x00, 0x00, 0x3d, 0x00, 0x00, 0xa5, 0x00, 0x01, 0xe0, 0x00, 0x06, 0xa0, 0x00, 0x09, 0x60, 0x00,
    0x0c, 0x30, 0x00, 0x0e, 0x10, 0x00, 0x0f, 0x00, 0x00, 0x0f, 0x00, 0x00, 0x0e, 0x10, 0x00, 0x0c, 0x30, 0x00, 0x09, 0x60, 0x00, 0x06, 0xa0, 0x00,
    0x01, 0xe0, 0x00, 0x00, 0xa5, 0x00, 0x00, 0x3d, 0x00, 0xd3, 0x00, 0x00, 0x5a, 0x00, 0x00, 0x0e, 0x10, 0x00, 0x0a, 0x60, 0x00, 0x06, 0x90, 0x00,
    0x03, 0xc0, 0x00, 0x01, 0xe0, 0x00, 0x00, 0xf0, 0x00, 0x00, 0xf0, 0x00, 0x01, 0xe0, 0x00, 0x03, 0xc0, 0x00, 0x06, 0x90, 0x00, 0x0a, 0x60, 0x00,
    0x0e, 0x10, 0x00, 0x5a, 0x00, 0x00, 0xd3, 0x00, 0x00, 0x00, 0x00, 0xe0, 0x00, 0x00, 0x00, 0x00, 0x0e, 0x00, 0x00, 0x00, 0x09, 0x50, 0xe0, 0x58,
    0x00, 0x00, 0x6a, 0xcf, 0xca, 0x60, 0x00, 0x00, 0x08, 0xc8, 0x00, 0x00, 0x00, 0x05, 0xc0, 0xc5, 0x00, 0x00, 0x01, 0xd3, 0x03, 0xd0, 0x00, 0x00,
    0x01, 0x00, 0x01, 0x00, 0x00, 0x00, 0x00, 0x00, 0x00, 0x00, 0x00, 0x02, 0xe0, 0x00, 0x00, 0x00, 0x02, 0xe0, 0x00, 0x00, 0x00, 0x02, 0xe0, 0x00,
    0x00, 0x0f, 0xff, 0xff, 0xff, 0xf0, 0x03, 0x34, 0xe3, 0x33, 0x30, 0x00, 0x02, 0xe0, 0x00, 0x00, 0x00, 0x02, 0xe0, 0x00, 0x00, 0x00, 0x02, 0xe0,
    0x00, 0x00, 0x00, 0x00, 0x00, 0x00, 0x00, 0x00, 0x00, 0x00, 0x00, 0x00, 0x00, 0xdd, 0x00, 0x3f, 0x70, 0x08, 0xe1, 0x00, 0xd9, 0x00, 0x00, 0x00,
    0x00, 0x0f, 0xff, 0xf0, 0x03, 0x33, 0x30, 0x00, 0x00, 0x00, 0x00, 0x00, 0x00, 0x00, 0x00, 0x00, 0x00, 0x00, 0x00, 0x01, 0x00, 0x0d, 0x80, 0x0c,
    0x70, 0x00, 0x00, 0x0b, 0x60, 0x00, 0x01, 0xf1, 0x00, 0x00, 0x6b, 0x00, 0x00, 0x0b, 0x60, 0x00, 0x01, 0xf1, 0x00, 0x00, 0x5c, 0x00, 0x00, 0x0a,
    0x70, 0x00, 0x01, 0xe2, 0x00, 0x00, 0x5c, 0x00, 0x00, 0x0a, 0x70, 0x00, 0x00, 0xe2, 0x00, 0x00, 0x4d, 0x00, 0x00, 0x09, 0x80, 0x00, 0x00, 0xe3,
    0x00, 0x00, 0x00, 0x18, 0xdf, 0xd8, 0x10, 0x00, 0xbf, 0x74, 0x7f, 0xb0, 0x05, 0xf7, 0x00, 0x07, 0xf5, 0x0a, 0xf1, 0x00, 0x01, 0xfa, 0x0d, 0xc0,
    0x00, 0x00, 0xcd, 0x0e, 0xb0, 0x00, 0x00, 0xbe, 0x0f, 0xa0, 0x00, 0x00, 0xaf, 0x0e, 0xb0, 0x00, 0x00, 0xbe, 0x0d, 0xc0, 0x00, 0x00, 0xcd, 0x0a,
    0xf1, 0x00, 0x01, 0xfa, 0x05, 0xf7, 0x00, 0x07, 0xf5, 0x00, 0xbf, 0x74, 0x7f, 0xb0, 0x00, 0x18, 0xdf, 0xd8, 0x10, 0x00, 0x00, 0x2a, 0xfa, 0x00,
    0x00, 0x07, 0xfe, 0xfa, 0x00, 0x00, 0x7f, 0x91, 0xfa, 0x00, 0x00, 0x54, 0x00, 0xfa, 0x00, 0x00, 0x00, 0x00, 0xfa, 0x00, 0x00, 0x00, 0x00, 0xfa,
    0x00, 0x00, 0x00, 0x00, 0xfa, 0x00, 0x00, 0x00, 0x00, 0xfa, 0x00, 0x00, 0x00, 0x00, 0xfa, 0x00, 0x00, 0x00, 0x00, 0xfa, 0x00, 0x00, 0x00, 0x00,
    0xfa, 0x00, 0x00, 0x00, 0x00, 0xfa, 0x00, 0x00, 0x00, 0x00, 0xfa, 0x00, 0x00, 0x19, 0xee, 0xc6, 0x00, 0x00, 0xbd, 0x54, 0xbf, 0x60, 0x05, 0xf3,
    0x00, 0x1e, 0xc0, 0x09, 0xd0, 0x00, 0x0b, 0xe0, 0x03, 0x30, 0x00, 0x0c, 0xd0, 0x00, 0x00, 0x00, 0x4f, 0x70, 0x00, 0x00, 0x01, 0xdd, 0x10, 0x00,
    0x00, 0x1c, 0xe2, 0x00, 0x00, 0x00, 0xbe, 0x30, 0x00, 0x00, 0x09, 0xf4, 0x00, 0x00, 0x00, 0x8f, 0x50, 0x00, 0x00, 0x06, 0xf9, 0x33, 0x33, 0x30,
    0x0f, 0xff, 0xff, 0xff, 0xf0, 0x00, 0x05, 0xcf, 0xeb, 0x30, 0x00, 0x6f, 0x94, 0x6d, 0xf3, 0x00, 0xea, 0x00, 0x03, 0xf9, 0x03, 0xf4, 0x00, 0x01,
    0xf9, 0x00, 0x00, 0x00, 0x04, 0xf5, 0x00, 0x00, 0x01, 0x4d, 0x80, 0x00, 0x00, 0x0f, 0xfe, 0x60, 0x00, 0x00, 0x03, 0x5c, 0xf7, 0x00, 0x00, 0x00,
    0x01, 0xdd, 0x0a, 0xb0, 0x00, 0x00, 0xbf, 0x07, 0xf3, 0x00, 0x01, 0xec, 0x01, 0xde, 0x74, 0x6c, 0xe3, 0x00, 0x29, 0xdf, 0xe9, 0x20, 0x00, 0x00,
    0x00, 0x5f, 0xa0, 0x00, 0x00, 0x01, 0xdf, 0xa0, 0x00, 0x00, 0x09, 0xdf, 0xa0, 0x00, 0x00, 0x3f, 0x5f, 0xa0, 0x00, 0x00, 0xcb, 0x0f, 0xa0, 0x00,
    0x07, 0xe2, 0x0f, 0xa0, 0x00, 0x2f, 0x70, 0x0f, 0xa0, 0x00, 0xbc, 0x00, 0x0f, 0xa0, 0x06, 0xf4, 0x00, 0x0f, 0xa0, 0x0e, 0xff, 0xff, 0xff, 0xff,
    0x03, 0x33, 0x33, 0x3f, 0xb3, 0x00, 0x00, 0x00, 0x0f, 0xa0, 0x00, 0x00, 0x00, 0x0f, 0xa0, 0x00, 0xef, 0xff, 0xff, 0xf3, 0x00, 0xf7, 0x33, 0x33,
    0x31, 0x02, 0xf4, 0x00, 0x00, 0x00, 0x04, 0xf2, 0x00, 0x00, 0x00, 0x06, 0xf5, 0xdf, 0xe9, 0x10, 0x08, 0xfd, 0x64, 0x8f, 0xc0, 0x0a, 0xf2, 0x00,
    0x08, 0xf5, 0x01, 0x10, 0x00, 0x02, 0xf9, 0x00, 0x00, 0x00, 0x00, 0xfa, 0x0c, 0xb0, 0x00, 0x02, 0xf9, 0x09, 0xf2, 0x00, 0x08, 0xf4, 0x02, 0xed,
    0x64, 0x9f, 0x90, 0x00, 0x2a, 0xdf, 0xc6, 0x00, 0x00, 0x05, 0xce, 0xd9, 0x10, 0x00, 0x6e, 0x74, 0x6e, 0xc1, 0x02, 0xf6, 0x00, 0x05, 0xf5, 0x08,
    0xe0, 0x00, 0x00, 0x52, 0x0b, 0xc4, 0xcf, 0xe9, 0x10, 0x0e, 0xcd, 0x64, 0x8f, 0xc0, 0x0f, 0xf3, 0x00, 0x08, 0xf5, 0x0f, 0xc0, 0x00, 0x02, 0xf9,
    0x0e, 0xb0, 0x00, 0x00, 0xfa, 0x0b, 0xd0, 0x00, 0x02, 0xf8, 0x07, 0xf4, 0x00, 0x08, 0xf4, 0x01, 0xde, 0x64, 0x9f, 0x90, 0x00, 0x19, 0xef, 0xd7,
    0x00, 0x0f, 0xff, 0xff, 0xff, 0xff, 0x03, 0x33, 0x33, 0x35, 0xf9, 0x00, 0x00, 0x00, 0x09, 0xf2, 0x00, 0x00, 0x00, 0x2f, 0x80, 0x00, 0x00, 0x00,
    0xae, 0x10, 0x00, 0x00, 0x02, 0xf8, 0x00, 0x00, 0x00, 0x0a, 0xe1, 0x00, 0x00, 0x00, 0x3f, 0x70, 0x00, 0x00, 0x00, 0xbe, 0x10, 0x00, 0x00, 0x03,
    0xf7, 0x00, 0x00, 0x00, 0x0b, 0xe1, 0x00, 0x00, 0x00, 0x4f, 0x60, 0x00, 0x00, 0x00, 0xcd, 0x00, 0x00, 0x00, 0x00, 0x19, 0xde, 0xd9, 0x20, 0x02,
    0xee, 0x64, 0x6e, 0xe2, 0x08, 0xf4, 0x00, 0x04, 0xf8, 0x0a, 0xf1, 0x00, 0x01, 0xfa, 0x08, 0xf3, 0x00, 0x03, 0xf6, 0x02, 0xdc, 0x31, 0x3c, 0x90,
    0x00, 0x4e, 0xff, 0xfe, 0x50, 0x04, 0xec, 0x54, 0x6e, 0xf4, 0x0c, 0xe1, 0x00, 0x04, 0xf9, 0x0f, 0xb0, 0x00, 0x01, 0xfa, 0x0d, 0xe1, 0x00, 0x04,
    0xf7, 0x06, 0xfc, 0x54, 0x6e, 0xd1, 0x00, 0x4b, 0xde, 0xd8, 0x10, 0x00, 0x29, 0xef, 0xd7, 0x00, 0x02, 0xed, 0x64, 0x8f, 0x90, 0x0a, 0xf2, 0x00,
    0x07, 0xf2, 0x0e, 0xc0, 0x00, 0x01, 0xf6, 0x0f, 0xb0, 0x00, 0x01, 0xf9, 0x0c, 0xe1, 0x00, 0x05, 0xfa, 0x05, 0xfb, 0x31, 0x4c, 0xfa, 0x00, 0x6e,
    0xff, 0xd4, 0xf9, 0x00, 0x00, 0x22, 0x02, 0xf7, 0x0b, 0xc0, 0x00, 0x06, 0xf3, 0x08, 0xf3, 0x00, 0x0c, 0xc0, 0x01, 0xed, 0x54, 0xae, 0x20, 0x00,
    0x2b, 0xee, 0xa2, 0x00, 0x0c, 0x70, 0x0d, 0x80, 0x01, 0x00, 0x00, 0x00, 0x00, 0x00, 0x00, 0x00, 0x00, 0x00, 0x01, 0x00, 0x0d, 0x80, 0x0c, 0x70,
    0x00, 0xc7, 0x00, 0x0d, 0x80, 0x00, 0x10, 0x00, 0x00, 0x00, 0x00, 0x00, 0x00, 0x00, 0x00, 0x00, 0x00, 0x00, 0x00, 0x00, 0x01, 0xf4, 0x00, 0x6e,
    0x00, 0x0b, 0xa0, 0x01, 0xf5, 0x00, 0x00, 0x00, 0x00, 0x00, 0x00, 0x00, 0x00, 0x00, 0x06, 0xd0, 0x00, 0x00, 0x05, 0xdc, 0x50, 0x00, 0x04, 0xcd,
    0x50, 0x00, 0x00, 0xbd, 0x50, 0x00, 0x00, 0x00, 0xea, 0x20, 0x00, 0x00, 0x00, 0x18, 0xe9, 0x20, 0x00, 0x00, 0x00, 0x29, 0xf9, 0x20, 0x00, 0x00,
    0x00, 0x2a, 0xf0, 0x00, 0x00, 0x00, 0x00, 0x30, 0x00, 0x00, 0x00, 0x00, 0x00, 0x0f, 0xff, 0xff, 0xff, 0xf0, 0x03, 0x33, 0x33, 0x33, 0x30, 0x00,
    0x00, 0x00, 0x00, 0x00, 0x00, 0x00, 0x00, 0x00, 0x00, 0x0f, 0xff, 0xff, 0xff, 0xf0, 0x03, 0x33, 0x33, 0x33, 0x30, 0x00, 0x00, 0x00, 0x00, 0x00,
    0x00, 0x00, 0x00, 0x00, 0x00, 0x00, 0x00, 0x00, 0x00, 0x00, 0x00, 0x00, 0x00, 0x00, 0x00, 0x0d, 0x60, 0x00, 0x00, 0x00, 0x05, 0xdd, 0x50, 0x00,
    0x00, 0x00, 0x06, 0xdc, 0x40, 0x00, 0x00, 0x00, 0x06, 0xdb, 0x00, 0x00, 0x00, 0x02, 0x9e, 0x00, 0x00, 0x02, 0x9e, 0x81, 0x00, 0x01, 0x8e, 0x92,
    0x00, 0x00, 0x0e, 0xa2, 0x00, 0x00, 0x00, 0x03, 0x00, 0x00, 0x00, 0x00, 0x00, 0x4b, 0xee, 0xb3, 0x00, 0x4f, 0xb5, 0x5d, 0xe2, 0x0c, 0xe1, 0x00,
    0x3f, 0x80, 0xc9, 0x00, 0x00, 0xfa, 0x00, 0x00, 0x00, 0x3f, 0x70, 0x00, 0x00, 0x0a, 0xe1, 0x00, 0x00, 0x05, 0xf5, 0x00, 0x00, 0x01, 0xe7, 0x00,
    0x00, 0x00, 0x7b, 0x00, 0x00, 0x00, 0x06, 0x40, 0x00, 0x00, 0x00, 0x10, 0x00, 0x00, 0x00, 0x0d, 0x80, 0x00, 0x00, 0x00, 0xc7, 0x00, 0x00, 0x00,
    0x00, 0x00, 0x00, 0x00, 0x00, 0x00, 0x00, 0x00, 0x06, 0xbe, 0xfd, 0x92, 0x00, 0x00, 0x00, 0x2c, 0xd8, 0x43, 0x6b, 0xe3, 0x00, 0x00, 0x2e, 0x80,
    0x00, 0x00, 0x07, 0xe1, 0x00, 0x0c, 0x70, 0x2a, 0xfe, 0x6a, 0x3a, 0x70, 0x05, 0xc0, 0x1d, 0xd5, 0x6e, 0xf1, 0x4c, 0x00, 0xa6, 0x07, 0xf4, 0x00,
    0xcd, 0x01, 0xe0, 0x0d, 0x20, 0xcd, 0x00, 0x0d, 0xa0, 0x0f, 0x00, 0xf0, 0x0f, 0xb0, 0x01, 0xf7, 0x02, 0xd0, 0x0e, 0x10, 0xeb, 0x00, 0x5f, 0x40,
    0x6a, 0x00, 0xc4, 0x0b, 0xe2, 0x2d, 0xf3, 0x3d, 0x30, 0x08, 0x90, 0x2d, 0xfd, 0x5d, 0xfd, 0x40, 0x00, 0x1e, 0x50, 0x01, 0x00, 0x01, 0x10, 0x00,
    0x00, 0x4e, 0xa4, 0x11, 0x25, 0xbc, 0x00, 0x00, 0x00, 0x2a, 0xef, 0xff, 0xc6, 0x00, 0x00, 0x00, 0x00, 0x00, 0x23, 0x10, 0x00, 0x00, 0x00, 0x00,
    0x03, 0xff, 0x40, 0x00, 0x00, 0x00, 0x08, 0xee, 0x90, 0x00, 0x00, 0x00, 0x0d, 0x99, 0xd0, 0x00, 0x00, 0x00, 0x3f, 0x34, 0xf3, 0x00, 0x00, 0x00,
    0x9d, 0x00, 0xe8, 0x00, 0x00, 0x00, 0xe8, 0x00, 0xad, 0x00, 0x00, 0x04, 0xf4, 0x11, 0x6f, 0x30, 0x00, 0x09, 0xff, 0xff, 0xff, 0x80, 0x00, 0x0e,
    0xa4, 0x44, 0x4b, 0xd0, 0x00, 0x4f, 0x40, 0x00, 0x06, 0xf3, 0x00, 0x9e, 0x00, 0x00, 0x01, 0xf8, 0x00, 0xe9, 0x00, 0x00, 0x00, 0xcd, 0x05, 0xf5,
    0x00, 0x00, 0x00, 0x7f, 0x30, 0x0f, 0xff, 0xff, 0xea, 0x30, 0x00, 0xfb, 0x33, 0x36, 0xdf, 0x30, 0x0f, 0xa0, 0x00, 0x03, 0xf9, 0x00, 0xfa, 0x00,
    0x00, 0x0f, 0xa0, 0x0f, 0xa0, 0x00, 0x03, 0xf6, 0x00, 0xfa, 0x00, 0x13, 0xc8, 0x00, 0x0f, 0xff, 0xff, 0xfe, 0x80, 0x00, 0xfb, 0x33, 0x46, 0xdf,
    0x60, 0x0f, 0xa0, 0x00, 0x03, 0xf9, 0x00, 0xfa, 0x00, 0x00, 0x1f, 0x90, 0x0f, 0xa0, 0x00, 0x03, 0xf7, 0x00, 0xfb, 0x33, 0x46, 0xdd, 0x10, 0x0f,
    0xff, 0xff, 0xd9, 0x10, 0x00, 0x01, 0x8d, 0xee, 0xc6, 0x00, 0x00, 0x02, 0xde, 0x74, 0x59, 0xfa, 0x00, 0x00, 0xcd, 0x20, 0x00, 0x07, 0xf6, 0x00,
    0x6f, 0x50, 0x00, 0x00, 0x0e, 0xb0, 0x0b, 0xe0, 0x00, 0x00, 0x00, 0x45, 0x00, 0xeb, 0x00, 0x00, 0x00, 0x00, 0x00, 0x0f, 0xb0, 0x00, 0x00, 0x00,
    0x00, 0x00, 0xeb, 0x00, 0x00, 0x00, 0x00, 0x00, 0x0c, 0xe0, 0x00, 0x00, 0x00, 0x55, 0x00, 0x7f, 0x50, 0x00, 0x00, 0x1f, 0x90, 0x01, 0xed, 0x10,
    0x00, 0x09, 0xf4, 0x00, 0x04, 0xed, 0x64, 0x5a, 0xf8, 0x00, 0x00, 0x02, 0x9d, 0xfe, 0xb5, 0x00, 0x00, 0x0f, 0xff, 0xff, 0xd9, 0x20, 0x00, 0x00,
    0xfb, 0x33, 0x46, 0xde, 0x40, 0x00, 0x0f, 0xa0, 0x00, 0x01, 0xce, 0x20, 0x00, 0xfa, 0x00, 0x00, 0x04, 0xf8, 0x00, 0x0f, 0xa0, 0x00, 0x00, 0x0e,
    0xc0, 0x00, 0xfa, 0x00, 0x00, 0x00, 0xce, 0x00, 0x0f, 0xa0, 0x00, 0x00, 0x0b, 0xf0, 0x00, 0xfa, 0x00, 0x00, 0x00, 0xce, 0x00, 0x0f, 0xa0, 0x00,
    0x00, 0x0e, 0xb0, 0x00, 0xfa, 0x00, 0x00, 0x05, 0xf6, 0x00, 0x0f, 0xa0, 0x00, 0x01, 0xdd, 0x10, 0x00, 0xfb, 0x33, 0x47, 0xee, 0x20, 0x00, 0x0f,
    0xff, 0xff, 0xd8, 0x10, 0x00, 0x00, 0xff, 0xff, 0xff, 0xff, 0x30, 0x0f, 0xb3, 0x33, 0x33, 0x31, 0x00, 0xfa, 0x00, 0x00, 0x00, 0x00, 0x0f, 0xa0,
    0x00, 0x00, 0x00, 0x00, 0xfa, 0x00, 0x00, 0x00, 0x00, 0x0f, 0xa0, 0x00, 0x00, 0x00, 0x00, 0xff, 0xff, 0xff, 0xfa, 0x00, 0x0f, 0xb3, 0x33, 0x33,
    0x20, 0x00, 0xfa, 0x00, 0x00, 0x00, 0x00, 0x0f, 0xa0, 0x00, 0x00, 0x00, 0x00, 0xfa, 0x00, 0x00, 0x00, 0x00, 0x0f, 0xb3, 0x33, 0x33, 0x31, 0x00,
    0xff, 0xff, 0xff, 0xff, 0x60, 0x0f, 0xff, 0xff, 0xff, 0xf3, 0x00, 0xfb, 0x33, 0x33, 0x33, 0x10, 0x0f, 0xa0, 0x00, 0x00, 0x00, 0x00, 0xfa, 0x00,
    0x00, 0x00, 0x00, 0x0f, 0xa0, 0x00, 0x00, 0x00, 0x00, 0xfa, 0x00, 0x00, 0x00, 0x00, 0x0f, 0xff, 0xff, 0xff, 0x80, 0x00, 0xfb, 0x33, 0x33, 0x32,
    0x00, 0x0f, 0xa0, 0x00, 0x00, 0x00, 0x00, 0xfa, 0x00, 0x00, 0x00, 0x00, 0x0f, 0xa0, 0x00, 0x00, 0x00, 0x00, 0xfa, 0x00, 0x00, 0x00, 0x00, 0x0f,
    0xa0, 0x00, 0x00, 0x00, 0x00, 0x01, 0x7c, 0xee, 0xc8, 0x10, 0x00, 0x02, 0xde, 0x74, 0x5a, 0xfc, 0x10, 0x00, 0xcd, 0x20, 0x00, 0x08, 0xf9, 0x00,
    0x6f, 0x50, 0x00, 0x00, 0x1f, 0xe0, 0x0b, 0xe0, 0x00, 0x00, 0x00, 0x79, 0x10, 0xeb, 0x00, 0x00, 0x00, 0x00, 0x00, 0x0f, 0xb0, 0x00, 0x00, 0x00,
    0x00, 0x00, 0xeb, 0x00, 0x00, 0xbf, 0xff, 0xf0, 0x0c, 0xe0, 0x00, 0x02, 0x33, 0xcf, 0x00, 0x7f, 0x50, 0x00, 0x00, 0x0e, 0xf0, 0x01, 0xed, 0x10,
    0x00, 0x07, 0xff, 0x00, 0x04, 0xed, 0x74, 0x5b, 0xdb, 0xf0, 0x00, 0x02, 0x9d, 0xfe, 0x92, 0xaf, 0x00, 0x0f, 0xa0, 0x00, 0x00, 0x0a, 0xf0, 0x00,
    0xfa, 0x00, 0x00, 0x00, 0xaf, 0x00, 0x0f, 0xa0, 0x00, 0x00, 0x0a, 0xf0, 0x00, 0xfa, 0x00, 0x00, 0x00, 0xaf, 0x00, 0x0f, 0xa0, 0x00, 0x00, 0x0a,
    0xf0, 0x00, 0xfa, 0x00, 0x00, 0x00, 0xaf, 0x00, 0x0f, 0xff, 0xff, 0xff, 0xff, 0xf0, 0x00, 0xfb, 0x33, 0x33, 0x33, 0xbf, 0x00, 0x0f, 0xa0, 0x00,
    0x00, 0x0a, 0xf0, 0x00, 0xfa, 0x00, 0x00, 0x00, 0xaf, 0x00, 0x0f, 0xa0, 0x00, 0x00, 0x0a, 0xf0, 0x00, 0xfa, 0x00, 0x00, 0x00, 0xaf, 0x00, 0x0f,
    0xa0, 0x00, 0x00, 0x0a, 0xf0, 0x00, 0xfa, 0x00, 0x0f, 0xa0, 0x00, 0xfa, 0x00, 0x0f, 0xa0, 0x00, 0xfa, 0x00, 0x0f, 0xa0, 0x00, 0xfa, 0x00, 0x0f,
    0xa0, 0x00, 0xfa, 0x00, 0x0f, 0xa0, 0x00, 0xfa, 0x00, 0x0f, 0xa0, 0x00, 0xfa, 0x00, 0x00, 0x00, 0x00, 0xfa, 0x00, 0x00, 0x00, 0x00, 0xfa, 0x00,
    0x00, 0x00, 0x00, 0xfa, 0x00, 0x00, 0x00, 0x00, 0xfa, 0x00, 0x00, 0x00, 0x00, 0xfa, 0x00, 0x00, 0x00, 0x00, 0xfa, 0x00, 0x00, 0x00, 0x00, 0xfa,
    0x00, 0x00, 0x00, 0x00, 0xfa, 0x00, 0x96, 0x00, 0x00, 0xfa, 0x00, 0xeb, 0x00, 0x01, 0xfa, 0x00, 0xce, 0x00, 0x04, 0xf8, 0x00, 0x5f, 0xa4, 0x5d,
    0xe2, 0x00, 0x06, 0xcf, 0xda, 0x20, 0x00, 0x0f, 0xa0, 0x00, 0x00, 0x9f, 0x30, 0x0f, 0xa0, 0x00, 0x08, 0xf5, 0x00, 0x0f, 0xa0, 0x00, 0x6f, 0x60,
    0x00, 0x0f, 0xa0, 0x04, 0xf8, 0x00, 0x00, 0x0f, 0xa0, 0x3e, 0xa0, 0x00, 0x00, 0x0f, 0xa2, 0xeb, 0x00, 0x00, 0x00, 0x0f, 0xcd, 0xf4, 0x00, 0x00,
    0x00, 0x0f, 0xfc, 0xed, 0x10, 0x00, 0x00, 0x0f, 0xd1, 0x5f, 0xb0, 0x00, 0x00, 0x0f, 0xa0, 0x08, 0xf8, 0x00, 0x00, 0x0f, 0xa0, 0x00, 0xbf, 0x50,
    0x00, 0x0f, 0xa0, 0x00, 0x2e, 0xe3, 0x00, 0x0f, 0xa0, 0x00, 0x04, 0xfd, 0x10, 0x0f, 0xa0, 0x00, 0x00, 0x00, 0x00, 0xfa, 0x00, 0x00, 0x00, 0x00,
    0x0f, 0xa0, 0x00, 0x00, 0x00, 0x00, 0xfa, 0x00, 0x00, 0x00, 0x00, 0x0f, 0xa0, 0x00, 0x00, 0x00, 0x00, 0xfa, 0x00, 0x00, 0x00, 0x00, 0x0f, 0xa0,
    0x00, 0x00, 0x00, 0x00, 0xfa, 0x00, 0x00, 0x00, 0x00, 0x0f, 0xa0, 0x00, 0x00, 0x00, 0x00, 0xfa, 0x00, 0x00, 0x00, 0x00, 0x0f, 0xa0, 0x00, 0x00,
    0x00, 0x00, 0xfc, 0x44, 0x44, 0x44, 0x20, 0x0f, 0xff, 0xff, 0xff, 0xf6, 0x00, 0xff, 0xd0, 0x00, 0x00, 0x02, 0xff, 0xa0, 0x00, 0xff, 0xf3, 0x00,
    0x00, 0x07, 0xef, 0xa0, 0x00, 0xfb, 0xf8, 0x00, 0x00, 0x0b, 0xaf, 0xa0, 0x00, 0xfa, 0xbc, 0x00, 0x00, 0x1f, 0x6f, 0xa0, 0x00, 0xfa, 0x6f, 0x20,
    0x00, 0x6f, 0x1f, 0xa0, 0x00, 0xfa, 0x1f, 0x70, 0x00, 0xbb, 0x0f, 0xa0, 0x00, 0xfa, 0x0b, 0xb0, 0x01, 0xf6, 0x0f, 0xa0, 0x00, 0xfa, 0x07, 0xf1,
    0x05, 0xf1, 0x0f, 0xa0, 0x00, 0xfa, 0x02, 0xf6, 0x0a, 0xc0, 0x0f, 0xa0, 0x00, 0xfa, 0x00, 0xcb, 0x0e, 0x70, 0x0f, 0xa0, 0x00, 0xfa, 0x00, 0x7f,
    0x5f, 0x20, 0x0f, 0xa0, 0x00, 0xfa, 0x00, 0x2f, 0xdc, 0x00, 0x0f, 0xa0, 0x00, 0xfa, 0x00, 0x0c, 0xf7, 0x00, 0x0f, 0xa0, 0x00, 0xff, 0xb0, 0x00,
    0x00, 0xfa, 0x00, 0x0f, 0xef, 0x30, 0x00, 0x0f, 0xa0, 0x00, 0xfb, 0xdb, 0x00, 0x00, 0xfa, 0x00, 0x0f, 0xa6, 0xf3, 0x00, 0x0f, 0xa0, 0x00, 0xfa,
    0x0d, 0xa0, 0x00, 0xfa, 0x00, 0x0f, 0xa0, 0x6f, 0x20, 0x0f, 0xa0, 0x00, 0xfa, 0x00, 0xe9, 0x00, 0xfa, 0x00, 0x0f, 0xa0, 0x07, 0xf2, 0x0f, 0xa0,
    0x00, 0xfa, 0x00, 0x1e, 0x90, 0xfa, 0x00, 0x0f, 0xa0, 0x00, 0x7f, 0x2f, 0xa0, 0x00, 0xfa, 0x00, 0x01, 0xe8, 0xfa, 0x00, 0x0f, 0xa0, 0x00, 0x08,
    0xef, 0xa0, 0x00, 0xfa, 0x00, 0x00, 0x1e, 0xfa, 0x00, 0x00, 0x18, 0xdf, 0xec, 0x60, 0x00, 0x00, 0x3e, 0xd7, 0x44, 0x9f, 0xb1, 0x00, 0x1d, 0xd1,
    0x00, 0x00, 0x4f, 0x90, 0x07, 0xf4, 0x00, 0x00, 0x00, 0x9f, 0x20, 0xce, 0x00, 0x00, 0x00, 0x04, 0xf7, 0x0e, 0xb0, 0x00, 0x00, 0x00, 0x1f, 0x90,
    0xfb, 0x00, 0x00, 0x00, 0x00, 0xfa, 0x0e, 0xb0, 0x00, 0x00, 0x00, 0x1f, 0x90, 0xce, 0x00, 0x00, 0x00, 0x04, 0xf7, 0x07, 0xf4, 0x00, 0x00, 0x00,
    0x9f, 0x20, 0x1d, 0xd1, 0x00, 0x00, 0x4f, 0xa0, 0x00, 0x3e, 0xd7, 0x44, 0x9f, 0xc1, 0x00, 0x00, 0x29, 0xdf, 0xec, 0x60, 0x00, 0x00, 0xff, 0xff,
    0xfd, 0x91, 0x00, 0x0f, 0xb3, 0x34, 0x6e, 0xd0, 0x00, 0xfa, 0x00, 0x00, 0x5f, 0x60, 0x0f, 0xa0, 0x00, 0x01, 0xf9, 0x00, 0xfa, 0x00, 0x00, 0x1f,
    0x90, 0x0f, 0xa0, 0x00, 0x04, 0xf7, 0x00, 0xfa, 0x00, 0x03, 0xce, 0x10, 0x0f, 0xff, 0xff, 0xfc, 0x30, 0x00, 0xfb, 0x33, 0x32, 0x00, 0x00, 0x0f,
    0xa0, 0x00, 0x00, 0x00, 0x00, 0xfa, 0x00, 0x00, 0x00, 0x00, 0x0f, 0xa0, 0x00, 0x00, 0x00, 0x00, 0xfa, 0x00, 0x00, 0x00, 0x00, 0x00, 0x18, 0xdf,
    0xec, 0x60, 0x00, 0x00, 0x3e, 0xd7, 0x44, 0x9f, 0xb1, 0x00, 0x1d, 0xd1, 0x00, 0x00, 0x4f, 0x90, 0x07, 0xf4, 0x00, 0x00, 0x00, 0x9f, 0x20, 0xce,
    0x00, 0x00, 0x00, 0x04, 0xf6, 0x0e, 0xb0, 0x00, 0x00, 0x00, 0x1f, 0x90, 0xfb, 0x00, 0x00, 0x00, 0x00, 0xfa, 0x0e, 0xb0, 0x00, 0x00, 0x00, 0x1f,
    0x90, 0xce, 0x00, 0x00, 0x00, 0x04, 0xf7, 0x07, 0xf4, 0x00, 0x00, 0x00, 0x9f, 0x20, 0x1d, 0xd1, 0x00, 0x00, 0x4f, 0x80, 0x00, 0x3e, 0xd7, 0x44,
    0x9f, 0xc0, 0x00, 0x00, 0x29, 0xdf, 0xff, 0xff, 0xd4, 0x00, 0x00, 0x00, 0x00, 0x00, 0x38, 0x30, 0x0f, 0xff, 0xff, 0xea, 0x30, 0x00, 0xfb, 0x33,
    0x36, 0xde, 0x20, 0x0f, 0xa0, 0x00, 0x03, 0xf8, 0x00, 0xfa, 0x00, 0x00, 0x0f, 0xa0, 0x0f, 0xa0, 0x00, 0x03, 0xf7, 0x00, 0xfa, 0x00, 0x02, 0xcd,
    0x10, 0x0f, 0xff, 0xff, 0xfc, 0x10, 0x00, 0xfb, 0x33, 0x38, 0xf7, 0x00, 0x0f, 0xa0, 0x00, 0x0b, 0xd0, 0x00, 0xfa, 0x00, 0x00, 0x8f, 0x10, 0x0f,
    0xa0, 0x00, 0x06, 0xf3, 0x00, 0xfa, 0x00, 0x00, 0x3f, 0x50, 0x0f, 0xa0, 0x00, 0x00, 0xea, 0x00, 0x03, 0xad, 0xfd, 0x70, 0x00, 0x04, 0xfa, 0x54,
    0x8f, 0x90, 0x00, 0xcd, 0x00, 0x00, 0x8f, 0x30, 0x0f, 0xb0, 0x00, 0x02, 0xb5, 0x00, 0xcf, 0x40, 0x00, 0x00, 0x00, 0x04, 0xef, 0xb7, 0x30, 0x00,
    0x00, 0x02, 0x8d, 0xff, 0xc3, 0x00, 0x00, 0x00, 0x03, 0x8f, 0xe2, 0x00, 0x00, 0x00, 0x00, 0x5f, 0x80, 0x6c, 0x30, 0x00, 0x01, 0xfa, 0x03, 0xfb,
    0x00, 0x00, 0x4f, 0x70, 0x09, 0xfb, 0x54, 0x7e, 0xd1, 0x00, 0x05, 0xbe, 0xec, 0x81, 0x00, 0xff, 0xff, 0xff, 0xff, 0xff, 0x03, 0x33, 0x3b, 0xf3,
    0x33, 0x30, 0x00, 0x00, 0xaf, 0x00, 0x00, 0x00, 0x00, 0x0a, 0xf0, 0x00, 0x00, 0x00, 0x00, 0xaf, 0x00, 0x00, 0x00, 0x00, 0x0a, 0xf0, 0x00, 0x00,
    0x00, 0x00, 0xaf, 0x00, 0x00, 0x00, 0x00, 0x0a, 0xf0, 0x00, 0x00, 0x00, 0x00, 0xaf, 0x00, 0x00, 0x00, 0x00, 0x0a, 0xf0, 0x00, 0x00, 0x00, 0x00,
    0xaf, 0x00, 0x00, 0x00, 0x00, 0x0a, 0xf0, 0x00, 0x00, 0x00, 0x00, 0xaf, 0x00, 0x00, 0x00, 0xfa, 0x00, 0x00, 0x00, 0xfa, 0x00, 0x0f, 0xa0, 0x00,
    0x00, 0x0f, 0xa0, 0x00, 0xfa, 0x00, 0x00, 0x00, 0xfa, 0x00, 0x0f, 0xa0, 0x00, 0x00, 0x0f, 0xa0, 0x00, 0xfa, 0x00, 0x00, 0x00, 0xfa, 0x00, 0x0f,
    0xa0, 0x00, 0x00, 0x0f, 0xa0, 0x00, 0xfa, 0x00, 0x00, 0x00, 0xfa, 0x00, 0x0f, 0xa0, 0x00, 0x00, 0x0f, 0xa0, 0x00, 0xfb, 0x00, 0x00, 0x00, 0xfa,
    0x00, 0x0e, 0xd0, 0x00, 0x00, 0x2f, 0x90, 0x00, 0x9f, 0x40, 0x00, 0x09, 0xf5, 0x00, 0x02, 0xde, 0x74, 0x5a, 0xfa, 0x00, 0x00, 0x01, 0x9d, 0xfe,
    0xc7, 0x00, 0x04, 0xf6, 0x00, 0x00, 0x00, 0x6f, 0x30, 0xeb, 0x00, 0x00, 0x00, 0xbd, 0x00, 0x9f, 0x10, 0x00, 0x01, 0xf8, 0x00, 0x4f, 0x50, 0x00,
    0x06, 0xf3, 0x00, 0x0e, 0xa0, 0x00, 0x0b, 0xd0, 0x00, 0x09, 0xe0, 0x00, 0x1f, 0x80, 0x00, 0x04, 0xf4, 0x00, 0x5f, 0x30, 0x00, 0x00, 0xe9, 0x00,
    0xad, 0x00, 0x00, 0x00, 0x9e, 0x01, 0xe7, 0x00, 0x00, 0x00, 0x4f, 0x35, 0xf2, 0x00, 0x00, 0x00, 0x0e, 0x8a, 0xc0, 0x00, 0x00, 0x00, 0x0a, 0xde,
    0x70, 0x00, 0x00, 0x00, 0x05, 0xff, 0x20, 0x00, 0x06, 0xf5, 0x00, 0x00, 0x6f, 0xe0, 0x00, 0x00, 0xbd, 0x02, 0xf9, 0x00, 0x00, 0xaf, 0xf3, 0x00,
    0x00, 0xe9, 0x00, 0xec, 0x00, 0x00, 0xea, 0xf6, 0x00, 0x03, 0xf5, 0x00, 0xaf, 0x10, 0x02, 0xf4, 0xda, 0x00, 0x07, 0xf1, 0x00, 0x6f, 0x40, 0x06,
    0xf1, 0x9e, 0x00, 0x0a, 0xc0, 0x00, 0x2f, 0x70, 0x0a, 0xb0, 0x5f, 0x20, 0x0e, 0x80, 0x00, 0x0d, 0xb0, 0x0e, 0x70, 0x2f, 0x60, 0x3f, 0x40, 0x00,
    0x0a, 0xe0, 0x2f, 0x30, 0x0d, 0xa0, 0x6f, 0x10, 0x00, 0x06, 0xf2, 0x6e, 0x00, 0x09, 0xd0, 0xab, 0x00, 0x00, 0x02, 0xf6, 0xab, 0x00, 0x05, 0xf2,
    0xd7, 0x00, 0x00, 0x00, 0xd9, 0xd7, 0x00, 0x02, 0xf7, 0xf3, 0x00, 0x00, 0x00, 0x9e, 0xf3, 0x00, 0x00, 0xde, 0xe0, 0x00, 0x00, 0x00, 0x6f, 0xe0,
    0x00, 0x00, 0x9f, 0xa0, 0x00, 0x01, 0xdc, 0x00, 0x00, 0x02, 0xea, 0x00, 0x4f, 0x70, 0x00, 0x0b, 0xe1, 0x00, 0x09, 0xe2, 0x00, 0x5f, 0x50, 0x00,
    0x01, 0xeb, 0x01, 0xea, 0x00, 0x00, 0x00, 0x5f, 0x5a, 0xe1, 0x00, 0x00, 0x00, 0x0b, 0xef, 0x50, 0x00, 0x00, 0x00, 0x04, 0xfd, 0x00, 0x00, 0x00,
    0x00, 0x0c, 0xdf, 0x70, 0x00, 0x00, 0x00, 0x8f, 0x29, 0xf3, 0x00, 0x00, 0x03, 0xf7, 0x01, 0xdc, 0x00, 0x00, 0x0d, 0xc0, 0x00, 0x4f, 0x80, 0x00,
    0x8f, 0x30, 0x00, 0x09, 0xf3, 0x03, 0xf8, 0x00, 0x00, 0x01, 0xdd, 0x02, 0xfa, 0x00, 0x00, 0x01, 0xec, 0x00, 0x8f, 0x30, 0x00, 0x07, 0xf4, 0x00,
    0x1e, 0xc0, 0x00, 0x1e, 0xa0, 0x00, 0x07, 0xf5, 0x00, 0x8f, 0x20, 0x00, 0x00, 0xdd, 0x02, 0xf9, 0x00, 0x00, 0x00, 0x5f, 0x7a, 0xe1, 0x00, 0x00,
    0x00, 0x0b, 0xef, 0x70, 0x00, 0x00, 0x00, 0x03, 0xfd, 0x00, 0x00, 0x00, 0x00, 0x00, 0xfa, 0x00, 0x00, 0x00, 0x00, 0x00, 0xfa, 0x00, 0x00, 0x00,
    0x00, 0x00, 0xfa, 0x00, 0x00, 0x00, 0x00, 0x00, 0xfa, 0x00, 0x00, 0x00, 0x00, 0x00, 0xfa, 0x00, 0x00, 0x00, 0xff, 0xff, 0xff, 0xff, 0xf0, 0x03,
    0x33, 0x33, 0x35, 0xfc, 0x00, 0x00, 0x00, 0x00, 0xce, 0x20, 0x00, 0x00, 0x00, 0x7f, 0x50, 0x00, 0x00, 0x00, 0x2e, 0x90, 0x00, 0x00, 0x00, 0x0b,
    0xd1, 0x00, 0x00, 0x00, 0x07, 0xf3, 0x00, 0x00, 0x00, 0x02, 0xe7, 0x00, 0x00, 0x00, 0x00, 0xbb, 0x00, 0x00, 0x00, 0x00, 0x7e, 0x10, 0x00, 0x00,
    0x00, 0x2e, 0x40, 0x00, 0x00, 0x00, 0x0b, 0xb3, 0x33, 0x33, 0x33, 0x00, 0xff, 0xff, 0xff, 0xff, 0xf0, 0x00, 0x00, 0x00, 0x02, 0xff, 0xc0, 0x02,
    0xe3, 0x30, 0x02, 0xe0, 0x00, 0x02, 0xe0, 0x00, 0x02, 0xe0, 0x00, 0x02, 0xe0, 0x00, 0x02, 0xe0, 0x00, 0x02, 0xe0, 0x00, 0x02, 0xe0, 0x00, 0x02,
    0xe0, 0x00, 0x02, 0xe0, 0x00, 0x02, 0xe0, 0x00, 0x02, 0xe0, 0x00, 0x02, 0xe0, 0x00, 0x02, 0xe0, 0x00, 0x02, 0xff, 0xc0, 0x00, 0x33, 0x30, 0x0e,
    0x30, 0x00, 0x00, 0x98, 0x00, 0x00, 0x04, 0xd0, 0x00, 0x00, 0x0e, 0x20, 0x00, 0x00, 0xa7, 0x00, 0x00, 0x05, 0xc0, 0x00, 0x00, 0x1e, 0x20, 0x00,
    0x00, 0xa7, 0x00, 0x00, 0x05, 0xc0, 0x00, 0x00, 0x1f, 0x10, 0x00, 0x00, 0xb6, 0x00, 0x00, 0x06, 0xb0, 0x00, 0x00, 0x1f, 0x10, 0x00, 0x00, 0xb6,
    0x00, 0x00, 0x00, 0x0f, 0xfe, 0x00, 0x03, 0x4e, 0x00, 0x00, 0x2e, 0x00, 0x00, 0x2e, 0x00, 0x00, 0x2e, 0x00, 0x00, 0x2e, 0x00, 0x00, 0x2e, 0x00,
    0x00, 0x2e, 0x00, 0x00, 0x2e, 0x00, 0x00, 0x2e, 0x00, 0x00, 0x2e, 0x00, 0x00, 0x2e, 0x00, 0x00, 0x2e, 0x00, 0x00, 0x2e, 0x00, 0x00, 0x2e, 0x00,
    0x0f, 0xfe, 0x00, 0x03, 0x33, 0x00, 0x00, 0x00, 0x47, 0x00, 0x00, 0x00, 0x00, 0xce, 0x40, 0x00, 0x00, 0x04, 0xd6, 0xa0, 0x00, 0x00, 0x0a, 0x71,
    0xe2, 0x00, 0x00, 0x2e, 0x10, 0x98, 0x00, 0x00, 0x8a, 0x00, 0x3e, 0x00, 0x00, 0xe4, 0x00, 0x0c, 0x50, 0x05, 0xd0, 0x00, 0x06, 0xc0, 0x00, 0x00,
    0x00, 0x00, 0x00, 0x00, 0x00, 0x00, 0x00, 0x00, 0x00, 0x00, 0x00, 0x00, 0x00, 0x00, 0x00, 0x00, 0x00, 0x00, 0x00, 0x00, 0x00, 0x00, 0x00, 0xff,
    0xff, 0xff, 0xf0, 0x03, 0x33, 0x33, 0x33, 0x01, 0xd7, 0x00, 0x02, 0xd1, 0x00, 0x00, 0x00, 0x00, 0x00, 0x00, 0x00, 0x00, 0x00, 0x00, 0x00, 0x00,
    0x00, 0x00, 0x00, 0x00, 0x00, 0x00, 0x00, 0x00, 0x00, 0x00, 0x00, 0x00, 0x00, 0x00, 0x00, 0x00, 0x00, 0x2a, 0xee, 0xc6, 0x00, 0x01, 0xdc, 0x54,
    0xaf, 0x40, 0x06, 0xf3, 0x00, 0x1f, 0x90, 0x02, 0x30, 0x00, 0x0f, 0xa0, 0x00, 0x39, 0xce, 0xef, 0xa0, 0x06, 0xfb, 0x53, 0x3f, 0xa0, 0x0d, 0xd0,
    0x00, 0x1f, 0xa0, 0x0e, 0xb0, 0x00, 0x5f, 0xa0, 0x0a, 0xf7, 0x46, 0xcf, 0xb0, 0x01, 0x9e, 0xec, 0x4d, 0xd0, 0x0f, 0xa0, 0x00, 0x00, 0x00, 0x00,
    0xfa, 0x00, 0x00, 0x00, 0x00, 0x0f, 0xa0, 0x00, 0x00, 0x00, 0x00, 0xfa, 0x4c, 0xee, 0xa2, 0x00, 0x0f, 0xce, 0x74, 0x6e, 0xd1, 0x00, 0xff, 0x40,
    0x00, 0x5f, 0x80, 0x0f, 0xd0, 0x00, 0x00, 0xed, 0x00, 0xfb, 0x00, 0x00, 0x0b, 0xf0, 0x0f, 0xb0, 0x00, 0x00, 0xbe, 0x00, 0xfd, 0x00, 0x00, 0x0d,
    0xc0, 0x0f, 0xf4, 0x00, 0x05, 0xf7, 0x00, 0xfd, 0xe7, 0x47, 0xfc, 0x00, 0x0f, 0xa7, 0xdf, 0xd8, 0x10, 0x00, 0x01, 0x8d, 0xfd, 0x70, 0x00, 0x0c,
    0xe7, 0x47, 0xfa, 0x00, 0x7f, 0x50, 0x00, 0x7f, 0x30, 0xcd, 0x00, 0x00, 0x17, 0x30, 0xfb, 0x00, 0x00, 0x00, 0x00, 0xfb, 0x00, 0x00, 0x00, 0x00,
    0xdd, 0x00, 0x00, 0x14, 0x20, 0x9f, 0x40, 0x00, 0x8f, 0x20, 0x2e, 0xe6, 0x48, 0xf8, 0x00, 0x02, 0xae, 0xec, 0x60, 0x00, 0x00, 0x00, 0x00, 0x0a,
    0xf0, 0x00, 0x00, 0x00, 0x00, 0xaf, 0x00, 0x00, 0x00, 0x00, 0x0a, 0xf0, 0x00, 0x18, 0xdf, 0xd6, 0xaf, 0x00, 0x1c, 0xf7, 0x47, 0xed, 0xf0, 0x07,
    0xf5, 0x00, 0x04, 0xff, 0x00, 0xcd, 0x00, 0x00, 0x0d, 0xf0, 0x0e, 0xb0, 0x00, 0x00, 0xbf, 0x00, 0xfb, 0x00, 0x00, 0x0b, 0xf0, 0x0d, 0xd0, 0x00,
    0x00, 0xdf, 0x00, 0x8f, 0x50, 0x00, 0x4f, 0xf0, 0x01, 0xde, 0x64, 0x7e, 0xcf, 0x00, 0x02, 0xae, 0xec, 0x4a, 0xf0, 0x00, 0x18, 0xdf, 0xd7, 0x00,
    0x00, 0xce, 0x64, 0x7e, 0x90, 0x07, 0xf3, 0x00, 0x07, 0xf2, 0x0c, 0xc0, 0x00, 0x02, 0xf6, 0x0e, 0xff, 0xff, 0xff, 0xf7, 0x0f, 0xb3, 0x33, 0x33,
    0x31, 0x0d, 0xc0, 0x00, 0x02, 0x82, 0x08, 0xf2, 0x00, 0x09, 0xf1, 0x01, 0xde, 0x64, 0x8f, 0x70, 0x00, 0x2a, 0xee, 0xc5, 0x00, 0x00, 0x2b, 0xee,
    0x00, 0x0b, 0xe6, 0x40, 0x00, 0xfb, 0x00, 0x00, 0x0f, 0xa0, 0x00, 0x0f, 0xff, 0xff, 0x00, 0x3f, 0xb3, 0x30, 0x00, 0xfa, 0x00, 0x00, 0x0f, 0xa0,
    0x00, 0x00, 0xfa, 0x00, 0x00, 0x0f, 0xa0, 0x00, 0x00, 0xfa, 0x00, 0x00, 0x0f, 0xa0, 0x00, 0x00, 0xfa, 0x00, 0x00, 0x0f, 0xa0, 0x00, 0x00, 0x18,
    0xdf, 0xd7, 0xaf, 0x00, 0x0c, 0xf7, 0x47, 0xed, 0xf0, 0x07, 0xf5, 0x00, 0x04, 0xff, 0x00, 0xcd, 0x00, 0x00, 0x0d, 0xf0, 0x0e, 0xb0, 0x00, 0x00,
    0xbf, 0x00, 0xfb, 0x00, 0x00, 0x0b, 0xf0, 0x0d, 0xd0, 0x00, 0x00, 0xdf, 0x00, 0x8f, 0x50, 0x00, 0x4f, 0xf0, 0x01, 0xde, 0x64, 0x7e, 0xcf, 0x00,
    0x02, 0xae, 0xec, 0x4b, 0xf0, 0x08, 0xa0, 0x00, 0x00, 0xce, 0x00, 0x7f, 0x30, 0x00, 0x3f, 0xa0, 0x01, 0xdd, 0x64, 0x6e, 0xe2, 0x00, 0x02, 0x9d,
    0xfe, 0xa2, 0x00, 0x0f, 0xa0, 0x00, 0x00, 0x00, 0x0f, 0xa0, 0x00, 0x00, 0x00, 0x0f, 0xa0, 0x00, 0x00, 0x00, 0x0f, 0xa5, 0xce, 0xd8, 0x00, 0x0f,
    0xce, 0x64, 0xaf, 0x80, 0x0f, 0xf4, 0x00, 0x0d, 0xd0, 0x0f, 0xe0, 0x00, 0x0b, 0xf0, 0x0f, 0xb0, 0x00, 0x0a, 0xf0, 0x0f, 0xa0, 0x00, 0x0a, 0xf0,
    0x0f, 0xa0, 0x00, 0x0a, 0xf0, 0x0f, 0xa0, 0x00, 0x0a, 0xf0, 0x0f, 0xa0, 0x00, 0x0a, 0xf0, 0x0f, 0xa0, 0x00, 0x0a, 0xf0, 0x00, 0x00, 0x0c, 0x70,
    0x0c, 0x70, 0x00, 0x00, 0x0f, 0xa0, 0x0f, 0xa0, 0x0f, 0xa0, 0x0f, 0xa0, 0x0f, 0xa0, 0x0f, 0xa0, 0x0f, 0xa0, 0x0f, 0xa0, 0x0f, 0xa0, 0x0f, 0xa0,
    0x00, 0x00, 0x00, 0x0c, 0x70, 0x00, 0xc7, 0x00, 0x00, 0x00, 0x00, 0xfa, 0x00, 0x0f, 0xa0, 0x00, 0xfa, 0x00, 0x0f, 0xa0, 0x00, 0xfa, 0x00, 0x0f,
    0xa0, 0x00, 0xfa, 0x00, 0x0f, 0xa0, 0x00, 0xfa, 0x00, 0x0f, 0xa0, 0x00, 0xfa, 0x00, 0x0f, 0xa0, 0x38, 0xf8, 0x07, 0xfb, 0x10, 0x0f, 0xa0, 0x00,
    0x00, 0x00, 0x0f, 0xa0, 0x00, 0x00, 0x00, 0x0f, 0xa0, 0x00, 0x00, 0x00, 0x0f, 0xa0, 0x00, 0x5f, 0xa0, 0x0f, 0xa0, 0x03, 0xea, 0x00, 0x0f, 0xa0,
    0x2e, 0xb0, 0x00, 0x0f, 0xa1, 0xdc, 0x10, 0x00, 0x0f, 0xbc, 0xd1, 0x00, 0x00, 0x0f, 0xfe, 0xf5, 0x00, 0x00, 0x0f, 0xd2, 0xcf, 0x30, 0x00, 0x0f,
    0xa0, 0x1d, 0xe2, 0x00, 0x0f, 0xa0, 0x03, 0xfd, 0x10, 0x0f, 0xa0, 0x00, 0x5f, 0xb0, 0x0f, 0xa0, 0x0f, 0xa0, 0x0f, 0xa0, 0x0f, 0xa0, 0x0f, 0xa0,
    0x0f, 0xa0, 0x0f, 0xa0, 0x0f, 0xa0, 0x0f, 0xa0, 0x0f, 0xa0, 0x0f, 0xa0, 0x0f, 0xc2, 0x09, 0xfd, 0x0f, 0xa8, 0xee, 0xa1, 0x5d, 0xec, 0x30, 0x00,
    0xfd, 0xb4, 0x8f, 0xad, 0x56, 0xed, 0x00, 0x0f, 0xf1, 0x00, 0xdf, 0x60, 0x08, 0xf3, 0x00, 0xfc, 0x00, 0x0b, 0xf2, 0x00, 0x6f, 0x40, 0x0f, 0xb0,
    0x00, 0xaf, 0x10, 0x06, 0xf5, 0x00, 0xfa, 0x00, 0x0a, 0xf0, 0x00, 0x6f, 0x50, 0x0f, 0xa0, 0x00, 0xaf, 0x00, 0x06, 0xf5, 0x00, 0xfa, 0x00, 0x0a,
    0xf0, 0x00, 0x6f, 0x50, 0x0f, 0xa0, 0x00, 0xaf, 0x00, 0x06, 0xf5, 0x00, 0xfa, 0x00, 0x0a, 0xf0, 0x00, 0x6f, 0x50, 0x0f, 0xa5, 0xce, 0xd8, 0x00,
    0x0f, 0xce, 0x64, 0x9f, 0x80, 0x0f, 0xf5, 0x00, 0x0d, 0xd0, 0x0f, 0xe0, 0x00, 0x0b, 0xf0, 0x0f, 0xb0, 0x00, 0x0a, 0xf0, 0x0f, 0xa0, 0x00, 0x0a,
    0xf0, 0x0f, 0xa0, 0x00, 0x0a, 0xf0, 0x0f, 0xa0, 0x00, 0x0a, 0xf0, 0x0f, 0xa0, 0x00, 0x0a, 0xf0, 0x0f, 0xa0, 0x00, 0x0a, 0xf0, 0x00, 0x17, 0xdf,
    0xeb, 0x50, 0x00, 0x0b, 0xf8, 0x45, 0xbf, 0x70, 0x07, 0xf6, 0x00, 0x00, 0xbf, 0x20, 0xce, 0x00, 0x00, 0x04, 0xf7, 0x0f, 0xb0, 0x00, 0x00, 0x1f,
    0xa0, 0xfb, 0x00, 0x00, 0x01, 0xfa, 0x0c, 0xe0, 0x00, 0x00, 0x4f, 0x70, 0x7f, 0x60, 0x00, 0x0b, 0xf2, 0x00, 0xbf, 0x84, 0x4b, 0xf7, 0x00, 0x01,
    0x8d, 0xfe, 0xb5, 0x00, 0x0f, 0xa4, 0xce, 0xea, 0x20, 0x00, 0xfc, 0xe7, 0x46, 0xed, 0x10, 0x0f, 0xf4, 0x00, 0x05, 0xf8, 0x00, 0xfd, 0x00, 0x00,
    0x0e, 0xd0, 0x0f, 0xb0, 0x00, 0x00, 0xbf, 0x00, 0xfb, 0x00, 0x00, 0x0b, 0xe0, 0x0f, 0xd0, 0x00, 0x00, 0xdc, 0x00, 0xff, 0x40, 0x00, 0x5f, 0x70,
    0x0f, 0xde, 0x74, 0x7f, 0xc0, 0x00, 0xfa, 0x7d, 0xfd, 0x81, 0x00, 0x0f, 0xa0, 0x00, 0x00, 0x00, 0x00, 0xfa, 0x00, 0x00, 0x00, 0x00, 0x0f, 0xa0,
    0x00, 0x00, 0x00, 0x00, 0xfa, 0x00, 0x00, 0x00, 0x00, 0x00, 0x18, 0xdf, 0xd6, 0xaf, 0x00, 0x1c, 0xf7, 0x47, 0xed, 0xf0, 0x07, 0xf5, 0x00, 0x04,
    0xff, 0x00, 0xcd, 0x00, 0x00, 0x0d, 0xf0, 0x0e, 0xb0, 0x00, 0x00, 0xbf, 0x00, 0xfb, 0x00, 0x00, 0x0b, 0xf0, 0x0d, 0xd0, 0x00, 0x00, 0xdf, 0x00,
    0x8f, 0x50, 0x00, 0x4f, 0xf0, 0x01, 0xde, 0x64, 0x7e, 0xcf, 0x00, 0x02, 0xae, 0xec, 0x4a, 0xf0, 0x00, 0x00, 0x00, 0x00, 0xaf, 0x00, 0x00, 0x00,
    0x00, 0x0a, 0xf0, 0x00, 0x00, 0x00, 0x00, 0xaf, 0x00, 0x00, 0x00, 0x00, 0x0a, 0xf0, 0x0f, 0xa6, 0xe7, 0x0f, 0xde, 0x72, 0x0f, 0xf3, 0x00, 0x0f,
    0xc0, 0x00, 0x0f, 0xb0, 0x00, 0x0f, 0xa0, 0x00, 0x0f, 0xa0, 0x00, 0x0f, 0xa0, 0x00, 0x0f, 0xa0, 0x00, 0x0f, 0xa0, 0x00, 0x01, 0x8d, 0xec, 0x50,
    0x00, 0xaf, 0x64, 0xbf, 0x50, 0x0e, 0xb0, 0x01, 0xeb, 0x00, 0xde, 0x30, 0x00, 0x00, 0x04, 0xef, 0xc7, 0x10, 0x00, 0x01, 0x6b, 0xfe, 0x40, 0x01,
    0x00, 0x03, 0xec, 0x03, 0xf8, 0x00, 0x0b, 0xe0, 0x0c, 0xf7, 0x47, 0xfa, 0x00, 0x19, 0xdf, 0xd8, 0x10, 0x00, 0xaf, 0x00, 0x00, 0x0a, 0xf0, 0x00,
    0x0f, 0xff, 0xff, 0x00, 0x3b, 0xf3, 0x30, 0x00, 0xaf, 0x00, 0x00, 0x0a, 0xf0, 0x00, 0x00, 0xaf, 0x00, 0x00, 0x0a, 0xf0, 0x00, 0x00, 0xaf, 0x00,
    0x00, 0x0a, 0xf0, 0x00, 0x00, 0x9f, 0x74, 0x00, 0x03, 0xcf, 0xe0, 0x0f, 0xa0, 0x00, 0x0a, 0xf0, 0x0f, 0xa0, 0x00, 0x0a, 0xf0, 0x0f, 0xa0, 0x00,
    0x0a, 0xf0, 0x0f, 0xa0, 0x00, 0x0a, 0xf0, 0x0f, 0xa0, 0x00, 0x0a, 0xf0, 0x0f, 0xa0, 0x00, 0x0b, 0xf0, 0x0f, 0xb0, 0x00, 0x0e, 0xf0, 0x0d, 0xe0,
    0x00, 0x4f, 0xf0, 0x08, 0xfa, 0x46, 0xdc, 0xf0, 0x00, 0x8d, 0xec, 0x5a, 0xf0, 0xcd, 0x00, 0x00, 0x0a, 0xe0, 0x7f, 0x30, 0x00, 0x0e, 0x90, 0x1f,
    0x80, 0x00, 0x5f, 0x40, 0x0b, 0xd0, 0x00, 0xad, 0x00, 0x05, 0xf3, 0x00, 0xe8, 0x00, 0x01, 0xe8, 0x04, 0xf2, 0x00, 0x00, 0x9d, 0x09, 0xc0, 0x00,
    0x00, 0x4f, 0x3e, 0x60, 0x00, 0x00, 0x0d, 0xcf, 0x10, 0x00, 0x00, 0x08, 0xfb, 0x00, 0x00, 0xde, 0x00, 0x01, 0xff, 0x20, 0x00, 0xcd, 0x08, 0xf3,
    0x00, 0x4f, 0xf6, 0x00, 0x1f, 0x80, 0x3f, 0x70, 0x08, 0xcb, 0xa0, 0x04, 0xf4, 0x00, 0xeb, 0x00, 0xb8, 0x8e, 0x00, 0x8e, 0x00, 0x09, 0xe0, 0x0f,
    0x44, 0xf3, 0x0c, 0xa0, 0x00, 0x5f, 0x44, 0xf1, 0x0f, 0x61, 0xf5, 0x00, 0x01, 0xf8, 0x8c, 0x00, 0xba, 0x5f, 0x10, 0x00, 0x0b, 0xbb, 0x80, 0x07,
    0xe9, 0xb0, 0x00, 0x00, 0x6f, 0xf4, 0x00, 0x4f, 0xe7, 0x00, 0x00, 0x01, 0xff, 0x10, 0x00, 0xef, 0x20, 0x00, 0x0a, 0xf3, 0x00, 0x0a, 0xe2, 0x01,
    0xec, 0x00, 0x4f, 0x60, 0x00, 0x5f, 0x61, 0xdb, 0x00, 0x00, 0x0a, 0xe9, 0xe2, 0x00, 0x00, 0x01, 0xef, 0x50, 0x00, 0x00, 0x02, 0xef, 0x70, 0x00,
    0x00, 0x0b, 0xc8, 0xf2, 0x00, 0x00, 0x6f, 0x31, 0xdc, 0x00, 0x02, 0xe9, 0x00, 0x4f, 0x70, 0x0b, 0xe1, 0x00, 0x0a, 0xf2, 0x0d, 0xd0, 0x00, 0x00,
    0xcd, 0x00, 0x8f, 0x30, 0x00, 0x2f, 0x80, 0x02, 0xf8, 0x00, 0x06, 0xf2, 0x00, 0x0c, 0xc0, 0x00, 0xbc, 0x00, 0x00, 0x7f, 0x20, 0x1f, 0x70, 0x00,
    0x01, 0xf7, 0x06, 0xf1, 0x00, 0x00, 0x0b, 0xc0, 0xab, 0x00, 0x00, 0x00, 0x6f, 0x2e, 0x50, 0x00, 0x00, 0x01, 0xeb, 0xe1, 0x00, 0x00, 0x00, 0x0a,
    0xfa, 0x00, 0x00, 0x00, 0x00, 0x5f, 0x40, 0x00, 0x00, 0x00, 0x09, 0xd0, 0x00, 0x00, 0x00, 0x47, 0xf5, 0x00, 0x00, 0x00, 0x0f, 0xd6, 0x00, 0x00,
    0x00, 0x0f, 0xff, 0xff, 0xff, 0x00, 0x33, 0x33, 0x5f, 0xc0, 0x00, 0x00, 0x0b, 0xe2, 0x00, 0x00, 0x06, 0xf5, 0x00, 0x00, 0x02, 0xe9, 0x00, 0x00,
    0x00, 0xbc, 0x00, 0x00, 0x00, 0x7e, 0x20, 0x00, 0x00, 0x2e, 0x60, 0x00, 0x00, 0x0c, 0xc3, 0x33, 0x33, 0x00, 0xff, 0xff, 0xff, 0xf0, 0x00, 0x00,
    0x00, 0x07, 0xe3, 0x00, 0xe6, 0x00, 0x0f, 0x00, 0x00, 0xf0, 0x00, 0x0f, 0x00, 0x00, 0xf0, 0x00, 0x1f, 0x00, 0x0a, 0xa0, 0x00, 0xc7, 0x00, 0x02,
    0xe0, 0x00, 0x0f, 0x00, 0x00, 0xf0, 0x00, 0x0f, 0x00, 0x00, 0xf0, 0x00, 0x0e, 0x30, 0x00, 0x9f, 0x30, 0x00, 0x20, 0x01, 0x70, 0x00, 0x2e, 0x00,
    0x02, 0xe0, 0x00, 0x2e, 0x00, 0x02, 0xe0, 0x00, 0x2e, 0x00, 0x02, 0xe0, 0x00, 0x2e, 0x00, 0x02, 0xe0, 0x00, 0x2e, 0x00, 0x02, 0xe0, 0x00, 0x2e,
    0x00, 0x02, 0xe0, 0x00, 0x2e, 0x00, 0x02, 0xe0, 0x00, 0x2e, 0x00, 0x02, 0xe0, 0x00, 0x2e, 0x00, 0x02, 0xe0, 0x00, 0x00, 0x00, 0x03, 0xe7, 0x00,
    0x00, 0x6e, 0x00, 0x00, 0x0f, 0x00, 0x00, 0x0f, 0x00, 0x00, 0x0f, 0x00, 0x00, 0x0f, 0x00, 0x00, 0x0f, 0x10, 0x00, 0x0a, 0xc4, 0x00, 0x07, 0xe5,
    0x00, 0x0e, 0x20, 0x00, 0x0f, 0x00, 0x00, 0x0f, 0x00, 0x00, 0x0f, 0x00, 0x00, 0x0f, 0x00, 0x00, 0x3e, 0x00, 0x03, 0xf9, 0x00, 0x00, 0x20, 0x00,
    0x00, 0x00, 0x00, 0x00, 0x00, 0x00, 0x6d, 0xeb, 0x73, 0x5e, 0x00, 0xe2, 0x16, 0xcf, 0xf7, 0x00, 0x20, 0x00, 0x01, 0x00, 0x00, 0x00, 0x00, 0x00,
    0x00, 0x00, 0x00, 0x00, 0x00, 0x00, 0x00, 0x00, 0x00, 0x00, 0x00, 0x00, 0x00, 0x00, 0x00, 0x5e, 0xe5, 0x00, 0xd6, 0x6d, 0x00, 0xe4, 0x4e, 0x00,
    0x7f, 0xf7, 0x00, 0x02, 0x20, 0x00, 0x00, 0x00, 0x00, 0x00, 0x00, 0x00, 0x00, 0x00, 0x00, 0x00, 0x00, 0x00, 0x00, 0x00, 0x00, 0x00, 0x00, 0x00,
    0x00, 0x00, 0x00, 0x00, 0x00, 0x00,
};
constexpr char kBodyFirst = 32;
constexpr int kBodyAscent = 18;
constexpr int kBodyDescent = 5;

// Caption: 14 px, 획 0, ' '..'°', 3548바이트
constexpr HudGlyph kCaptionGlyphs[] = {
    {0, 0, 0, 0, 0, 3},
    {0, 3, 10, 0, 4, 3},
    {30, 6, 11, 0, 3, 6},
    {96, 8, 10, 0, 4, 8},
    {176, 9, 13, 0, 2, 9},
    {293, 11, 10, 0, 4, 11},
    {403, 9, 10, 0, 4, 9},
    {493, 3, 11, 0, 3, 3},
    {526, 5, 13, 0, 2, 5},
    {591, 5, 13, 0, 2, 5},
    {656, 9, 7, 0, 7, 9},
    {719, 9, 8, 0, 6, 9},
    {791, 4, 3, -1, 13, 3},
    {803, 4, 5, 0, 9, 4},
    {823, 3, 2, 0, 12, 3},
    {829, 6, 11, -1, 3, 4},
    {895, 9, 10, 0, 4, 8},
    {985, 8, 10, 0, 4, 8},
    {1065, 8, 10, 0, 4, 8},
    {1145, 8, 10, 0, 4, 8},
    {1225, 8, 10, 0, 4, 8},
    {1305, 8, 10, 0, 4, 8},
    {1385, 9, 10, 0, 4, 8},
    {1475, 8, 10, 0, 4, 8},
    {1555, 8, 10, 0, 4, 8},
    {1635, 8, 10, 0, 4, 8},
    {1715, 3, 8, 0, 6, 3},
    {1739, 4, 10, -1, 6, 3},
    {1779, 8, 8, 0, 6, 8},
    {1843, 8, 7, 0, 7, 8},
    {1899, 8, 8, 0, 6, 8},
    {1963, 8, 10, 0, 4, 8},
    {2043, 12, 11, 0, 5, 12},
    {2175, 9, 10, 0, 4, 9},
    {2265, 10, 10, 0, 4, 10},
    {2365, 10, 10, 0, 4, 10},
    {2465, 11, 10, 0, 4, 11},
    {2575, 9, 10, 0, 4, 9},
    {2665, 9, 10, 0, 4, 8},
    {2755, 10, 10, 0, 4, 10},
    {2855, 10, 10, 0, 4, 10},
    {2955, 4, 10, 0, 4, 4},
    {2995, 8, 10, 0, 4, 8},
    {3075, 10, 10, 0, 4, 9},
    {3175, 9, 10, 0, 4, 9},
    {3265, 12, 10, 0, 4, 12},
    {3385, 10, 10, 0, 4, 10},
    {3485, 11, 10, 0, 4, 11},
    {3595, 9, 10, 0, 4, 9},
    {3685, 11, 11, 0, 4, 11},
    {3806, 10, 10, 0, 4, 10},
    {3906, 8, 10, 0, 4, 8},
    {3986, 9, 10, 0, 4, 9},
    {4076, 10, 10, 0, 4, 10},
    {4176, 9, 10, 0, 4, 9},
    {4266, 14, 10, 0, 4, 13},
    {4406, 9, 10, 0, 4, 9},
    {4496, 9, 10, 0, 4, 8},
    {4586, 9, 10, 0, 4, 9},
    {4676, 5, 13, 0, 2, 5},
    {4741, 6, 11, -1, 3, 4},
    {4807, 4, 13, 0, 2, 4},
    {4859, 8, 9, 0, 5, 8},
    {4931, 7, 1, 0, 14, 7},
    {4938, 4, 11, 0, 3, 4},
    {4982, 8, 8, 0, 6, 8},
    {5046, 9, 11, 0, 3, 9},
    {5145, 8, 8, 0, 6, 8},
    {5209, 9, 11, 0, 3, 9},
    {5308, 8, 8, 0, 6, 8},
    {5372, 5, 11, -1, 3, 4},
    {5427, 9, 11, 0, 6, 9},
    {5526, 8, 11, 0, 3, 8},
    {5614, 3, 11, 0, 3, 3},
    {5647, 4, 14, -1, 3, 3},
    {5703, 8, 11, 0, 3, 7},
    {5791, 3, 11, 0, 3, 3},
    {5824, 11, 8, 0, 6, 11},
    {5912, 8, 8, 0, 6, 8},
    {5976, 9, 8, 0, 6, 9},
    {6048, 9, 11, 0, 6, 9},
    {6147, 9, 11, 0, 6, 9},
    {6246, 5, 8, 0, 6, 4},
    {6286, 7, 8, 0, 6, 7},
    {6342, 5, 10, 0, 4, 5},
    {6392, 8, 8, 0, 6, 8},
    {6456, 8, 8, 0, 6, 7},
    {6520, 11, 8, 0, 6, 11},
    {6608, 8, 8, -1, 6, 7},
    {6672, 8, 11, 0, 6, 7},
    {6760, 8, 8, 0, 6, 8},
    {6824, 4, 13, 0, 2, 4},
    {6876, 4, 15, 0, 2, 4},
    {6936, 5, 13, 0, 2, 5},
    {7001, 8, 5, 0, 9, 8},
    {7041, 0, 0, 0, 0, 0},
    {7041, 0, 0, 0, 0, 0},
    {7041, 0, 0, 0, 0, 0},
    {7041, 0, 0, 0, 0, 0},
    {7041, 0, 0, 0, 0, 0},
    {7041, 0, 0, 0, 0, 0},
    {7041, 0, 0, 0, 0, 0},
    {7041, 0, 0, 0, 0, 0},
    {7041, 0, 0, 0, 0, 0},
    {7041, 0, 0, 0, 0, 0},
    {7041, 0, 0, 0, 0, 0},
    {7041, 0, 0, 0, 0, 0},
    {7041, 0, 0, 0, 0, 0},
    {7041, 0, 0, 0, 0, 0},
    {7041, 0, 0, 0, 0, 0},
    {7041, 0, 0, 0, 0, 0},
    {7041, 0, 0, 0, 0, 0},
    {7041, 0, 0, 0, 0, 0},
    {7041, 0, 0, 0, 0, 0},
    {7041, 0, 0, 0, 0, 0},
    {7041, 0, 0, 0, 0, 0},
    {7041, 0, 0, 0, 0, 0},
    {7041, 0, 0, 0, 0, 0},
    {7041, 0, 0, 0, 0, 0},
    {7041, 0, 0, 0, 0, 0},
    {7041, 0, 0, 0, 0, 0},
    {7041, 0, 0, 0, 0, 0},
    {7041, 0, 0, 0, 0, 0},
    {7041, 0, 0, 0, 0, 0},
    {7041, 0, 0, 0, 0, 0},
    {7041, 0, 0, 0, 0, 0},
    {7041, 0, 0, 0, 0, 0},
    {7041, 0, 0, 0, 0, 0},
    {7041, 0, 0, 0, 0, 0},
    {7041, 0, 0, 0, 0, 0},
    {7041, 0, 0, 0, 0, 0},
    {7041, 0, 0, 0, 0, 0},
    {7041, 0, 0, 0, 0, 0},
    {7041, 0, 0, 0, 0, 0},
    {7041, 0, 0, 0, 0, 0},
    {7041, 0, 0, 0, 0, 0},
    {7041, 0, 0, 0, 0, 0},
    {7041, 0, 0, 0, 0, 0},
    {7041, 0, 0, 0, 0, 0},
    {7041, 0, 0, 0, 0, 0},
    {7041, 0, 0, 0, 0, 0},
    {7041, 0, 0, 0, 0, 0},
    {7041, 0, 0, 0, 0, 0},
    {7041, 0, 0, 0, 0, 0},
    {7041, 5, 11, 0, 3, 5},
};
constexpr uint8_t kCaptionPacked[] = {
    0x4f, 0x14, 0xf1, 0x4f, 0x14, 0xf1, 0x4f, 0x14, 0xf1, 0x4f, 0x10, 0x00, 0x1b, 0x02, 0xd0, 0x04, 0xf5, 0xf1, 0x04, 0xf5, 0xf1, 0x04, 0xf5, 0xf1,
    0x04, 0xf5, 0xf1, 0x00, 0x00, 0x00, 0x00, 0x00, 0x00, 0x00, 0x00, 0x00, 0x00, 0x00, 0x00, 0x00, 0x00, 0x00, 0x00, 0x00, 0x00, 0x00, 0x00, 0x00,
    0x00, 0x07, 0x56, 0x60, 0x00, 0x0a, 0x29, 0x30, 0x00, 0x0c, 0x0c, 0x00, 0x07, 0xce, 0xce, 0xc2, 0x00, 0x58, 0x39, 0x00, 0x00, 0x75, 0x66, 0x00,
    0x0f, 0xff, 0xff, 0xa0, 0x00, 0xc0, 0xc1, 0x00, 0x01, 0xb0, 0xc0, 0x00, 0x05, 0x73, 0x90, 0x00, 0x00, 0x02, 0x80, 0x00, 0x00, 0x00, 0x6f, 0x40,
    0x00, 0x00, 0x9e, 0xfc, 0xd2, 0x00, 0x2f, 0x7f, 0x1a, 0xa0, 0x03, 0xf5, 0xf1, 0x37, 0x00, 0x1f, 0xaf, 0x10, 0x00, 0x00, 0x7f, 0xfb, 0x40, 0x00,
    0x00, 0x5f, 0x9f, 0x70, 0x00, 0x04, 0xf1, 0x7e, 0x00, 0xac, 0x4f, 0x14, 0xf0, 0x06, 0xf7, 0xf3, 0xba, 0x00, 0x09, 0xef, 0xe9, 0x10, 0x00, 0x04,
    0xf1, 0x00, 0x00, 0x8e, 0xd5, 0x00, 0x6c, 0x00, 0x2f, 0x46, 0xe0, 0x1e, 0x30, 0x02, 0xf4, 0x7e, 0x0a, 0x80, 0x00, 0x08, 0xed, 0x54, 0xd1, 0x00,
    0x00, 0x00, 0x00, 0xd5, 0x00, 0x00, 0x00, 0x00, 0x8b, 0x5d, 0xc3, 0x00, 0x00, 0x2e, 0x3f, 0x47, 0xd0, 0x00, 0x0b, 0x73, 0xf1, 0x4f, 0x00, 0x05,
    0xc0, 0x1f, 0x47, 0xd0, 0x01, 0xe4, 0x00, 0x6e, 0xd4, 0x00, 0x2a, 0xee, 0xd0, 0x00, 0x0d, 0x91, 0x01, 0x00, 0x03, 0xf2, 0x00, 0x15, 0x00, 0x1d,
    0x71, 0x04, 0xf1, 0x00, 0x2d, 0xff, 0xff, 0xfb, 0x0b, 0xb3, 0x04, 0xf1, 0x02, 0xf2, 0x00, 0x4f, 0x10, 0x3f, 0x20, 0x04, 0xf1, 0x00, 0xea, 0x10,
    0x5f, 0x10, 0x03, 0xae, 0xfe, 0xc1, 0x04, 0xf1, 0x4f, 0x14, 0xf1, 0x4f, 0x10, 0x00, 0x00, 0x00, 0x00, 0x00, 0x00, 0x00, 0x00, 0x00, 0x00, 0x00,
    0x02, 0x40, 0x00, 0xc3, 0x00, 0x5c, 0x00, 0x0b, 0x70, 0x00, 0xe4, 0x00, 0x2f, 0x20, 0x03, 0xf1, 0x00, 0x3f, 0x20, 0x01, 0xf3, 0x00, 0x0d, 0x60,
    0x00, 0x8a, 0x00, 0x02, 0xe1, 0x00, 0x07, 0x76, 0x10, 0x00, 0x69, 0x00, 0x01, 0xe2, 0x00, 0x0a, 0x80, 0x00, 0x7c, 0x00, 0x05, 0xe0, 0x00, 0x4f,
    0x10, 0x04, 0xf0, 0x00, 0x6d, 0x00, 0x08, 0xa0, 0x00, 0xc5, 0x00, 0x3d, 0x00, 0x0a, 0x40, 0x00, 0x00, 0x04, 0xf1, 0x00, 0x00, 0x10, 0x4f, 0x11,
    0x10, 0x06, 0xca, 0xf9, 0xc3, 0x00, 0x00, 0xbd, 0x80, 0x00, 0x00, 0x6a, 0x1c, 0x30, 0x00, 0x08, 0x10, 0x26, 0x00, 0x00, 0x00, 0x00, 0x00, 0x00,
    0x00, 0x4f, 0x10, 0x00, 0x00, 0x04, 0xf1, 0x00, 0x00, 0x00, 0x4f, 0x10, 0x00, 0x0b, 0xff, 0xff, 0xf9, 0x00, 0x00, 0x4f, 0x10, 0x00, 0x00, 0x04,
    0xf1, 0x00, 0x00, 0x00, 0x4f, 0x10, 0x00, 0x00, 0x00, 0x00, 0x00, 0x00, 0x7d, 0x00, 0xd6, 0x03, 0xe1, 0x08, 0xff, 0x60, 0x00, 0x00, 0x00, 0x00,
    0x00, 0x00, 0x00, 0x01, 0xb0, 0x2d, 0x00, 0x00, 0x0b, 0x20, 0x00, 0x1c, 0x00, 0x00, 0x58, 0x00, 0x00, 0xa3, 0x00, 0x01, 0xc0, 0x00, 0x05, 0x80,
    0x00, 0x0a, 0x40, 0x00, 0x0d, 0x00, 0x00, 0x49, 0x00, 0x00, 0x94, 0x00, 0x00, 0xd0, 0x00, 0x00, 0x07, 0xdf, 0xd5, 0x00, 0x07, 0xe4, 0x15, 0xf4,
    0x00, 0xe7, 0x00, 0x0a, 0xb0, 0x2f, 0x30, 0x00, 0x6e, 0x03, 0xf2, 0x00, 0x04, 0xf1, 0x3f, 0x10, 0x00, 0x4f, 0x12, 0xf3, 0x00, 0x06, 0xe0, 0x0e,
    0x70, 0x00, 0xab, 0x00, 0x7e, 0x41, 0x5f, 0x40, 0x00, 0x7d, 0xfd, 0x50, 0x00, 0x00, 0x3c, 0xf1, 0x00, 0x07, 0xea, 0xf1, 0x00, 0x08, 0x24, 0xf1,
    0x00, 0x00, 0x04, 0xf1, 0x00, 0x00, 0x04, 0xf1, 0x00, 0x00, 0x04, 0xf1, 0x00, 0x00, 0x04, 0xf1, 0x00, 0x00, 0x04, 0xf1, 0x00, 0x00, 0x04, 0xf1,
    0x00, 0x00, 0x04, 0xf1, 0x00, 0x06, 0xde, 0xb2, 0x00, 0x4d, 0x21, 0xbc, 0x00, 0x97, 0x00, 0x5f, 0x00, 0x31, 0x00, 0x6e, 0x00, 0x00, 0x00, 0xc8,
    0x00, 0x00, 0x09, 0xc0, 0x00, 0x00, 0x7d, 0x10, 0x00, 0x06, 0xd2, 0x00, 0x00, 0x4e, 0x30, 0x00, 0x00, 0xef, 0xff, 0xff, 0x10, 0x2a, 0xee, 0xb2,
    0x01, 0xd8, 0x11, 0xac, 0x03, 0xa0, 0x00, 0x5f, 0x00, 0x00, 0x02, 0xcc, 0x00, 0x00, 0xbf, 0xc1, 0x00, 0x00, 0x02, 0xc8, 0x03, 0x20, 0x00, 0x5e,
    0x08, 0xa0, 0x00, 0x5f, 0x03, 0xf6, 0x13, 0xda, 0x00, 0x5c, 0xed, 0x81, 0x00, 0x00, 0x00, 0x9f, 0x10, 0x00, 0x05, 0xef, 0x10, 0x00, 0x2e, 0x6f,
    0x10, 0x00, 0xc6, 0x4f, 0x10, 0x09, 0xa0, 0x4f, 0x10, 0x5d, 0x10, 0x4f, 0x10, 0xef, 0xff, 0xff, 0xf0, 0x00, 0x00, 0x4f, 0x10, 0x00, 0x00, 0x4f,
    0x10, 0x00, 0x00, 0x4f, 0x10, 0xdf, 0xff, 0xfa, 0x00, 0xf2, 0x00, 0x00, 0x02, 0xf0, 0x00, 0x00, 0x03, 0xd9, 0xed, 0x81, 0x05, 0xf6, 0x03, 0xd9,
    0x03, 0x60, 0x00, 0x6e, 0x01, 0x10, 0x00, 0x4f, 0x18, 0xb0, 0x00, 0x6e, 0x03, 0xf6, 0x13, 0xd8, 0x00, 0x5c, 0xed, 0x60, 0x00, 0x03, 0xce, 0xd9,
    0x10, 0x03, 0xd4, 0x02, 0xc9, 0x00, 0xb6, 0x00, 0x03, 0x70, 0x1f, 0x5c, 0xec, 0x70, 0x03, 0xfb, 0x30, 0x4e, 0x70, 0x4f, 0x40, 0x00, 0x7e, 0x03,
    0xf1, 0x00, 0x04, 0xf0, 0x0e, 0x40, 0x00, 0x7d, 0x00, 0x8d, 0x30, 0x4e, 0x60, 0x00, 0x8d, 0xec, 0x50, 0x00, 0xff, 0xff, 0xff, 0xe0, 0x00, 0x00,
    0x0c, 0x80, 0x00, 0x00, 0x5e, 0x10, 0x00, 0x00, 0xc7, 0x00, 0x00, 0x05, 0xd1, 0x00, 0x00, 0x0d, 0x60, 0x00, 0x00, 0x6d, 0x00, 0x00, 0x01, 0xe6,
    0x00, 0x00, 0x07, 0xd0, 0x00, 0x00, 0x1e, 0x50, 0x00, 0x00, 0x3b, 0xee, 0xa2, 0x01, 0xe8, 0x01, 0xab, 0x03, 0xf2, 0x00, 0x5f, 0x00, 0xd8, 0x11,
    0xac, 0x00, 0x3e, 0xff, 0xd2, 0x00, 0xca, 0x12, 0xc7, 0x03, 0xf2, 0x00, 0x5e, 0x02, 0xf2, 0x00, 0x5f, 0x00, 0xda, 0x11, 0xca, 0x00, 0x2b, 0xee,
    0x91, 0x00, 0x1a, 0xee, 0x80, 0x00, 0xca, 0x12, 0xc7, 0x02, 0xf2, 0x00, 0x5c, 0x03, 0xf2, 0x00, 0x5f, 0x00, 0xda, 0x12, 0xbf, 0x10, 0x3b, 0xec,
    0x7f, 0x01, 0x40, 0x00, 0x6d, 0x01, 0xf4, 0x00, 0x9a, 0x00, 0xab, 0x13, 0xe3, 0x00, 0x1b, 0xed, 0x40, 0x02, 0xd0, 0x1b, 0x00, 0x00, 0x00, 0x00,
    0x00, 0x00, 0x01, 0xb0, 0x2d, 0x00, 0x2d, 0x00, 0x1b, 0x00, 0x00, 0x00, 0x00, 0x00, 0x00, 0x00, 0x00, 0x00, 0x00, 0x00, 0x5a, 0x00, 0xa6, 0x01,
    0xe1, 0x00, 0x00, 0x00, 0x02, 0x00, 0x00, 0x04, 0xc6, 0x00, 0x03, 0xba, 0x30, 0x00, 0xab, 0x30, 0x00, 0x00, 0xc8, 0x10, 0x00, 0x00, 0x06, 0xd8,
    0x10, 0x00, 0x00, 0x17, 0xd4, 0x00, 0x00, 0x00, 0x13, 0x00, 0xdf, 0xff, 0xff, 0x00, 0x00, 0x00, 0x00, 0x00, 0x00, 0x00, 0x00, 0x00, 0xdf, 0xff,
    0xff, 0x00, 0x00, 0x00, 0x00, 0x00, 0x00, 0x00, 0x00, 0x00, 0x00, 0x00, 0x00, 0x00, 0x20, 0x00, 0x00, 0x00, 0xd8, 0x10, 0x00, 0x00, 0x17, 0xd7,
    0x10, 0x00, 0x00, 0x17, 0xd4, 0x00, 0x00, 0x04, 0xc5, 0x00, 0x03, 0xba, 0x20, 0x00, 0xab, 0x30, 0x00, 0x00, 0x40, 0x00, 0x00, 0x00, 0x2a, 0xee,
    0xa2, 0x00, 0xca, 0x11, 0xac, 0x02, 0xe2, 0x00, 0x4f, 0x00, 0x00, 0x00, 0x8c, 0x00, 0x00, 0x04, 0xe2, 0x00, 0x00, 0x3c, 0x20, 0x00, 0x00, 0xc2,
    0x00, 0x00, 0x00, 0x30, 0x00, 0x00, 0x01, 0xb0, 0x00, 0x00, 0x02, 0xd0, 0x00, 0x00, 0x00, 0x29, 0xde, 0xd9, 0x10, 0x00, 0x05, 0xe8, 0x20, 0x3b,
    0xd2, 0x00, 0x3e, 0x5a, 0xec, 0x84, 0xca, 0x00, 0xb9, 0x9c, 0x16, 0xf3, 0x6e, 0x01, 0xf5, 0xf4, 0x04, 0xe0, 0x4f, 0x03, 0xf5, 0xf1, 0x07, 0xb0,
    0x6e, 0x03, 0xf4, 0xf4, 0x2d, 0x91, 0xc7, 0x01, 0xf4, 0x7d, 0xb5, 0xdc, 0x70, 0x00, 0xbc, 0x00, 0x00, 0x02, 0x00, 0x00, 0x2e, 0xa2, 0x02, 0x8b,
    0x00, 0x00, 0x02, 0x9e, 0xec, 0x70, 0x00, 0x00, 0x00, 0x5f, 0xa0, 0x00, 0x00, 0x0a, 0x9e, 0x10, 0x00, 0x01, 0xe1, 0xc5, 0x00, 0x00, 0x5b, 0x07,
    0xa0, 0x00, 0x0a, 0x50, 0x2e, 0x10, 0x01, 0xfe, 0xee, 0xf5, 0x00, 0x6b, 0x22, 0x28, 0xa0, 0x0b, 0x60, 0x00, 0x3e, 0x11, 0xf2, 0x00, 0x00, 0xe5,
    0x6d, 0x00, 0x00, 0x09, 0xa0, 0x4f, 0xff, 0xeb, 0x20, 0x00, 0x4f, 0x10, 0x19, 0xd0, 0x00, 0x4f, 0x10, 0x04, 0xf0, 0x00, 0x4f, 0x10, 0x1a, 0xc0,
    0x00, 0x4f, 0xff, 0xfd, 0x20, 0x00, 0x4f, 0x10, 0x03, 0xb4, 0x00, 0x4f, 0x10, 0x00, 0x5e, 0x00, 0x4f, 0x10, 0x00, 0x5f, 0x00, 0x4f, 0x10, 0x02,
    0xca, 0x00, 0x4f, 0xff, 0xfd, 0x81, 0x00, 0x02, 0x9e, 0xec, 0x60, 0x00, 0x2e, 0x81, 0x04, 0xd8, 0x00, 0xab, 0x00, 0x00, 0x4f, 0x11, 0xf4, 0x00,
    0x00, 0x06, 0x13, 0xf2, 0x00, 0x00, 0x00, 0x03, 0xf2, 0x00, 0x00, 0x00, 0x01, 0xf4, 0x00, 0x00, 0x16, 0x10, 0xbb, 0x00, 0x00, 0x5e, 0x00, 0x3e,
    0x81, 0x04, 0xe6, 0x00, 0x03, 0xbe, 0xec, 0x50, 0x00, 0x4f, 0xff, 0xec, 0x81, 0x00, 0x04, 0xf1, 0x00, 0x3b, 0xc1, 0x00, 0x4f, 0x10, 0x00, 0x0d,
    0x90, 0x04, 0xf1, 0x00, 0x00, 0x7e, 0x00, 0x4f, 0x10, 0x00, 0x04, 0xf0, 0x04, 0xf1, 0x00, 0x00, 0x5f, 0x00, 0x4f, 0x10, 0x00, 0x07, 0xd0, 0x04,
    0xf1, 0x00, 0x01, 0xd7, 0x00, 0x4f, 0x10, 0x04, 0xcb, 0x00, 0x04, 0xff, 0xfe, 0xd7, 0x00, 0x00, 0x4f, 0xff, 0xff, 0xf2, 0x04, 0xf1, 0x00, 0x00,
    0x00, 0x4f, 0x10, 0x00, 0x00, 0x04, 0xf1, 0x00, 0x00, 0x00, 0x4f, 0xff, 0xff, 0xa0, 0x04, 0xf1, 0x00, 0x00, 0x00, 0x4f, 0x10, 0x00, 0x00, 0x04,
    0xf1, 0x00, 0x00, 0x00, 0x4f, 0x10, 0x00, 0x00, 0x04, 0xff, 0xff, 0xff, 0x40, 0x4f, 0xff, 0xff, 0xf2, 0x04, 0xf1, 0x00, 0x00, 0x00, 0x4f, 0x10,
    0x00, 0x00, 0x04, 0xf1, 0x00, 0x00, 0x00, 0x4f, 0xff, 0xff, 0x80, 0x04, 0xf1, 0x00, 0x00, 0x00, 0x4f, 0x10, 0x00, 0x00, 0x04, 0xf1, 0x00, 0x00,
    0x00, 0x4f, 0x10, 0x00, 0x00, 0x04, 0xf1, 0x00, 0x00, 0x00, 0x02, 0xae, 0xec, 0x60, 0x00, 0x2e, 0x81, 0x05, 0xf8, 0x00, 0xaa, 0x00, 0x00, 0x8e,
    0x01, 0xf4, 0x00, 0x00, 0x15, 0x13, 0xf2, 0x00, 0x00, 0x00, 0x03, 0xf2, 0x00, 0x8f, 0xff, 0x11, 0xf4, 0x00, 0x00, 0x5f, 0x10, 0xca, 0x00, 0x00,
    0x9f, 0x10, 0x3f, 0x81, 0x17, 0xcf, 0x10, 0x03, 0xbe, 0xe9, 0x4f, 0x10, 0x4f, 0x10, 0x00, 0x4f, 0x10, 0x4f, 0x10, 0x00, 0x4f, 0x10, 0x4f, 0x10,
    0x00, 0x4f, 0x10, 0x4f, 0x10, 0x00, 0x4f, 0x10, 0x4f, 0x10, 0x00, 0x4f, 0x10, 0x4f, 0xff, 0xff, 0xff, 0x10, 0x4f, 0x10, 0x00, 0x4f, 0x10, 0x4f,
    0x10, 0x00, 0x4f, 0x10, 0x4f, 0x10, 0x00, 0x4f, 0x10, 0x4f, 0x10, 0x00, 0x4f, 0x10, 0x4f, 0x10, 0x4f, 0x10, 0x4f, 0x10, 0x4f, 0x10, 0x4f, 0x10,
    0x4f, 0x10, 0x4f, 0x10, 0x4f, 0x10, 0x4f, 0x10, 0x4f, 0x10, 0x00, 0x00, 0x4f, 0x10, 0x00, 0x00, 0x4f, 0x10, 0x00, 0x00, 0x4f, 0x10, 0x00, 0x00,
    0x4f, 0x10, 0x00, 0x00, 0x4f, 0x10, 0x00, 0x00, 0x4f, 0x12, 0x80, 0x00, 0x4f, 0x13, 0xf2, 0x00, 0x5f, 0x00, 0xd9, 0x11, 0xcb, 0x00, 0x3b, 0xee,
    0xa1, 0x00, 0x4f, 0x10, 0x00, 0x9b, 0x00, 0x4f, 0x10, 0x08, 0xc1, 0x00, 0x4f, 0x10, 0x6d, 0x20, 0x00, 0x4f, 0x15, 0xe2, 0x00, 0x00, 0x4f, 0x5e,
    0x30, 0x00, 0x00, 0x4f, 0xef, 0x50, 0x00, 0x00, 0x4f, 0x56, 0xf3, 0x00, 0x00, 0x4f, 0x10, 0xad, 0x10, 0x00, 0x4f, 0x10, 0x1c, 0xb0, 0x00, 0x4f,
    0x10, 0x02, 0xe9, 0x00, 0x4f, 0x10, 0x00, 0x00, 0x04, 0xf1, 0x00, 0x00, 0x00, 0x4f, 0x10, 0x00, 0x00, 0x04, 0xf1, 0x00, 0x00, 0x00, 0x4f, 0x10,
    0x00, 0x00, 0x04, 0xf1, 0x00, 0x00, 0x00, 0x4f, 0x10, 0x00, 0x00, 0x04, 0xf1, 0x00, 0x00, 0x00, 0x4f, 0x10, 0x00, 0x00, 0x04, 0xff, 0xff, 0xff,
    0x40, 0x4f, 0xe0, 0x00, 0x02, 0xff, 0x10, 0x4f, 0xe4, 0x00, 0x06, 0xdf, 0x10, 0x4f, 0x98, 0x00, 0x0a, 0x9f, 0x10, 0x4f, 0x5c, 0x00, 0x0e, 0x5f,
    0x10, 0x4f, 0x1e, 0x20, 0x4c, 0x4f, 0x10, 0x4f, 0x1a, 0x60, 0x87, 0x4f, 0x10, 0x4f, 0x16, 0xb0, 0xd3, 0x4f, 0x10, 0x4f, 0x11, 0xe3, 0xd0, 0x4f,
    0x10, 0x4f, 0x10, 0xbb, 0x80, 0x4f, 0x10, 0x4f, 0x10, 0x7f, 0x40, 0x4f, 0x10, 0x4f, 0xd0, 0x00, 0x4f, 0x10, 0x4f, 0xd5, 0x00, 0x4f, 0x10, 0x4f,
    0x6c, 0x00, 0x4f, 0x10, 0x4f, 0x1d, 0x40, 0x4f, 0x10, 0x4f, 0x16, 0xb0, 0x4f, 0x10, 0x4f, 0x10, 0xe3, 0x4f, 0x10, 0x4f, 0x10, 0x7a, 0x4f, 0x10,
    0x4f, 0x10, 0x1e, 0x6f, 0x10, 0x4f, 0x10, 0x08, 0xdf, 0x10, 0x4f, 0x10, 0x02, 0xff, 0x10, 0x02, 0xae, 0xfd, 0x81, 0x00, 0x02, 0xe9, 0x10, 0x2b,
    0xd1, 0x00, 0xbb, 0x00, 0x00, 0x0d, 0x80, 0x1f, 0x40, 0x00, 0x00, 0x7d, 0x03, 0xf2, 0x00, 0x00, 0x05, 0xf0, 0x3f, 0x20, 0x00, 0x00, 0x5f, 0x01,
    0xf4, 0x00, 0x00, 0x07, 0xd0, 0x0b, 0xb0, 0x00, 0x00, 0xd8, 0x00, 0x2e, 0x81, 0x02, 0xbd, 0x10, 0x00, 0x2a, 0xef, 0xd8, 0x10, 0x00, 0x4f, 0xff,
    0xea, 0x10, 0x04, 0xf1, 0x01, 0xbb, 0x00, 0x4f, 0x10, 0x05, 0xf0, 0x04, 0xf1, 0x00, 0x5f, 0x00, 0x4f, 0x10, 0x1b, 0xa0, 0x04, 0xff, 0xfe, 0xa1,
    0x00, 0x4f, 0x10, 0x00, 0x00, 0x04, 0xf1, 0x00, 0x00, 0x00, 0x4f, 0x10, 0x00, 0x00, 0x04, 0xf1, 0x00, 0x00, 0x00, 0x02, 0xae, 0xfd, 0x81, 0x00,
    0x02, 0xe9, 0x10, 0x2b, 0xc1, 0x00, 0xbb, 0x00, 0x00, 0x0d, 0x80, 0x1f, 0x40, 0x00, 0x00, 0x7d, 0x03, 0xf2, 0x00, 0x00, 0x05, 0xf0, 0x3f, 0x20,
    0x00, 0x00, 0x5f, 0x01, 0xf4, 0x00, 0x00, 0x07, 0xd0, 0x0b, 0xb0, 0x00, 0x00, 0xd8, 0x00, 0x2e, 0x81, 0x02, 0xbb, 0x10, 0x00, 0x2a, 0xef, 0xff,
    0xe7, 0x00, 0x00, 0x00, 0x00, 0x03, 0x50, 0x04, 0xff, 0xff, 0xe9, 0x10, 0x04, 0xf1, 0x00, 0x2c, 0xb0, 0x04, 0xf1, 0x00, 0x05, 0xf0, 0x04, 0xf1,
    0x00, 0x05, 0xe0, 0x04, 0xf1, 0x00, 0x2c, 0x70, 0x04, 0xff, 0xff, 0xfa, 0x00, 0x04, 0xf1, 0x00, 0x4f, 0x40, 0x04, 0xf1, 0x00, 0x0b, 0x80, 0x04,
    0xf1, 0x00, 0x08, 0xa0, 0x04, 0xf1, 0x00, 0x04, 0xe1, 0x02, 0xbe, 0xd8, 0x00, 0x0d, 0x70, 0x2d, 0x80, 0x3f, 0x20, 0x06, 0xb0, 0x1f, 0x70, 0x00,
    0x00, 0x06, 0xed, 0x93, 0x00, 0x00, 0x15, 0xbf, 0x60, 0x00, 0x00, 0x08, 0xe0, 0x8b, 0x00, 0x04, 0xf0, 0x3f, 0x71, 0x1b, 0xa0, 0x04, 0xce, 0xe9,
    0x10, 0x0f, 0xff, 0xff, 0xff, 0xf0, 0x00, 0x04, 0xf1, 0x00, 0x00, 0x00, 0x4f, 0x10, 0x00, 0x00, 0x04, 0xf1, 0x00, 0x00, 0x00, 0x4f, 0x10, 0x00,
    0x00, 0x04, 0xf1, 0x00, 0x00, 0x00, 0x4f, 0x10, 0x00, 0x00, 0x04, 0xf1, 0x00, 0x00, 0x00, 0x4f, 0x10, 0x00, 0x00, 0x04, 0xf1, 0x00, 0x04, 0xf1,
    0x00, 0x04, 0xf1, 0x04, 0xf1, 0x00, 0x04, 0xf1, 0x04, 0xf1, 0x00, 0x04, 0xf1, 0x04, 0xf1, 0x00, 0x04, 0xf1, 0x04, 0xf1, 0x00, 0x04, 0xf1, 0x04,
    0xf1, 0x00, 0x04, 0xf1, 0x04, 0xf1, 0x00, 0x04, 0xf1, 0x02, 0xf4, 0x00, 0x06, 0xe0, 0x00, 0xbc, 0x20, 0x3e, 0x80, 0x00, 0x19, 0xde, 0xd7, 0x00,
    0x6e, 0x00, 0x00, 0x09, 0xb1, 0xf3, 0x00, 0x00, 0xd5, 0x0b, 0x80, 0x00, 0x3e, 0x10, 0x6d, 0x00, 0x08, 0xa0, 0x01, 0xf3, 0x00, 0xd5, 0x00, 0x0b,
    0x70, 0x3e, 0x00, 0x00, 0x6c, 0x08, 0x90, 0x00, 0x01, 0xf2, 0xd4, 0x00, 0x00, 0x0b, 0xae, 0x00, 0x00, 0x00, 0x6f, 0x90, 0x00, 0x8d, 0x00, 0x02,
    0xfb, 0x00, 0x03, 0xf1, 0x4f, 0x10, 0x06, 0xef, 0x00, 0x06, 0xc0, 0x0f, 0x50, 0x09, 0x7e, 0x40, 0x0a, 0x80, 0x0b, 0x80, 0x0d, 0x3a, 0x70, 0x0d,
    0x40, 0x07, 0xb0, 0x2e, 0x07, 0xb0, 0x2f, 0x10, 0x04, 0xf0, 0x6a, 0x03, 0xe0, 0x6b, 0x00, 0x00, 0xe3, 0xa6, 0x00, 0xe3, 0x97, 0x00, 0x00, 0xb7,
    0xd3, 0x00, 0xa7, 0xd3, 0x00, 0x00, 0x7c, 0xe0, 0x00, 0x6c, 0xe0, 0x00, 0x00, 0x3f, 0xa0, 0x00, 0x3f, 0xa0, 0x00, 0x2e, 0x40, 0x00, 0x2e, 0x40,
    0x6d, 0x10, 0x0c, 0x80, 0x00, 0xc8, 0x06, 0xd0, 0x00, 0x02, 0xe5, 0xe3, 0x00, 0x00, 0x07, 0xf8, 0x00, 0x00, 0x00, 0x9e, 0x90, 0x00, 0x00, 0x4e,
    0x3e, 0x50, 0x00, 0x1d, 0x50, 0x5e, 0x10, 0x09, 0xb0, 0x00, 0xaa, 0x05, 0xe2, 0x00, 0x01, 0xe6, 0x6e, 0x10, 0x00, 0x3f, 0x30, 0xc8, 0x00, 0x0b,
    0x90, 0x04, 0xf2, 0x04, 0xe2, 0x00, 0x0b, 0xa0, 0xc8, 0x00, 0x00, 0x2f, 0x9d, 0x10, 0x00, 0x00, 0x9f, 0x60, 0x00, 0x00, 0x04, 0xf1, 0x00, 0x00,
    0x00, 0x4f, 0x10, 0x00, 0x00, 0x04, 0xf1, 0x00, 0x00, 0x00, 0x4f, 0x10, 0x00, 0x0f, 0xff, 0xff, 0xff, 0x00, 0x00, 0x00, 0x0c, 0x90, 0x00, 0x00,
    0x08, 0xc1, 0x00, 0x00, 0x03, 0xe2, 0x00, 0x00, 0x01, 0xd6, 0x00, 0x00, 0x00, 0x9a, 0x00, 0x00, 0x00, 0x4d, 0x10, 0x00, 0x00, 0x1d, 0x30, 0x00,
    0x00, 0x09, 0x70, 0x00, 0x00, 0x00, 0xff, 0xff, 0xff, 0xf0, 0x04, 0xff, 0x80, 0x4f, 0x10, 0x04, 0xf1, 0x00, 0x4f, 0x10, 0x04, 0xf1, 0x00, 0x4f,
    0x10, 0x04, 0xf1, 0x00, 0x4f, 0x10, 0x04, 0xf1, 0x00, 0x4f, 0x10, 0x04, 0xf1, 0x00, 0x4f, 0x10, 0x04, 0xff, 0x80, 0xd0, 0x00, 0x00, 0x94, 0x00,
    0x00, 0x49, 0x00, 0x00, 0x0d, 0x00, 0x00, 0x0a, 0x40, 0x00, 0x05, 0x80, 0x00, 0x01, 0xc0, 0x00, 0x00, 0xa3, 0x00, 0x00, 0x58, 0x00, 0x00, 0x1c,
    0x00, 0x00, 0x0b, 0x2b, 0xff, 0x10, 0x4f, 0x10, 0x4f, 0x10, 0x4f, 0x10, 0x4f, 0x10, 0x4f, 0x10, 0x4f, 0x10, 0x4f, 0x10, 0x4f, 0x10, 0x4f, 0x10,
    0x4f, 0x10, 0x4f, 0x1b, 0xff, 0x10, 0x00, 0x9b, 0x00, 0x00, 0x01, 0xca, 0x20, 0x00, 0x07, 0x74, 0x80, 0x00, 0x0c, 0x10, 0xc1, 0x00, 0x4a, 0x00,
    0x86, 0x00, 0xa4, 0x00, 0x2c, 0x00, 0x00, 0x00, 0x00, 0x00, 0x00, 0x00, 0x00, 0x00, 0x00, 0x00, 0x00, 0x04, 0xff, 0xff, 0xf4, 0x26, 0x00, 0x09,
    0x40, 0x00, 0x00, 0x00, 0x00, 0x00, 0x00, 0x00, 0x00, 0x00, 0x00, 0x00, 0x00, 0x00, 0x00, 0x00, 0x00, 0x00, 0x00, 0x01, 0x9e, 0xec, 0x30, 0x09,
    0xc1, 0x09, 0xd0, 0x07, 0x30, 0x04, 0xf1, 0x00, 0x69, 0xbc, 0xf1, 0x0c, 0xb4, 0x25, 0xf1, 0x3f, 0x20, 0x05, 0xf1, 0x2f, 0x60, 0x2c, 0xf1, 0x06,
    0xde, 0xc6, 0xf2, 0x4f, 0x10, 0x00, 0x00, 0x04, 0xf1, 0x00, 0x00, 0x00, 0x4f, 0x10, 0x00, 0x00, 0x04, 0xf4, 0xce, 0xd7, 0x00, 0x4f, 0xc3, 0x05,
    0xe6, 0x04, 0xf5, 0x00, 0x08, 0xd0, 0x4f, 0x20, 0x00, 0x5f, 0x04, 0xf1, 0x00, 0x05, 0xf0, 0x4f, 0x40, 0x00, 0x8c, 0x04, 0xfc, 0x30, 0x5e, 0x50,
    0x4f, 0x6d, 0xfc, 0x50, 0x00, 0x07, 0xde, 0xb2, 0x00, 0x7d, 0x20, 0x8d, 0x10, 0xe5, 0x00, 0x0b, 0x33, 0xf2, 0x00, 0x00, 0x03, 0xf2, 0x00, 0x00,
    0x01, 0xf5, 0x00, 0x19, 0x20, 0x9d, 0x21, 0x9c, 0x00, 0x19, 0xde, 0xa2, 0x00, 0x00, 0x00, 0x04, 0xf1, 0x00, 0x00, 0x00, 0x4f, 0x10, 0x00, 0x00,
    0x04, 0xf1, 0x00, 0x7d, 0xec, 0x7f, 0x10, 0x8d, 0x30, 0x4e, 0xf1, 0x1f, 0x50, 0x00, 0x7f, 0x13, 0xf2, 0x00, 0x04, 0xf1, 0x3f, 0x20, 0x00, 0x5f,
    0x11, 0xf5, 0x00, 0x08, 0xf1, 0x09, 0xd3, 0x05, 0xdf, 0x10, 0x09, 0xee, 0xb6, 0xf1, 0x00, 0x8e, 0xea, 0x10, 0x08, 0xb2, 0x19, 0xb0, 0x1e, 0x20,
    0x01, 0xf2, 0x3f, 0xff, 0xff, 0xf3, 0x3f, 0x20, 0x00, 0x00, 0x1f, 0x40, 0x03, 0xd1, 0x09, 0xc2, 0x1b, 0x90, 0x01, 0x9e, 0xe9, 0x10, 0x00, 0x8e,
    0xa0, 0x2f, 0x30, 0x04, 0xf1, 0x01, 0xff, 0xf9, 0x04, 0xf1, 0x00, 0x4f, 0x10, 0x04, 0xf1, 0x00, 0x4f, 0x10, 0x04, 0xf1, 0x00, 0x4f, 0x10, 0x04,
    0xf1, 0x00, 0x07, 0xdf, 0xc7, 0xf1, 0x08, 0xd3, 0x04, 0xef, 0x11, 0xe5, 0x00, 0x07, 0xf1, 0x3f, 0x20, 0x00, 0x4f, 0x13, 0xf2, 0x00, 0x05, 0xf1,
    0x1f, 0x50, 0x00, 0x8f, 0x10, 0x9d, 0x30, 0x5d, 0xf1, 0x00, 0x9e, 0xeb, 0x6f, 0x10, 0xb3, 0x00, 0x06, 0xd0, 0x0a, 0xc2, 0x04, 0xe7, 0x00, 0x19,
    0xde, 0xd7, 0x00, 0x4f, 0x10, 0x00, 0x00, 0x4f, 0x10, 0x00, 0x00, 0x4f, 0x10, 0x00, 0x00, 0x4f, 0x5c, 0xec, 0x30, 0x4f, 0xc2, 0x1b, 0xc0, 0x4f,
    0x50, 0x05, 0xf0, 0x4f, 0x20, 0x04, 0xf1, 0x4f, 0x10, 0x04, 0xf1, 0x4f, 0x10, 0x04, 0xf1, 0x4f, 0x10, 0x04, 0xf1, 0x4f, 0x10, 0x04, 0xf1, 0x1b,
    0x02, 0xd0, 0x00, 0x04, 0xf1, 0x4f, 0x14, 0xf1, 0x4f, 0x14, 0xf1, 0x4f, 0x14, 0xf1, 0x4f, 0x10, 0x1b, 0x00, 0x2d, 0x00, 0x00, 0x00, 0x4f, 0x10,
    0x4f, 0x10, 0x4f, 0x10, 0x4f, 0x10, 0x4f, 0x10, 0x4f, 0x10, 0x4f, 0x10, 0x4f, 0x10, 0x4f, 0x10, 0x7f, 0x04, 0xf8, 0x04, 0xf1, 0x00, 0x00, 0x04,
    0xf1, 0x00, 0x00, 0x04, 0xf1, 0x00, 0x00, 0x04, 0xf1, 0x01, 0xd9, 0x04, 0xf1, 0x0b, 0xa0, 0x04, 0xf1, 0x9b, 0x00, 0x04, 0xf8, 0xd1, 0x00, 0x04,
    0xfd, 0xf3, 0x00, 0x04, 0xf2, 0x8e, 0x20, 0x04, 0xf1, 0x0b, 0xc1, 0x04, 0xf1, 0x01, 0xda, 0x04, 0xf1, 0x4f, 0x14, 0xf1, 0x4f, 0x14, 0xf1, 0x4f,
    0x14, 0xf1, 0x4f, 0x14, 0xf1, 0x4f, 0x21, 0xde, 0x4f, 0x7e, 0xd4, 0x7e, 0xd4, 0x04, 0xf9, 0x09, 0xe9, 0x09, 0xd0, 0x4f, 0x30, 0x4f, 0x30, 0x4f,
    0x14, 0xf1, 0x04, 0xf1, 0x04, 0xf1, 0x4f, 0x10, 0x4f, 0x10, 0x4f, 0x14, 0xf1, 0x04, 0xf1, 0x04, 0xf1, 0x4f, 0x10, 0x4f, 0x10, 0x4f, 0x14, 0xf1,
    0x04, 0xf1, 0x04, 0xf1, 0x4f, 0x5c, 0xec, 0x30, 0x4f, 0xc2, 0x1a, 0xc0, 0x4f, 0x50, 0x05, 0xf0, 0x4f, 0x20, 0x04, 0xf1, 0x4f, 0x10, 0x04, 0xf1,
    0x4f, 0x10, 0x04, 0xf1, 0x4f, 0x10, 0x04, 0xf1, 0x4f, 0x10, 0x04, 0xf1, 0x00, 0x8d, 0xfd, 0x60, 0x00, 0x8d, 0x30, 0x5e, 0x50, 0x1e, 0x50, 0x00,
    0x8c, 0x03, 0xf2, 0x00, 0x05, 0xf0, 0x3f, 0x20, 0x00, 0x5f, 0x00, 0xe5, 0x00, 0x08, 0xc0, 0x08, 0xd3, 0x05, 0xe5, 0x00, 0x08, 0xdf, 0xd6, 0x00,
    0x4f, 0x4c, 0xed, 0x70, 0x04, 0xfc, 0x30, 0x5e, 0x60, 0x4f, 0x50, 0x00, 0x8d, 0x04, 0xf2, 0x00, 0x05, 0xf0, 0x4f, 0x10, 0x00, 0x5f, 0x04, 0xf4,
    0x00, 0x08, 0xc0, 0x4f, 0xc3, 0x05, 0xe5, 0x04, 0xf6, 0xdf, 0xc5, 0x00, 0x4f, 0x10, 0x00, 0x00, 0x04, 0xf1, 0x00, 0x00, 0x00, 0x4f, 0x10, 0x00,
    0x00, 0x00, 0x07, 0xde, 0xc7, 0xf1, 0x08, 0xd3, 0x04, 0xef, 0x11, 0xf5, 0x00, 0x07, 0xf1, 0x3f, 0x20, 0x00, 0x4f, 0x13, 0xf2, 0x00, 0x05, 0xf1,
    0x1f, 0x50, 0x00, 0x8f, 0x10, 0x9d, 0x30, 0x5d, 0xf1, 0x00, 0x9e, 0xeb, 0x6f, 0x10, 0x00, 0x00, 0x04, 0xf1, 0x00, 0x00, 0x00, 0x4f, 0x10, 0x00,
    0x00, 0x04, 0xf1, 0x4f, 0x6e, 0x44, 0xfb, 0x20, 0x4f, 0x40, 0x04, 0xf1, 0x00, 0x4f, 0x10, 0x04, 0xf1, 0x00, 0x4f, 0x10, 0x04, 0xf1, 0x00, 0x06,
    0xde, 0xb2, 0x02, 0xf4, 0x1b, 0xa0, 0x3f, 0x30, 0x25, 0x00, 0xae, 0x93, 0x00, 0x00, 0x49, 0xf8, 0x03, 0x60, 0x06, 0xf0, 0x3f, 0x40, 0x8e, 0x00,
    0x6d, 0xec, 0x40, 0x02, 0x80, 0x00, 0x4f, 0x10, 0x4f, 0xff, 0x60, 0x4f, 0x10, 0x04, 0xf1, 0x00, 0x4f, 0x10, 0x04, 0xf1, 0x00, 0x4f, 0x10, 0x03,
    0xf3, 0x00, 0x1c, 0xf5, 0x4f, 0x10, 0x04, 0xf1, 0x4f, 0x10, 0x04, 0xf1, 0x4f, 0x10, 0x04, 0xf1, 0x4f, 0x10, 0x04, 0xf1, 0x4f, 0x10, 0x05, 0xf1,
    0x3f, 0x20, 0x08, 0xf1, 0x1e, 0x90, 0x3d, 0xf1, 0x04, 0xde, 0xc7, 0xf1, 0xc8, 0x00, 0x05, 0xe0, 0x7c, 0x00, 0x0a, 0x90, 0x2f, 0x20, 0x0e, 0x30,
    0x0b, 0x70, 0x4d, 0x00, 0x06, 0xc0, 0x98, 0x00, 0x01, 0xf2, 0xd3, 0x00, 0x00, 0xba, 0xc0, 0x00, 0x00, 0x5f, 0x70, 0x00, 0xd8, 0x00, 0x6f, 0x60,
    0x08, 0xb8, 0xc0, 0x09, 0xd9, 0x00, 0xc7, 0x4f, 0x10, 0xd6, 0xd0, 0x1f, 0x20, 0xe4, 0x1e, 0x0f, 0x24, 0xd0, 0x0a, 0x85, 0xa0, 0xb5, 0x89, 0x00,
    0x5c, 0x96, 0x08, 0x9c, 0x40, 0x01, 0xfd, 0x30, 0x4d, 0xe0, 0x00, 0x0c, 0xe0, 0x01, 0xfa, 0x00, 0x0a, 0xb0, 0x02, 0xf3, 0x01, 0xe5, 0x0b, 0x80,
    0x00, 0x6d, 0x6d, 0x10, 0x00, 0x0b, 0xf4, 0x00, 0x00, 0x0c, 0xf5, 0x00, 0x00, 0x7c, 0x5e, 0x10, 0x02, 0xe3, 0x0b, 0x90, 0x0b, 0x90, 0x02, 0xf4,
    0xab, 0x00, 0x03, 0xf1, 0x4f, 0x10, 0x08, 0xb0, 0x0e, 0x50, 0x0d, 0x60, 0x09, 0xa0, 0x2e, 0x10, 0x03, 0xe0, 0x7a, 0x00, 0x00, 0xd4, 0xc4, 0x00,
    0x00, 0x8a, 0xe0, 0x00, 0x00, 0x2f, 0x90, 0x00, 0x00, 0x0e, 0x30, 0x00, 0x00, 0x7b, 0x00, 0x00, 0x0e, 0xc2, 0x00, 0x00, 0x00, 0xff, 0xff, 0xf0,
    0x00, 0x00, 0x0b, 0xa0, 0x00, 0x00, 0x8e, 0x10, 0x00, 0x04, 0xf5, 0x00, 0x00, 0x2e, 0xa0, 0x00, 0x00, 0xce, 0x10, 0x00, 0x09, 0xf5, 0x00, 0x00,
    0x0f, 0xff, 0xff, 0xf0, 0x00, 0xae, 0x03, 0xf3, 0x04, 0xf1, 0x04, 0xf1, 0x04, 0xf1, 0x07, 0xe0, 0x1f, 0x50, 0x07, 0xe0, 0x04, 0xf1, 0x04, 0xf1,
    0x04, 0xf1, 0x03, 0xf3, 0x00, 0xbe, 0x02, 0x80, 0x04, 0xf1, 0x04, 0xf1, 0x04, 0xf1, 0x04, 0xf1, 0x04, 0xf1, 0x04, 0xf1, 0x04, 0xf1, 0x04, 0xf1,
    0x04, 0xf1, 0x04, 0xf1, 0x04, 0xf1, 0x04, 0xf1, 0x04, 0xf1, 0x04, 0xf1, 0x2e, 0x80, 0x00, 0x5f, 0x00, 0x04, 0xf1, 0x00, 0x4f, 0x10, 0x04, 0xf1,
    0x00, 0x2f, 0x40, 0x00, 0x8d, 0x00, 0x2f, 0x40, 0x04, 0xf1, 0x00, 0x4f, 0x10, 0x04, 0xf1, 0x00, 0x5f, 0x10, 0x2e, 0x80, 0x00, 0xbe, 0x93, 0x7f,
    0x03, 0xe3, 0x39, 0xd8, 0x00, 0x00, 0x00, 0x00, 0x00, 0x00, 0x00, 0x00, 0x00, 0x00, 0x00, 0x00, 0x00, 0x9e, 0x70, 0x3f, 0x7f, 0x03, 0xf7, 0xf0,
    0x09, 0xe7, 0x00, 0x00, 0x00, 0x00, 0x00, 0x00, 0x00, 0x00, 0x00, 0x00, 0x00, 0x00, 0x00, 0x00, 0x00, 0x00, 0x00, 0x00,
};
constexpr char kCaptionFirst = 32;
constexpr int kCaptionAscent = 14;
constexpr int kCaptionDescent = 4;
