/* tools/ui/make_hud_font.py가 Pillow 기본 글꼴(Aileron Regular, CC0)로 만든 파일이다.
 * 고치지 말고 스크립트를 다시 돌린다. overlay_font.cc만 include한다. */

// Speed: 76 px, 획 2, ' '..'9', 14092바이트
constexpr HudGlyph kSpeedGlyphs[] = {
    {0, 20, 4, 0, 74, 20},
    {80, 0, 0, 0, 0, 0},
    {80, 0, 0, 0, 0, 0},
    {80, 0, 0, 0, 0, 0},
    {80, 0, 0, 0, 0, 0},
    {80, 0, 0, 0, 0, 0},
    {80, 0, 0, 0, 0, 0},
    {80, 0, 0, 0, 0, 0},
    {80, 0, 0, 0, 0, 0},
    {80, 0, 0, 0, 0, 0},
    {80, 0, 0, 0, 0, 0},
    {80, 0, 0, 0, 0, 0},
    {80, 0, 0, 0, 0, 0},
    {80, 24, 27, 0, 51, 24},
    {728, 0, 0, 0, 0, 0},
    {728, 0, 0, 0, 0, 0},
    {728, 48, 58, 0, 21, 48},
    {3512, 48, 56, 0, 22, 48},
    {6200, 48, 57, 0, 21, 48},
    {8936, 48, 58, 0, 21, 48},
    {11720, 48, 56, 0, 22, 48},
    {14408, 48, 57, 0, 22, 48},
    {17144, 48, 58, 0, 21, 48},
    {19928, 48, 56, 0, 22, 48},
    {22616, 48, 58, 0, 21, 48},
    {25400, 48, 58, 0, 21, 48},
};
constexpr uint8_t kSpeedPacked[] = {
    0x00, 0x00, 0x00, 0x00, 0x00, 0x00, 0x00, 0x00, 0x00, 0x00, 0x00, 0x00, 0x00, 0x00, 0x00, 0x00, 0x00, 0x00, 0x00, 0x00, 0x00, 0x00, 0x00, 0x00,
    0x00, 0x00, 0x00, 0x00, 0x00, 0x00, 0x00, 0x00, 0x00, 0x00, 0x00, 0x00, 0x00, 0x00, 0x00, 0x00, 0x00, 0x4d, 0xff, 0xff, 0xff, 0xff, 0xff, 0xff,
    0xff, 0xff, 0xd4, 0x00, 0x00, 0xdf, 0xff, 0xff, 0xff, 0xff, 0xff, 0xff, 0xff, 0xff, 0xfd, 0x00, 0x00, 0xff, 0xff, 0xff, 0xff, 0xff, 0xff, 0xff,
    0xff, 0xff, 0xff, 0x00, 0x00, 0xff, 0xff, 0xff, 0xff, 0xff, 0xff, 0xff, 0xff, 0xff, 0xff, 0x00, 0x00, 0xff, 0xff, 0xff, 0xff, 0xff, 0xff, 0xff,
    0xff, 0xff, 0xff, 0x00, 0x00, 0xff, 0xff, 0xff, 0xff, 0xff, 0xff, 0xff, 0xff, 0xff, 0xff, 0x00, 0x00, 0xdf, 0xff, 0xff, 0xff, 0xff, 0xff, 0xff,
    0xff, 0xff, 0xfd, 0x00, 0x00, 0x4d, 0xff, 0xff, 0xff, 0xff, 0xff, 0xff, 0xff, 0xff, 0xd4, 0x00, 0x00, 0x00, 0x00, 0x00, 0x00, 0x00, 0x00, 0x00,
    0x00, 0x00, 0x00, 0x00, 0x00, 0x00, 0x00, 0x00, 0x00, 0x00, 0x00, 0x00, 0x00, 0x00, 0x00, 0x00, 0x00, 0x00, 0x00, 0x00, 0x00, 0x00, 0x00, 0x00,
    0x00, 0x00, 0x00, 0x00, 0x00, 0x00, 0x00, 0x00, 0x00, 0x00, 0x00, 0x00, 0x00, 0x00, 0x00, 0x00, 0x00, 0x00, 0x00, 0x00, 0x00, 0x00, 0x00, 0x00,
    0x00, 0x00, 0x00, 0x00, 0x00, 0x00, 0x00, 0x00, 0x00, 0x00, 0x00, 0x00, 0x00, 0x00, 0x00, 0x00, 0x00, 0x00, 0x00, 0x00, 0x00, 0x00, 0x00, 0x00,
    0x00, 0x00, 0x00, 0x00, 0x00, 0x00, 0x00, 0x00, 0x00, 0x00, 0x00, 0x00, 0x00, 0x00, 0x00, 0x00, 0x00, 0x00, 0x00, 0x00, 0x00, 0x00, 0x00, 0x00,
    0x00, 0x00, 0x00, 0x00, 0x00, 0x00, 0x00, 0x00, 0x00, 0x00, 0x00, 0x00, 0x00, 0x00, 0x00, 0x00, 0x00, 0x00, 0x00, 0x00, 0x00, 0x00, 0x00, 0x00,
    0x00, 0x00, 0x00, 0x00, 0x00, 0x00, 0x00, 0x00, 0x00, 0x00, 0x00, 0x00, 0x00, 0x00, 0x00, 0x00, 0x00, 0x00, 0x00, 0x00, 0x00, 0x00, 0x00, 0x00,
    0x00, 0x00, 0x00, 0x00, 0x00, 0x00, 0x00, 0x00, 0x00, 0x00, 0x00, 0x00, 0x00, 0x00, 0x00, 0x00, 0x00, 0x00, 0x00, 0x00, 0x00, 0x00, 0x00, 0x00,
    0x00, 0x00, 0x00, 0x00, 0x00, 0x00, 0x00, 0x00, 0x00, 0x00, 0x00, 0x00, 0x00, 0x00, 0x00, 0x00, 0x00, 0x00, 0x00, 0x00, 0x00, 0x00, 0x00, 0x00,
    0x00, 0x00, 0x00, 0x00, 0x00, 0x00, 0x00, 0x00, 0x00, 0x00, 0x00, 0x00, 0x00, 0x00, 0x00, 0x00, 0x00, 0x00, 0x00, 0x00, 0x00, 0x00, 0x00, 0x00,
    0x00, 0x00, 0x00, 0x00, 0x00, 0x00, 0x00, 0x00, 0x00, 0x00, 0x00, 0x00, 0x02, 0x69, 0xbd, 0xef, 0xfe, 0xdb, 0x96, 0x20, 0x00, 0x00, 0x00, 0x00,
    0x00, 0x00, 0x00, 0x00, 0x00, 0x00, 0x00, 0x00, 0x00, 0x00, 0x00, 0x16, 0xcf, 0xff, 0xff, 0xff, 0xff, 0xff, 0xff, 0xfc, 0x61, 0x00, 0x00, 0x00,
    0x00, 0x00, 0x00, 0x00, 0x00, 0x00, 0x00, 0x00, 0x00, 0x00, 0x06, 0xdf, 0xff, 0xff, 0xff, 0xff, 0xff, 0xff, 0xff, 0xff, 0xfd, 0x60, 0x00, 0x00,
    0x00, 0x00, 0x00, 0x00, 0x00, 0x00, 0x00, 0x00, 0x00, 0x01, 0xbf, 0xff, 0xff, 0xff, 0xff, 0xff, 0xff, 0xff, 0xff, 0xff, 0xff, 0xfb, 0x10, 0x00,
    0x00, 0x00, 0x00, 0x00, 0x00, 0x00, 0x00, 0x00, 0x00, 0x3e, 0xff, 0xff, 0xff, 0xff, 0xff, 0xff, 0xff, 0xff, 0xff, 0xff, 0xff, 0xff, 0xe3, 0x00,
    0x00, 0x00, 0x00, 0x00, 0x00, 0x00, 0x00, 0x00, 0x03, 0xef, 0xff, 0xff, 0xff, 0xff, 0xff, 0xff, 0xff, 0xff, 0xff, 0xff, 0xff, 0xff, 0xfe, 0x30,
    0x00, 0x00, 0x00, 0x00, 0x00, 0x00, 0x00, 0x00, 0x2e, 0xff, 0xff, 0xff, 0xff, 0xff, 0xff, 0xff, 0xff, 0xff, 0xff, 0xff, 0xff, 0xff, 0xff, 0xe2,
    0x00, 0x00, 0x00, 0x00, 0x00, 0x00, 0x00, 0x00, 0xcf, 0xff, 0xff, 0xff, 0xff, 0xff, 0xff, 0xff, 0xff, 0xff, 0xff, 0xff, 0xff, 0xff, 0xff, 0xfc,
    0x00, 0x00, 0x00, 0x00, 0x00, 0x00, 0x00, 0x07, 0xff, 0xff, 0xff, 0xff, 0xff, 0xff, 0xff, 0xff, 0xff, 0xff, 0xff, 0xff, 0xff, 0xff, 0xff, 0xff,
    0x70, 0x00, 0x00, 0x00, 0x00, 0x00, 0x00, 0x2e, 0xff, 0xff, 0xff, 0xff, 0xff, 0xff, 0xb5, 0x20, 0x02, 0x5b, 0xff, 0xff, 0xff, 0xff, 0xff, 0xff,
    0xe2, 0x00, 0x00, 0x00, 0x00, 0x00, 0x00, 0x8f, 0xff, 0xff, 0xff, 0xff, 0xff, 0xe5, 0x00, 0x00, 0x00, 0x00, 0x5e, 0xff, 0xff, 0xff, 0xff, 0xff,
    0xf8, 0x00, 0x00, 0x00, 0x00, 0x00, 0x01, 0xef, 0xff, 0xff, 0xff, 0xff, 0xff, 0x30, 0x00, 0x00, 0x00, 0x00, 0x04, 0xff, 0xff, 0xff, 0xff, 0xff,
    0xfe, 0x10, 0x00, 0x00, 0x00, 0x00, 0x07, 0xff, 0xff, 0xff, 0xff, 0xff, 0xf7, 0x00, 0x00, 0x00, 0x00, 0x00, 0x00, 0x7f, 0xff, 0xff, 0xff, 0xff,
    0xff, 0x70, 0x00, 0x00, 0x00, 0x00, 0x0c, 0xff, 0xff, 0xff, 0xff, 0xff, 0xc0, 0x00, 0x00, 0x00, 0x00, 0x00, 0x00, 0x0d, 0xff, 0xff, 0xff, 0xff,
    0xff, 0xc0, 0x00, 0x00, 0x00, 0x00, 0x2f, 0xff, 0xff, 0xff, 0xff, 0xff, 0x50, 0x00, 0x00, 0x00, 0x00, 0x00, 0x00, 0x06, 0xff, 0xff, 0xff, 0xff,
    0xff, 0xf2, 0x00, 0x00, 0x00, 0x00, 0x6f, 0xff, 0xff, 0xff, 0xff, 0xfe, 0x00, 0x00, 0x00, 0x00, 0x00, 0x00, 0x00, 0x00, 0xef, 0xff, 0xff, 0xff,
    0xff, 0xf6, 0x00, 0x00, 0x00, 0x00, 0xaf, 0xff, 0xff, 0xff, 0xff, 0xf9, 0x00, 0x00, 0x00, 0x00, 0x00, 0x00, 0x00, 0x00, 0x9f, 0xff, 0xff, 0xff,
    0xff, 0xfa, 0x00, 0x00, 0x00, 0x00, 0xef, 0xff, 0xff, 0xff, 0xff, 0xf5, 0x00, 0x00, 0x00, 0x00, 0x00, 0x00, 0x00, 0x00, 0x5f, 0xff, 0xff, 0xff,
    0xff, 0xfe, 0x00, 0x00, 0x00, 0x02, 0xff, 0xff, 0xff, 0xff, 0xff, 0xf1, 0x00, 0x00, 0x00, 0x00, 0x00, 0x00, 0x00, 0x00, 0x2f, 0xff, 0xff, 0xff,
    0xff, 0xff, 0x20, 0x00, 0x00, 0x05, 0xff, 0xff, 0xff, 0xff, 0xff, 0xd0, 0x00, 0x00, 0x00, 0x00, 0x00, 0x00, 0x00, 0x00, 0x0d, 0xff, 0xff, 0xff,
    0xff, 0xff, 0x40, 0x00, 0x00, 0x07, 0xff, 0xff, 0xff, 0xff, 0xff, 0xb0, 0x00, 0x00, 0x00, 0x00, 0x00, 0x00, 0x00, 0x00, 0x0b, 0xff, 0xff, 0xff,
    0xff, 0xff, 0x70, 0x00, 0x00, 0x09, 0xff, 0xff, 0xff, 0xff, 0xff, 0x90, 0x00, 0x00, 0x00, 0x00, 0x00, 0x00, 0x00, 0x00, 0x09, 0xff, 0xff, 0xff,
    0xff, 0xff, 0x90, 0x00, 0x00, 0x0a, 0xff, 0xff, 0xff, 0xff, 0xff, 0x70, 0x00, 0x00, 0x00, 0x00, 0x00, 0x00, 0x00, 0x00, 0x07, 0xff, 0xff, 0xff,
    0xff, 0xff, 0xa0, 0x00, 0x00, 0x0c, 0xff, 0xff, 0xff, 0xff, 0xff, 0x50, 0x00, 0x00, 0x00, 0x00, 0x00, 0x00, 0x00, 0x00, 0x06, 0xff, 0xff, 0xff,
    0xff, 0xff, 0xc0, 0x00, 0x00, 0x0d, 0xff, 0xff, 0xff, 0xff, 0xff, 0x40, 0x00, 0x00, 0x00, 0x00, 0x00, 0x00, 0x00, 0x00, 0x04, 0xff, 0xff, 0xff,
    0xff, 0xff, 0xd0, 0x00, 0x00, 0x0e, 0xff, 0xff, 0xff, 0xff, 0xff, 0x30, 0x00, 0x00, 0x00, 0x00, 0x00, 0x00, 0x00, 0x00, 0x04, 0xff, 0xff, 0xff,
    0xff, 0xff, 0xe0, 0x00, 0x00, 0x0e, 0xff, 0xff, 0xff, 0xff, 0xff, 0x30, 0x00, 0x00, 0x00, 0x00, 0x00, 0x00, 0x00, 0x00, 0x03, 0xff, 0xff, 0xff,
    0xff, 0xff, 0xe0, 0x00, 0x00, 0x0f, 0xff, 0xff, 0xff, 0xff, 0xff, 0x20, 0x00, 0x00, 0x00, 0x00, 0x00, 0x00, 0x00, 0x00, 0x03, 0xff, 0xff, 0xff,
    0xff, 0xff, 0xf0, 0x00, 0x00, 0x0f, 0xff, 0xff, 0xff, 0xff, 0xff, 0x20, 0x00, 0x00, 0x00, 0x00, 0x00, 0x00, 0x00, 0x00, 0x02, 0xff, 0xff, 0xff,
    0xff, 0xff, 0xf0, 0x00, 0x00, 0x0f, 0xff, 0xff, 0xff, 0xff, 0xff, 0x20, 0x00, 0x00, 0x00, 0x00, 0x00, 0x00, 0x00, 0x00, 0x02, 0xff, 0xff, 0xff,
    0xff, 0xff, 0xf0, 0x00, 0x00, 0x0f, 0xff, 0xff, 0xff, 0xff, 0xff, 0x20, 0x00, 0x00, 0x00, 0x00, 0x00, 0x00, 0x00, 0x00, 0x03, 0xff, 0xff, 0xff,
    0xff, 0xff, 0xf0, 0x00, 0x00, 0x0e, 0xff, 0xff, 0xff, 0xff, 0xff, 0x30, 0x00, 0x00, 0x00, 0x00, 0x00, 0x00, 0x00, 0x00, 0x03, 0xff, 0xff, 0xff,
    0xff, 0xff, 0xe0, 0x00, 0x00, 0x0e, 0xff, 0xff, 0xff, 0xff, 0xff, 0x30, 0x00, 0x00, 0x00, 0x00, 0x00, 0x00, 0x00, 0x00, 0x04, 0xff, 0xff, 0xff,
    0xff, 0xff, 0xe0, 0x00, 0x00, 0x0d, 0xff, 0xff, 0xff, 0xff, 0xff, 0x40, 0x00, 0x00, 0x00, 0x00, 0x00, 0x00, 0x00, 0x00, 0x04, 0xff, 0xff, 0xff,
    0xff, 0xff, 0xd0, 0x00, 0x00, 0x0c, 0xff, 0xff, 0xff, 0xff, 0xff, 0x50, 0x00, 0x00, 0x00, 0x00, 0x00, 0x00, 0x00, 0x00, 0x06, 0xff, 0xff, 0xff,
    0xff, 0xff, 0xc0, 0x00, 0x00, 0x0a, 0xff, 0xff, 0xff, 0xff, 0xff, 0x70, 0x00, 0x00, 0x00, 0x00, 0x00, 0x00, 0x00, 0x00, 0x07, 0xff, 0xff, 0xff,
    0xff, 0xff, 0xa0, 0x00, 0x00, 0x09, 0xff, 0xff, 0xff, 0xff, 0xff, 0x90, 0x00, 0x00, 0x00, 0x00, 0x00, 0x00, 0x00, 0x00, 0x09, 0xff, 0xff, 0xff,
    0xff, 0xff, 0x90, 0x00, 0x00, 0x07, 0xff, 0xff, 0xff, 0xff, 0xff, 0xb0, 0x00, 0x00, 0x00, 0x00, 0x00, 0x00, 0x00, 0x00, 0x0b, 0xff, 0xff, 0xff,
    0xff, 0xff, 0x70, 0x00, 0x00, 0x05, 0xff, 0xff, 0xff, 0xff, 0xff, 0xd0, 0x00, 0x00, 0x00, 0x00, 0x00, 0x00, 0x00, 0x00, 0x0d, 0xff, 0xff, 0xff,
    0xff, 0xff, 0x40, 0x00, 0x00, 0x02, 0xff, 0xff, 0xff, 0xff, 0xff, 0xf1, 0x00, 0x00, 0x00, 0x00, 0x00, 0x00, 0x00, 0x00, 0x1f, 0xff, 0xff, 0xff,
    0xff, 0xff, 0x20, 0x00, 0x00, 0x00, 0xef, 0xff, 0xff, 0xff, 0xff, 0xf5, 0x00, 0x00, 0x00, 0x00, 0x00, 0x00, 0x00, 0x00, 0x5f, 0xff, 0xff, 0xff,
    0xff, 0xfe, 0x00, 0x00, 0x00, 0x00, 0xbf, 0xff, 0xff, 0xff, 0xff, 0xf9, 0x00, 0x00, 0x00, 0x00, 0x00, 0x00, 0x00, 0x00, 0x9f, 0xff, 0xff, 0xff,
    0xff, 0xfa, 0x00, 0x00, 0x00, 0x00, 0x6f, 0xff, 0xff, 0xff, 0xff, 0xfe, 0x00, 0x00, 0x00, 0x00, 0x00, 0x00, 0x00, 0x00, 0xef, 0xff, 0xff, 0xff,
    0xff, 0xf6, 0x00, 0x00, 0x00, 0x00, 0x2f, 0xff, 0xff, 0xff, 0xff, 0xff, 0x50, 0x00, 0x00, 0x00, 0x00, 0x00, 0x00, 0x05, 0xff, 0xff, 0xff, 0xff,
    0xff, 0xf2, 0x00, 0x00, 0x00, 0x00, 0x0c, 0xff, 0xff, 0xff, 0xff, 0xff, 0xc0, 0x00, 0x00, 0x00, 0x00, 0x00, 0x00, 0x0c, 0xff, 0xff, 0xff, 0xff,
    0xff, 0xc0, 0x00, 0x00, 0x00, 0x00, 0x07, 0xff, 0xff, 0xff, 0xff, 0xff, 0xf6, 0x00, 0x00, 0x00, 0x00, 0x00, 0x00, 0x7f, 0xff, 0xff, 0xff, 0xff,
    0xff, 0x70, 0x00, 0x00, 0x00, 0x00, 0x01, 0xef, 0xff, 0xff, 0xff, 0xff, 0xff, 0x30, 0x00, 0x00, 0x00, 0x00, 0x04, 0xff, 0xff, 0xff, 0xff, 0xff,
    0xfe, 0x10, 0x00, 0x00, 0x00, 0x00, 0x00, 0x8f, 0xff, 0xff, 0xff, 0xff, 0xff, 0xe4, 0x00, 0x00, 0x00, 0x00, 0x5e, 0xff, 0xff, 0xff, 0xff, 0xff,
    0xf8, 0x00, 0x00, 0x00, 0x00, 0x00, 0x00, 0x2e, 0xff, 0xff, 0xff, 0xff, 0xff, 0xff, 0xb5, 0x10, 0x02, 0x5b, 0xff, 0xff, 0xff, 0xff, 0xff, 0xff,
    0xe2, 0x00, 0x00, 0x00, 0x00, 0x00, 0x00, 0x07, 0xff, 0xff, 0xff, 0xff, 0xff, 0xff, 0xff, 0xff, 0xff, 0xff, 0xff, 0xff, 0xff, 0xff, 0xff, 0xff,
    0x70, 0x00, 0x00, 0x00, 0x00, 0x00, 0x00, 0x00, 0xcf, 0xff, 0xff, 0xff, 0xff, 0xff, 0xff, 0xff, 0xff, 0xff, 0xff, 0xff, 0xff, 0xff, 0xff, 0xfc,
    0x00, 0x00, 0x00, 0x00, 0x00, 0x00, 0x00, 0x00, 0x2e, 0xff, 0xff, 0xff, 0xff, 0xff, 0xff, 0xff, 0xff, 0xff, 0xff, 0xff, 0xff, 0xff, 0xff, 0xe2,
    0x00, 0x00, 0x00, 0x00, 0x00, 0x00, 0x00, 0x00, 0x03, 0xef, 0xff, 0xff, 0xff, 0xff, 0xff, 0xff, 0xff, 0xff, 0xff, 0xff, 0xff, 0xff, 0xfe, 0x30,
    0x00, 0x00, 0x00, 0x00, 0x00, 0x00, 0x00, 0x00, 0x00, 0x3e, 0xff, 0xff, 0xff, 0xff, 0xff, 0xff, 0xff, 0xff, 0xff, 0xff, 0xff, 0xff, 0xe3, 0x00,
    0x00, 0x00, 0x00, 0x00, 0x00, 0x00, 0x00, 0x00, 0x00, 0x01, 0xbf, 0xff, 0xff, 0xff, 0xff, 0xff, 0xff, 0xff, 0xff, 0xff, 0xff, 0xfb, 0x10, 0x00,
    0x00, 0x00, 0x00, 0x00, 0x00, 0x00, 0x00, 0x00, 0x00, 0x00, 0x06, 0xef, 0xff, 0xff, 0xff, 0xff, 0xff, 0xff, 0xff, 0xff, 0xfd, 0x60, 0x00, 0x00,
    0x00, 0x00, 0x00, 0x00, 0x00, 0x00, 0x00, 0x00, 0x00, 0x00, 0x00, 0x16, 0xcf, 0xff, 0xff, 0xff, 0xff, 0xff, 0xff, 0xfc, 0x61, 0x00, 0x00, 0x00,
    0x00, 0x00, 0x00, 0x00, 0x00, 0x00, 0x00, 0x00, 0x00, 0x00, 0x00, 0x00, 0x02, 0x69, 0xbd, 0xef, 0xfe, 0xdb, 0x96, 0x20, 0x00, 0x00, 0x00, 0x00,
    0x00, 0x00, 0x00, 0x00, 0x00, 0x00, 0x00, 0x00, 0x00, 0x00, 0x00, 0x00, 0x00, 0x00, 0x00, 0x00, 0x48, 0xbe, 0xff, 0xff, 0xfe, 0x60, 0x00, 0x00,
    0x00, 0x00, 0x00, 0x00, 0x00, 0x00, 0x00, 0x00, 0x00, 0x00, 0x00, 0x00, 0x00, 0x00, 0x00, 0x5d, 0xff, 0xff, 0xff, 0xff, 0xff, 0xf1, 0x00, 0x00,
    0x00, 0x00, 0x00, 0x00, 0x00, 0x00, 0x00, 0x00, 0x00, 0x00, 0x00, 0x00, 0x00, 0x00, 0x3c, 0xff, 0xff, 0xff, 0xff, 0xff, 0xff, 0xf2, 0x00, 0x00,
    0x00, 0x00, 0x00, 0x00, 0x00, 0x00, 0x00, 0x00, 0x00, 0x00, 0x00, 0x00, 0x00, 0x19, 0xff, 0xff, 0xff, 0xff, 0xff, 0xff, 0xff, 0xf2, 0x00, 0x00,
    0x00, 0x00, 0x00, 0x00, 0x00, 0x00, 0x00, 0x00, 0x00, 0x00, 0x00, 0x00, 0x06, 0xef, 0xff, 0xff, 0xff, 0xff, 0xff, 0xff, 0xff, 0xf2, 0x00, 0x00,
    0x00, 0x00, 0x00, 0x00, 0x00, 0x00, 0x00, 0x00, 0x00, 0x00, 0x00, 0x03, 0xcf, 0xff, 0xff, 0xff, 0xff, 0xff, 0xff, 0xff, 0xff, 0xf2, 0x00, 0x00,
    0x00, 0x00, 0x00, 0x00, 0x00, 0x00, 0x00, 0x00, 0x00, 0x00, 0x01, 0x9f, 0xff, 0xff, 0xff, 0xff, 0xff, 0xff, 0xff, 0xff, 0xff, 0xf2, 0x00, 0x00,
    0x00, 0x00, 0x00, 0x00, 0x00, 0x00, 0x00, 0x00, 0x00, 0x00, 0x6e, 0xff, 0xff, 0xff, 0xff, 0xff, 0xff, 0xff, 0xff, 0xff, 0xff, 0xf2, 0x00, 0x00,
    0x00, 0x00, 0x00, 0x00, 0x00, 0x00, 0x00, 0x00, 0x00, 0x3c, 0xff, 0xff, 0xff, 0xff, 0xff, 0xff, 0xff, 0xff, 0xff, 0xff, 0xff, 0xf2, 0x00, 0x00,
    0x00, 0x00, 0x00, 0x00, 0x00, 0x00, 0x00, 0x00, 0x03, 0xef, 0xff, 0xff, 0xff, 0xff, 0xff, 0xff, 0xff, 0xff, 0xff, 0xff, 0xff, 0xf2, 0x00, 0x00,
    0x00, 0x00, 0x00, 0x00, 0x00, 0x00, 0x00, 0x00, 0x07, 0xff, 0xff, 0xff, 0xff, 0xff, 0xff, 0xff, 0xff, 0xff, 0xff, 0xff, 0xff, 0xf2, 0x00, 0x00,
    0x00, 0x00, 0x00, 0x00, 0x00, 0x00, 0x00, 0x00, 0x08, 0xff, 0xff, 0xff, 0xff, 0xff, 0xff, 0xff, 0xff, 0xff, 0xff, 0xff, 0xff, 0xf2, 0x00, 0x00,
    0x00, 0x00, 0x00, 0x00, 0x00, 0x00, 0x00, 0x00, 0x08, 0xff, 0xff, 0xff, 0xff, 0xff, 0xff, 0xfa, 0xff, 0xff, 0xff, 0xff, 0xff, 0xf2, 0x00, 0x00,
    0x00, 0x00, 0x00, 0x00, 0x00, 0x00, 0x00, 0x00, 0x08, 0xff, 0xff, 0xff, 0xff, 0xff, 0xfc, 0x40, 0xff, 0xff, 0xff, 0xff, 0xff, 0xf2, 0x00, 0x00,
    0x00, 0x00, 0x00, 0x00, 0x00, 0x00, 0x00, 0x00, 0x08, 0xff, 0xff, 0xff, 0xff, 0xfe, 0x60, 0x00, 0xff, 0xff, 0xff, 0xff, 0xff, 0xf2, 0x00, 0x00,
    0x00, 0x00, 0x00, 0x00, 0x00, 0x00, 0x00, 0x00, 0x08, 0xff, 0xff, 0xff, 0xff, 0x91, 0x00, 0x00, 0xff, 0xff, 0xff, 0xff, 0xff, 0xf2, 0x00, 0x00,
    0x00, 0x00, 0x00, 0x00, 0x00, 0x00, 0x00, 0x00, 0x08, 0xff, 0xff, 0xff, 0xb3, 0x00, 0x00, 0x00, 0xff, 0xff, 0xff, 0xff, 0xff, 0xf2, 0x00, 0x00,
    0x00, 0x00, 0x00, 0x00, 0x00, 0x00, 0x00, 0x00, 0x07, 0xff, 0xff, 0xd5, 0x00, 0x00, 0x00, 0x00, 0xff, 0xff, 0xff, 0xff, 0xff, 0xf2, 0x00, 0x00,
    0x00, 0x00, 0x00, 0x00, 0x00, 0x00, 0x00, 0x00, 0x02, 0xef, 0xf8, 0x10, 0x00, 0x00, 0x00, 0x00, 0xff, 0xff, 0xff, 0xff, 0xff, 0xf2, 0x00, 0x00,
    0x00, 0x00, 0x00, 0x00, 0x00, 0x00, 0x00, 0x00, 0x00, 0x15, 0x10, 0x00, 0x00, 0x00, 0x00, 0x00, 0xff, 0xff, 0xff, 0xff, 0xff, 0xf2, 0x00, 0x00,
    0x00, 0x00, 0x00, 0x00, 0x00, 0x00, 0x00, 0x00, 0x00, 0x00, 0x00, 0x00, 0x00, 0x00, 0x00, 0x00, 0xff, 0xff, 0xff, 0xff, 0xff, 0xf2, 0x00, 0x00,
    0x00, 0x00, 0x00, 0x00, 0x00, 0x00, 0x00, 0x00, 0x00, 0x00, 0x00, 0x00, 0x00, 0x00, 0x00, 0x00, 0xff, 0xff, 0xff, 0xff, 0xff, 0xf2, 0x00, 0x00,
    0x00, 0x00, 0x00, 0x00, 0x00, 0x00, 0x00, 0x00, 0x00, 0x00, 0x00, 0x00, 0x00, 0x00, 0x00, 0x00, 0xff, 0xff, 0xff, 0xff, 0xff, 0xf2, 0x00, 0x00,
    0x00, 0x00, 0x00, 0x00, 0x00, 0x00, 0x00, 0x00, 0x00, 0x00, 0x00, 0x00, 0x00, 0x00, 0x00, 0x00, 0xff, 0xff, 0xff, 0xff, 0xff, 0xf2, 0x00, 0x00,
    0x00, 0x00, 0x00, 0x00, 0x00, 0x00, 0x00, 0x00, 0x00, 0x00, 0x00, 0x00, 0x00, 0x00, 0x00, 0x00, 0xff, 0xff, 0xff, 0xff, 0xff, 0xf2, 0x00, 0x00,
    0x00, 0x00, 0x00, 0x00, 0x00, 0x00, 0x00, 0x00, 0x00, 0x00, 0x00, 0x00, 0x00, 0x00, 0x00, 0x00, 0xff, 0xff, 0xff, 0xff, 0xff, 0xf2, 0x00, 0x00,
    0x00, 0x00, 0x00, 0x00, 0x00, 0x00, 0x00, 0x00, 0x00, 0x00, 0x00, 0x00, 0x00, 0x00, 0x00, 0x00, 0xff, 0xff, 0xff, 0xff, 0xff, 0xf2, 0x00, 0x00,
    0x00, 0x00, 0x00, 0x00, 0x00, 0x00, 0x00, 0x00, 0x00, 0x00, 0x00, 0x00, 0x00, 0x00, 0x00, 0x00, 0xff, 0xff, 0xff, 0xff, 0xff, 0xf2, 0x00, 0x00,
    0x00, 0x00, 0x00, 0x00, 0x00, 0x00, 0x00, 0x00, 0x00, 0x00, 0x00, 0x00, 0x00, 0x00, 0x00, 0x00, 0xff, 0xff, 0xff, 0xff, 0xff, 0xf2, 0x00, 0x00,
    0x00, 0x00, 0x00, 0x00, 0x00, 0x00, 0x00, 0x00, 0x00, 0x00, 0x00, 0x00, 0x00, 0x00, 0x00, 0x00, 0xff, 0xff, 0xff, 0xff, 0xff, 0xf2, 0x00, 0x00,
    0x00, 0x00, 0x00, 0x00, 0x00, 0x00, 0x00, 0x00, 0x00, 0x00, 0x00, 0x00, 0x00, 0x00, 0x00, 0x00, 0xff, 0xff, 0xff, 0xff, 0xff, 0xf2, 0x00, 0x00,
    0x00, 0x00, 0x00, 0x00, 0x00, 0x00, 0x00, 0x00, 0x00, 0x00, 0x00, 0x00, 0x00, 0x00, 0x00, 0x00, 0xff, 0xff, 0xff, 0xff, 0xff, 0xf2, 0x00, 0x00,
    0x00, 0x00, 0x00, 0x00, 0x00, 0x00, 0x00, 0x00, 0x00, 0x00, 0x00, 0x00, 0x00, 0x00, 0x00, 0x00, 0xff, 0xff, 0xff, 0xff, 0xff, 0xf2, 0x00, 0x00,
    0x00, 0x00, 0x00, 0x00, 0x00, 0x00, 0x00, 0x00, 0x00, 0x00, 0x00, 0x00, 0x00, 0x00, 0x00, 0x00, 0xff, 0xff, 0xff, 0xff, 0xff, 0xf2, 0x00, 0x00,
    0x00, 0x00, 0x00, 0x00, 0x00, 0x00, 0x00, 0x00, 0x00, 0x00, 0x00, 0x00, 0x00, 0x00, 0x00, 0x00, 0xff, 0xff, 0xff, 0xff, 0xff, 0xf2, 0x00, 0x00,
    0x00, 0x00, 0x00, 0x00, 0x00, 0x00, 0x00, 0x00, 0x00, 0x00, 0x00, 0x00, 0x00, 0x00, 0x00, 0x00, 0xff, 0xff, 0xff, 0xff, 0xff, 0xf2, 0x00, 0x00,
    0x00, 0x00, 0x00, 0x00, 0x00, 0x00, 0x00, 0x00, 0x00, 0x00, 0x00, 0x00, 0x00, 0x00, 0x00, 0x00, 0xff, 0xff, 0xff, 0xff, 0xff, 0xf2, 0x00, 0x00,
    0x00, 0x00, 0x00, 0x00, 0x00, 0x00, 0x00, 0x00, 0x00, 0x00, 0x00, 0x00, 0x00, 0x00, 0x00, 0x00, 0xff, 0xff, 0xff, 0xff, 0xff, 0xf2, 0x00, 0x00,
    0x00, 0x00, 0x00, 0x00, 0x00, 0x00, 0x00, 0x00, 0x00, 0x00, 0x00, 0x00, 0x00, 0x00, 0x00, 0x00, 0xff, 0xff, 0xff, 0xff, 0xff, 0xf2, 0x00, 0x00,
    0x00, 0x00, 0x00, 0x00, 0x00, 0x00, 0x00, 0x00, 0x00, 0x00, 0x00, 0x00, 0x00, 0x00, 0x00, 0x00, 0xff, 0xff, 0xff, 0xff, 0xff, 0xf2, 0x00, 0x00,
    0x00, 0x00, 0x00, 0x00, 0x00, 0x00, 0x00, 0x00, 0x00, 0x00, 0x00, 0x00, 0x00, 0x00, 0x00, 0x00, 0xff, 0xff, 0xff, 0xff, 0xff, 0xf2, 0x00, 0x00,
    0x00, 0x00, 0x00, 0x00, 0x00, 0x00, 0x00, 0x00, 0x00, 0x00, 0x00, 0x00, 0x00, 0x00, 0x00, 0x00, 0xff, 0xff, 0xff, 0xff, 0xff, 0xf2, 0x00, 0x00,
    0x00, 0x00, 0x00, 0x00, 0x00, 0x00, 0x00, 0x00, 0x00, 0x00, 0x00, 0x00, 0x00, 0x00, 0x00, 0x00, 0xff, 0xff, 0xff, 0xff, 0xff, 0xf2, 0x00, 0x00,
    0x00, 0x00, 0x00, 0x00, 0x00, 0x00, 0x00, 0x00, 0x00, 0x00, 0x00, 0x00, 0x00, 0x00, 0x00, 0x00, 0xff, 0xff, 0xff, 0xff, 0xff, 0xf2, 0x00, 0x00,
    0x00, 0x00, 0x00, 0x00, 0x00, 0x00, 0x00, 0x00, 0x00, 0x00, 0x00, 0x00, 0x00, 0x00, 0x00, 0x00, 0xff, 0xff, 0xff, 0xff, 0xff, 0xf2, 0x00, 0x00,
    0x00, 0x00, 0x00, 0x00, 0x00, 0x00, 0x00, 0x00, 0x00, 0x00, 0x00, 0x00, 0x00, 0x00, 0x00, 0x00, 0xff, 0xff, 0xff, 0xff, 0xff, 0xf2, 0x00, 0x00,
    0x00, 0x00, 0x00, 0x00, 0x00, 0x00, 0x00, 0x00, 0x00, 0x00, 0x00, 0x00, 0x00, 0x00, 0x00, 0x00, 0xff, 0xff, 0xff, 0xff, 0xff, 0xf2, 0x00, 0x00,
    0x00, 0x00, 0x00, 0x00, 0x00, 0x00, 0x00, 0x00, 0x00, 0x00, 0x00, 0x00, 0x00, 0x00, 0x00, 0x00, 0xff, 0xff, 0xff, 0xff, 0xff, 0xf2, 0x00, 0x00,
    0x00, 0x00, 0x00, 0x00, 0x00, 0x00, 0x00, 0x00, 0x00, 0x00, 0x00, 0x00, 0x00, 0x00, 0x00, 0x00, 0xff, 0xff, 0xff, 0xff, 0xff, 0xf2, 0x00, 0x00,
    0x00, 0x00, 0x00, 0x00, 0x00, 0x00, 0x00, 0x00, 0x00, 0x00, 0x00, 0x00, 0x00, 0x00, 0x00, 0x00, 0xff, 0xff, 0xff, 0xff, 0xff, 0xf2, 0x00, 0x00,
    0x00, 0x00, 0x00, 0x00, 0x00, 0x00, 0x00, 0x00, 0x00, 0x00, 0x00, 0x00, 0x00, 0x00, 0x00, 0x00, 0xff, 0xff, 0xff, 0xff, 0xff, 0xf2, 0x00, 0x00,
    0x00, 0x00, 0x00, 0x00, 0x00, 0x00, 0x00, 0x00, 0x00, 0x00, 0x00, 0x00, 0x00, 0x00, 0x00, 0x00, 0xff, 0xff, 0xff, 0xff, 0xff, 0xf2, 0x00, 0x00,
    0x00, 0x00, 0x00, 0x00, 0x00, 0x00, 0x00, 0x00, 0x00, 0x00, 0x00, 0x00, 0x00, 0x00, 0x00, 0x00, 0xff, 0xff, 0xff, 0xff, 0xff, 0xf2, 0x00, 0x00,
    0x00, 0x00, 0x00, 0x00, 0x00, 0x00, 0x00, 0x00, 0x00, 0x00, 0x00, 0x00, 0x00, 0x00, 0x00, 0x00, 0xff, 0xff, 0xff, 0xff, 0xff, 0xf2, 0x00, 0x00,
    0x00, 0x00, 0x00, 0x00, 0x00, 0x00, 0x00, 0x00, 0x00, 0x00, 0x00, 0x00, 0x00, 0x00, 0x00, 0x00, 0xdf, 0xff, 0xff, 0xff, 0xff, 0xf1, 0x00, 0x00,
    0x00, 0x00, 0x00, 0x00, 0x00, 0x00, 0x00, 0x00, 0x00, 0x00, 0x00, 0x00, 0x00, 0x00, 0x00, 0x00, 0x4d, 0xff, 0xff, 0xff, 0xfe, 0x60, 0x00, 0x00,
    0x00, 0x00, 0x00, 0x00, 0x00, 0x00, 0x00, 0x00, 0x00, 0x00, 0x00, 0x00, 0x00, 0x01, 0x58, 0xbd, 0xef, 0xfe, 0xec, 0xa7, 0x30, 0x00, 0x00, 0x00,
    0x00, 0x00, 0x00, 0x00, 0x00, 0x00, 0x00, 0x00, 0x00, 0x00, 0x00, 0x00, 0x16, 0xcf, 0xff, 0xff, 0xff, 0xff, 0xff, 0xff, 0xfe, 0x82, 0x00, 0x00,
    0x00, 0x00, 0x00, 0x00, 0x00, 0x00, 0x00, 0x00, 0x00, 0x00, 0x00, 0x07, 0xef, 0xff, 0xff, 0xff, 0xff, 0xff, 0xff, 0xff, 0xff, 0xff, 0x81, 0x00,
    0x00, 0x00, 0x00, 0x00, 0x00, 0x00, 0x00, 0x00, 0x00, 0x00, 0x02, 0xcf, 0xff, 0xff, 0xff, 0xff, 0xff, 0xff, 0xff, 0xff, 0xff, 0xff, 0xfd, 0x30,
    0x00, 0x00, 0x00, 0x00, 0x00, 0x00, 0x00, 0x00, 0x00, 0x00, 0x4e, 0xff, 0xff, 0xff, 0xff, 0xff, 0xff, 0xff, 0xff, 0xff, 0xff, 0xff, 0xff, 0xe4,
    0x00, 0x00, 0x00, 0x00, 0x00, 0x00, 0x00, 0x00, 0x00, 0x05, 0xff, 0xff, 0xff, 0xff, 0xff, 0xff, 0xff, 0xff, 0xff, 0xff, 0xff, 0xff, 0xff, 0xfe,
    0x30, 0x00, 0x00, 0x00, 0x00, 0x00, 0x00, 0x00, 0x00, 0x3f, 0xff, 0xff, 0xff, 0xff, 0xff, 0xff, 0xff, 0xff, 0xff, 0xff, 0xff, 0xff, 0xff, 0xff,
    0xe1, 0x00, 0x00, 0x00, 0x00, 0x00, 0x00, 0x00, 0x01, 0xdf, 0xff, 0xff, 0xff, 0xff, 0xff, 0xff, 0xff, 0xff, 0xff, 0xff, 0xff, 0xff, 0xff, 0xff,
    0xfa, 0x00, 0x00, 0x00, 0x00, 0x00, 0x00, 0x00, 0x09, 0xff, 0xff, 0xff, 0xff, 0xff, 0xff, 0xff, 0xff, 0xff, 0xff, 0xff, 0xff, 0xff, 0xff, 0xff,
    0xff, 0x40, 0x00, 0x00, 0x00, 0x00, 0x00, 0x00, 0x3f, 0xff, 0xff, 0xff, 0xff, 0xff, 0xfd, 0x73, 0x10, 0x13, 0x7d, 0xff, 0xff, 0xff, 0xff, 0xff,
    0xff, 0xb0, 0x00, 0x00, 0x00, 0x00, 0x00, 0x00, 0xaf, 0xff, 0xff, 0xff, 0xff, 0xff, 0x70, 0x00, 0x00, 0x00, 0x01, 0xaf, 0xff, 0xff, 0xff, 0xff,
    0xff, 0xf2, 0x00, 0x00, 0x00, 0x00, 0x00, 0x02, 0xff, 0xff, 0xff, 0xff, 0xff, 0xf6, 0x00, 0x00, 0x00, 0x00, 0x00, 0x0b, 0xff, 0xff, 0xff, 0xff,
    0xff, 0xf7, 0x00, 0x00, 0x00, 0x00, 0x00, 0x07, 0xff, 0xff, 0xff, 0xff, 0xff, 0xb0, 0x00, 0x00, 0x00, 0x00, 0x00, 0x01, 0xff, 0xff, 0xff, 0xff,
    0xff, 0xfb, 0x00, 0x00, 0x00, 0x00, 0x00, 0x0b, 0xff, 0xff, 0xff, 0xff, 0xff, 0x30, 0x00, 0x00, 0x00, 0x00, 0x00, 0x00, 0x9f, 0xff, 0xff, 0xff,
    0xff, 0xfe, 0x00, 0x00, 0x00, 0x00, 0x00, 0x1f, 0xff, 0xff, 0xff, 0xff, 0xfc, 0x00, 0x00, 0x00, 0x00, 0x00, 0x00, 0x00, 0x5f, 0xff, 0xff, 0xff,
    0xff, 0xff, 0x10, 0x00, 0x00, 0x00, 0x00, 0x3f, 0xff, 0xff, 0xff, 0xff, 0xf7, 0x00, 0x00, 0x00, 0x00, 0x00, 0x00, 0x00, 0x2f, 0xff, 0xff, 0xff,
    0xff, 0xff, 0x10, 0x00, 0x00, 0x00, 0x00, 0x6f, 0xff, 0xff, 0xff, 0xff, 0xf3, 0x00, 0x00, 0x00, 0x00, 0x00, 0x00, 0x00, 0x1f, 0xff, 0xff, 0xff,
    0xff, 0xff, 0x20, 0x00, 0x00, 0x00, 0x00, 0x8f, 0xff, 0xff, 0xff, 0xff, 0xf1, 0x00, 0x00, 0x00, 0x00, 0x00, 0x00, 0x00, 0x1f, 0xff, 0xff, 0xff,
    0xff, 0xff, 0x10, 0x00, 0x00, 0x00, 0x00, 0xaf, 0xff, 0xff, 0xff, 0xff, 0xd0, 0x00, 0x00, 0x00, 0x00, 0x00, 0x00, 0x00, 0x2f, 0xff, 0xff, 0xff,
    0xff, 0xff, 0x00, 0x00, 0x00, 0x00, 0x00, 0xaf, 0xff, 0xff, 0xff, 0xff, 0xb0, 0x00, 0x00, 0x00, 0x00, 0x00, 0x00, 0x00, 0x5f, 0xff, 0xff, 0xff,
    0xff, 0xfd, 0x00, 0x00, 0x00, 0x00, 0x00, 0x4f, 0xff, 0xff, 0xff, 0xff, 0x40, 0x00, 0x00, 0x00, 0x00, 0x00, 0x00, 0x00, 0xaf, 0xff, 0xff, 0xff,
    0xff, 0xfa, 0x00, 0x00, 0x00, 0x00, 0x00, 0x02, 0x44, 0x44, 0x44, 0x42, 0x00, 0x00, 0x00, 0x00, 0x00, 0x00, 0x00, 0x02, 0xff, 0xff, 0xff, 0xff,
    0xff, 0xf7, 0x00, 0x00, 0x00, 0x00, 0x00, 0x00, 0x00, 0x00, 0x00, 0x00, 0x00, 0x00, 0x00, 0x00, 0x00, 0x00, 0x00, 0x09, 0xff, 0xff, 0xff, 0xff,
    0xff, 0xf2, 0x00, 0x00, 0x00, 0x00, 0x00, 0x00, 0x00, 0x00, 0x00, 0x00, 0x00, 0x00, 0x00, 0x00, 0x00, 0x00, 0x00, 0x4f, 0xff, 0xff, 0xff, 0xff,
    0xff, 0xb0, 0x00, 0x00, 0x00, 0x00, 0x00, 0x00, 0x00, 0x00, 0x00, 0x00, 0x00, 0x00, 0x00, 0x00, 0x00, 0x00, 0x01, 0xef, 0xff, 0xff, 0xff, 0xff,
    0xff, 0x50, 0x00, 0x00, 0x00, 0x00, 0x00, 0x00, 0x00, 0x00, 0x00, 0x00, 0x00, 0x00, 0x00, 0x00, 0x00, 0x00, 0x0c, 0xff, 0xff, 0xff, 0xff, 0xff,
    0xfc, 0x00, 0x00, 0x00, 0x00, 0x00, 0x00, 0x00, 0x00, 0x00, 0x00, 0x00, 0x00, 0x00, 0x00, 0x00, 0x00, 0x00, 0x9f, 0xff, 0xff, 0xff, 0xff, 0xff,
    0xf3, 0x00, 0x00, 0x00, 0x00, 0x00, 0x00, 0x00, 0x00, 0x00, 0x00, 0x00, 0x00, 0x00, 0x00, 0x00, 0x00, 0x07, 0xff, 0xff, 0xff, 0xff, 0xff, 0xff,
    0x90, 0x00, 0x00, 0x00, 0x00, 0x00, 0x00, 0x00, 0x00, 0x00, 0x00, 0x00, 0x00, 0x00, 0x00, 0x00, 0x00, 0x6f, 0xff, 0xff, 0xff, 0xff, 0xff, 0xfc,
    0x10, 0x00, 0x00, 0x00, 0x00, 0x00, 0x00, 0x00, 0x00, 0x00, 0x00, 0x00, 0x00, 0x00, 0x00, 0x00, 0x05, 0xff, 0xff, 0xff, 0xff, 0xff, 0xff, 0xe2,
    0x00, 0x00, 0x00, 0x00, 0x00, 0x00, 0x00, 0x00, 0x00, 0x00, 0x00, 0x00, 0x00, 0x00, 0x00, 0x00, 0x4f, 0xff, 0xff, 0xff, 0xff, 0xff, 0xff, 0x50,
    0x00, 0x00, 0x00, 0x00, 0x00, 0x00, 0x00, 0x00, 0x00, 0x00, 0x00, 0x00, 0x00, 0x00, 0x00, 0x04, 0xff, 0xff, 0xff, 0xff, 0xff, 0xff, 0xf7, 0x00,
    0x00, 0x00, 0x00, 0x00, 0x00, 0x00, 0x00, 0x00, 0x00, 0x00, 0x00, 0x00, 0x00, 0x00, 0x00, 0x4e, 0xff, 0xff, 0xff, 0xff, 0xff, 0xff, 0x90, 0x00,
    0x00, 0x00, 0x00, 0x00, 0x00, 0x00, 0x00, 0x00, 0x00, 0x00, 0x00, 0x00, 0x00, 0x00, 0x04, 0xef, 0xff, 0xff, 0xff, 0xff, 0xff, 0xfa, 0x00, 0x00,
    0x00, 0x00, 0x00, 0x00, 0x00, 0x00, 0x00, 0x00, 0x00, 0x00, 0x00, 0x00, 0x00, 0x00, 0x3e, 0xff, 0xff, 0xff, 0xff, 0xff, 0xff, 0xb0, 0x00, 0x00,
    0x00, 0x00, 0x00, 0x00, 0x00, 0x00, 0x00, 0x00, 0x00, 0x00, 0x00, 0x00, 0x00, 0x03, 0xef, 0xff, 0xff, 0xff, 0xff, 0xff, 0xfc, 0x10, 0x00, 0x00,
    0x00, 0x00, 0x00, 0x00, 0x00, 0x00, 0x00, 0x00, 0x00, 0x00, 0x00, 0x00, 0x00, 0x3e, 0xff, 0xff, 0xff, 0xff, 0xff, 0xff, 0xc1, 0x00, 0x00, 0x00,
    0x00, 0x00, 0x00, 0x00, 0x00, 0x00, 0x00, 0x00, 0x00, 0x00, 0x00, 0x00, 0x03, 0xef, 0xff, 0xff, 0xff, 0xff, 0xff, 0xfc, 0x10, 0x00, 0x00, 0x00,
    0x00, 0x00, 0x00, 0x00, 0x00, 0x00, 0x00, 0x00, 0x00, 0x00, 0x00, 0x00, 0x2e, 0xff, 0xff, 0xff, 0xff, 0xff, 0xff, 0xc1, 0x00, 0x00, 0x00, 0x00,
    0x00, 0x00, 0x00, 0x00, 0x00, 0x00, 0x00, 0x00, 0x00, 0x00, 0x00, 0x02, 0xef, 0xff, 0xff, 0xff, 0xff, 0xff, 0xfc, 0x10, 0x00, 0x00, 0x00, 0x00,
    0x00, 0x00, 0x00, 0x00, 0x00, 0x00, 0x00, 0x00, 0x00, 0x00, 0x00, 0x2d, 0xff, 0xff, 0xff, 0xff, 0xff, 0xff, 0xc1, 0x00, 0x00, 0x00, 0x00, 0x00,
    0x00, 0x00, 0x00, 0x00, 0x00, 0x00, 0x00, 0x00, 0x00, 0x00, 0x02, 0xdf, 0xff, 0xff, 0xff, 0xff, 0xff, 0xfc, 0x10, 0x00, 0x00, 0x00, 0x00, 0x00,
    0x00, 0x00, 0x00, 0x00, 0x00, 0x00, 0x00, 0x00, 0x00, 0x00, 0x2d, 0xff, 0xff, 0xff, 0xff, 0xff, 0xff, 0xc1, 0x00, 0x00, 0x00, 0x00, 0x00, 0x00,
    0x00, 0x00, 0x00, 0x00, 0x00, 0x00, 0x00, 0x00, 0x00, 0x02, 0xdf, 0xff, 0xff, 0xff, 0xff, 0xff, 0xfc, 0x10, 0x00, 0x00, 0x00, 0x00, 0x00, 0x00,
    0x00, 0x00, 0x00, 0x00, 0x00, 0x00, 0x00, 0x00, 0x00, 0x1d, 0xff, 0xff, 0xff, 0xff, 0xff, 0xff, 0xc1, 0x00, 0x00, 0x00, 0x00, 0x00, 0x00, 0x00,
    0x00, 0x00, 0x00, 0x00, 0x00, 0x00, 0x00, 0x00, 0x01, 0xdf, 0xff, 0xff, 0xff, 0xff, 0xff, 0xfc, 0x10, 0x00, 0x00, 0x00, 0x00, 0x00, 0x00, 0x00,
    0x00, 0x00, 0x00, 0x00, 0x00, 0x00, 0x00, 0x00, 0x1c, 0xff, 0xff, 0xff, 0xff, 0xff, 0xff, 0xc1, 0x00, 0x00, 0x00, 0x00, 0x00, 0x00, 0x00, 0x00,
    0x00, 0x00, 0x00, 0x00, 0x00, 0x00, 0x00, 0x01, 0xcf, 0xff, 0xff, 0xff, 0xff, 0xff, 0xfc, 0x10, 0x00, 0x00, 0x00, 0x00, 0x00, 0x00, 0x00, 0x00,
    0x00, 0x00, 0x00, 0x00, 0x00, 0x00, 0x00, 0x1c, 0xff, 0xff, 0xff, 0xff, 0xff, 0xff, 0xff, 0xff, 0xff, 0xff, 0xff, 0xff, 0xff, 0xff, 0xff, 0xff,
    0xff, 0xd4, 0x00, 0x00, 0x00, 0x00, 0x01, 0xcf, 0xff, 0xff, 0xff, 0xff, 0xff, 0xff, 0xff, 0xff, 0xff, 0xff, 0xff, 0xff, 0xff, 0xff, 0xff, 0xff,
    0xff, 0xfd, 0x00, 0x00, 0x00, 0x00, 0x0a, 0xff, 0xff, 0xff, 0xff, 0xff, 0xff, 0xff, 0xff, 0xff, 0xff, 0xff, 0xff, 0xff, 0xff, 0xff, 0xff, 0xff,
    0xff, 0xff, 0x00, 0x00, 0x00, 0x00, 0x0f, 0xff, 0xff, 0xff, 0xff, 0xff, 0xff, 0xff, 0xff, 0xff, 0xff, 0xff, 0xff, 0xff, 0xff, 0xff, 0xff, 0xff,
    0xff, 0xff, 0x00, 0x00, 0x00, 0x00, 0x0f, 0xff, 0xff, 0xff, 0xff, 0xff, 0xff, 0xff, 0xff, 0xff, 0xff, 0xff, 0xff, 0xff, 0xff, 0xff, 0xff, 0xff,
    0xff, 0xff, 0x00, 0x00, 0x00, 0x00, 0x0f, 0xff, 0xff, 0xff, 0xff, 0xff, 0xff, 0xff, 0xff, 0xff, 0xff, 0xff, 0xff, 0xff, 0xff, 0xff, 0xff, 0xff,
    0xff, 0xff, 0x00, 0x00, 0x00, 0x00, 0x0f, 0xff, 0xff, 0xff, 0xff, 0xff, 0xff, 0xff, 0xff, 0xff, 0xff, 0xff, 0xff, 0xff, 0xff, 0xff, 0xff, 0xff,
    0xff, 0xff, 0x00, 0x00, 0x00, 0x00, 0x0d, 0xff, 0xff, 0xff, 0xff, 0xff, 0xff, 0xff, 0xff, 0xff, 0xff, 0xff, 0xff, 0xff, 0xff, 0xff, 0xff, 0xff,
    0xff, 0xfd, 0x00, 0x00, 0x00, 0x00, 0x04, 0xdf, 0xff, 0xff, 0xff, 0xff, 0xff, 0xff, 0xff, 0xff, 0xff, 0xff, 0xff, 0xff, 0xff, 0xff, 0xff, 0xff,
    0xff, 0xd4, 0x00, 0x00, 0x00, 0x00, 0x00, 0x00, 0x00, 0x00, 0x00, 0x00, 0x00, 0x15, 0x8b, 0xce, 0xff, 0xed, 0xca, 0x73, 0x00, 0x00, 0x00, 0x00,
    0x00, 0x00, 0x00, 0x00, 0x00, 0x00, 0x00, 0x00, 0x00, 0x00, 0x00, 0x01, 0x6c, 0xff, 0xff, 0xff, 0xff, 0xff, 0xff, 0xff, 0xea, 0x40, 0x00, 0x00,
    0x00, 0x00, 0x00, 0x00, 0x00, 0x00, 0x00, 0x00, 0x00, 0x00, 0x00, 0x7e, 0xff, 0xff, 0xff, 0xff, 0xff, 0xff, 0xff, 0xff, 0xff, 0xfb, 0x30, 0x00,
    0x00, 0x00, 0x00, 0x00, 0x00, 0x00, 0x00, 0x00, 0x00, 0x00, 0x3c, 0xff, 0xff, 0xff, 0xff, 0xff, 0xff, 0xff, 0xff, 0xff, 0xff, 0xff, 0xf7, 0x00,
    0x00, 0x00, 0x00, 0x00, 0x00, 0x00, 0x00, 0x00, 0x00, 0x05, 0xef, 0xff, 0xff, 0xff, 0xff, 0xff, 0xff, 0xff, 0xff, 0xff, 0xff, 0xff, 0xff, 0x90,
    0x00, 0x00, 0x00, 0x00, 0x00, 0x00, 0x00, 0x00, 0x00, 0x6f, 0xff, 0xff, 0xff, 0xff, 0xff, 0xff, 0xff, 0xff, 0xff, 0xff, 0xff, 0xff, 0xff, 0xf9,
    0x00, 0x00, 0x00, 0x00, 0x00, 0x00, 0x00, 0x00, 0x04, 0xff, 0xff, 0xff, 0xff, 0xff, 0xff, 0xff, 0xff, 0xff, 0xff, 0xff, 0xff, 0xff, 0xff, 0xff,
    0x60, 0x00, 0x00, 0x00, 0x00, 0x00, 0x00, 0x00, 0x2e, 0xff, 0xff, 0xff, 0xff, 0xff, 0xff, 0xff, 0xff, 0xff, 0xff, 0xff, 0xff, 0xff, 0xff, 0xff,
    0xe2, 0x00, 0x00, 0x00, 0x00, 0x00, 0x00, 0x00, 0xbf, 0xff, 0xff, 0xff, 0xff, 0xff, 0xff, 0xff, 0xff, 0xff, 0xff, 0xff, 0xff, 0xff, 0xff, 0xff,
    0xfa, 0x00, 0x00, 0x00, 0x00, 0x00, 0x00, 0x04, 0xff, 0xff, 0xff, 0xff, 0xff, 0xff, 0xe8, 0x41, 0x00, 0x26, 0xcf, 0xff, 0xff, 0xff, 0xff, 0xff,
    0xff, 0x20, 0x00, 0x00, 0x00, 0x00, 0x00, 0x0c, 0xff, 0xff, 0xff, 0xff, 0xff, 0xf9, 0x10, 0x00, 0x00, 0x00, 0x07, 0xff, 0xff, 0xff, 0xff, 0xff,
    0xff, 0x70, 0x00, 0x00, 0x00, 0x00, 0x00, 0x3f, 0xff, 0xff, 0xff, 0xff, 0xff, 0x70, 0x00, 0x00, 0x00, 0x00, 0x00, 0x6f, 0xff, 0xff, 0xff, 0xff,
    0xff, 0xb0, 0x00, 0x00, 0x00, 0x00, 0x00, 0x8f, 0xff, 0xff, 0xff, 0xff, 0xfa, 0x00, 0x00, 0x00, 0x00, 0x00, 0x00, 0x0c, 0xff, 0xff, 0xff, 0xff,
    0xff, 0xe0, 0x00, 0x00, 0x00, 0x00, 0x00, 0xdf, 0xff, 0xff, 0xff, 0xff, 0xf2, 0x00, 0x00, 0x00, 0x00, 0x00, 0x00, 0x05, 0xff, 0xff, 0xff, 0xff,
    0xff, 0xf1, 0x00, 0x00, 0x00, 0x00, 0x01, 0xff, 0xff, 0xff, 0xff, 0xff, 0xa0, 0x00, 0x00, 0x00, 0x00, 0x00, 0x00, 0x02, 0xff, 0xff, 0xff, 0xff,
    0xff, 0xf2, 0x00, 0x00, 0x00, 0x00, 0x04, 0xff, 0xff, 0xff, 0xff, 0xff, 0x60, 0x00, 0x00, 0x00, 0x00, 0x00, 0x00, 0x00, 0xff, 0xff, 0xff, 0xff,
    0xff, 0xf2, 0x00, 0x00, 0x00, 0x00, 0x06, 0xff, 0xff, 0xff, 0xff, 0xff, 0x30, 0x00, 0x00, 0x00, 0x00, 0x00, 0x00, 0x01, 0xff, 0xff, 0xff, 0xff,
    0xff, 0xf1, 0x00, 0x00, 0x00, 0x00, 0x08, 0xff, 0xff, 0xff, 0xff, 0xff, 0x10, 0x00, 0x00, 0x00, 0x00, 0x00, 0x00, 0x02, 0xff, 0xff, 0xff, 0xff,
    0xff, 0xe0, 0x00, 0x00, 0x00, 0x00, 0x06, 0xff, 0xff, 0xff, 0xff, 0xfd, 0x00, 0x00, 0x00, 0x00, 0x00, 0x00, 0x00, 0x06, 0xff, 0xff, 0xff, 0xff,
    0xff, 0xb0, 0x00, 0x00, 0x00, 0x00, 0x01, 0xae, 0xee, 0xee, 0xee, 0xc4, 0x00, 0x00, 0x00, 0x00, 0x00, 0x00, 0x00, 0x0c, 0xff, 0xff, 0xff, 0xff,
    0xff, 0x70, 0x00, 0x00, 0x00, 0x00, 0x00, 0x00, 0x00, 0x00, 0x00, 0x00, 0x00, 0x00, 0x00, 0x00, 0x00, 0x00, 0x00, 0x5f, 0xff, 0xff, 0xff, 0xff,
    0xff, 0x20, 0x00, 0x00, 0x00, 0x00, 0x00, 0x00, 0x00, 0x00, 0x00, 0x00, 0x00, 0x00, 0x00, 0x00, 0x00, 0x00, 0x04, 0xef, 0xff, 0xff, 0xff, 0xff,
    0xfb, 0x00, 0x00, 0x00, 0x00, 0x00, 0x00, 0x00, 0x00, 0x00, 0x00, 0x00, 0x00, 0x00, 0x00, 0x00, 0x00, 0x00, 0x7f, 0xff, 0xff, 0xff, 0xff, 0xff,
    0xf3, 0x00, 0x00, 0x00, 0x00, 0x00, 0x00, 0x00, 0x00, 0x00, 0x00, 0x00, 0x00, 0x00, 0x00, 0x00, 0x14, 0x8e, 0xff, 0xff, 0xff, 0xff, 0xff, 0xff,
    0x80, 0x00, 0x00, 0x00, 0x00, 0x00, 0x00, 0x00, 0x00, 0x00, 0x00, 0x00, 0x00, 0x00, 0xae, 0xff, 0xff, 0xff, 0xff, 0xff, 0xff, 0xff, 0xff, 0xfb,
    0x00, 0x00, 0x00, 0x00, 0x00, 0x00, 0x00, 0x00, 0x00, 0x00, 0x00, 0x00, 0x00, 0x06, 0xff, 0xff, 0xff, 0xff, 0xff, 0xff, 0xff, 0xff, 0xff, 0xc1,
    0x00, 0x00, 0x00, 0x00, 0x00, 0x00, 0x00, 0x00, 0x00, 0x00, 0x00, 0x00, 0x00, 0x07, 0xff, 0xff, 0xff, 0xff, 0xff, 0xff, 0xff, 0xff, 0xfa, 0x10,
    0x00, 0x00, 0x00, 0x00, 0x00, 0x00, 0x00, 0x00, 0x00, 0x00, 0x00, 0x00, 0x00, 0x08, 0xff, 0xff, 0xff, 0xff, 0xff, 0xff, 0xff, 0xff, 0xf5, 0x00,
    0x00, 0x00, 0x00, 0x00, 0x00, 0x00, 0x00, 0x00, 0x00, 0x00, 0x00, 0x00, 0x00, 0x08, 0xff, 0xff, 0xff, 0xff, 0xff, 0xff, 0xff, 0xff, 0xff, 0x80,
    0x00, 0x00, 0x00, 0x00, 0x00, 0x00, 0x00, 0x00, 0x00, 0x00, 0x00, 0x00, 0x00, 0x08, 0xff, 0xff, 0xff, 0xff, 0xff, 0xff, 0xff, 0xff, 0xff, 0xfb,
    0x00, 0x00, 0x00, 0x00, 0x00, 0x00, 0x00, 0x00, 0x00, 0x00, 0x00, 0x00, 0x00, 0x08, 0xff, 0xff, 0xff, 0xff, 0xff, 0xff, 0xff, 0xff, 0xff, 0xff,
    0xa0, 0x00, 0x00, 0x00, 0x00, 0x00, 0x00, 0x00, 0x00, 0x00, 0x00, 0x00, 0x00, 0x06, 0xff, 0xff, 0xff, 0xff, 0xff, 0xff, 0xff, 0xff, 0xff, 0xff,
    0xf6, 0x00, 0x00, 0x00, 0x00, 0x00, 0x00, 0x00, 0x00, 0x00, 0x00, 0x00, 0x00, 0x00, 0xaf, 0xff, 0xff, 0xff, 0xff, 0xff, 0xff, 0xff, 0xff, 0xff,
    0xfe, 0x20, 0x00, 0x00, 0x00, 0x00, 0x00, 0x00, 0x00, 0x00, 0x00, 0x00, 0x00, 0x00, 0x00, 0x01, 0x13, 0x58, 0xdf, 0xff, 0xff, 0xff, 0xff, 0xff,
    0xff, 0x90, 0x00, 0x00, 0x00, 0x00, 0x00, 0x00, 0x00, 0x00, 0x00, 0x00, 0x00, 0x00, 0x00, 0x00, 0x00, 0x00, 0x05, 0xdf, 0xff, 0xff, 0xff, 0xff,
    0xff, 0xe1, 0x00, 0x00, 0x00, 0x00, 0x00, 0x00, 0x00, 0x00, 0x00, 0x00, 0x00, 0x00, 0x00, 0x00, 0x00, 0x00, 0x00, 0x1c, 0xff, 0xff, 0xff, 0xff,
    0xff, 0xf6, 0x00, 0x00, 0x00, 0x00, 0x00, 0x00, 0x00, 0x00, 0x00, 0x00, 0x00, 0x00, 0x00, 0x00, 0x00, 0x00, 0x00, 0x01, 0xef, 0xff, 0xff, 0xff,
    0xff, 0xfa, 0x00, 0x00, 0x00, 0x00, 0x48, 0x88, 0x88, 0x88, 0x60, 0x00, 0x00, 0x00, 0x00, 0x00, 0x00, 0x00, 0x00, 0x00, 0x8f, 0xff, 0xff, 0xff,
    0xff, 0xfd, 0x00, 0x00, 0x00, 0x04, 0xff, 0xff, 0xff, 0xff, 0xf8, 0x00, 0x00, 0x00, 0x00, 0x00, 0x00, 0x00, 0x00, 0x00, 0x4f, 0xff, 0xff, 0xff,
    0xff, 0xff, 0x00, 0x00, 0x00, 0x08, 0xff, 0xff, 0xff, 0xff, 0xfe, 0x00, 0x00, 0x00, 0x00, 0x00, 0x00, 0x00, 0x00, 0x00, 0x2f, 0xff, 0xff, 0xff,
    0xff, 0xff, 0x10, 0x00, 0x00, 0x08, 0xff, 0xff, 0xff, 0xff, 0xff, 0x10, 0x00, 0x00, 0x00, 0x00, 0x00, 0x00, 0x00, 0x00, 0x0f, 0xff, 0xff, 0xff,
    0xff, 0xff, 0x20, 0x00, 0x00, 0x06, 0xff, 0xff, 0xff, 0xff, 0xff, 0x30, 0x00, 0x00, 0x00, 0x00, 0x00, 0x00, 0x00, 0x00, 0x1f, 0xff, 0xff, 0xff,
    0xff, 0xff, 0x10, 0x00, 0x00, 0x04, 0xff, 0xff, 0xff, 0xff, 0xff, 0x70, 0x00, 0x00, 0x00, 0x00, 0x00, 0x00, 0x00, 0x00, 0x2f, 0xff, 0xff, 0xff,
    0xff, 0xff, 0x00, 0x00, 0x00, 0x01, 0xff, 0xff, 0xff, 0xff, 0xff, 0xc0, 0x00, 0x00, 0x00, 0x00, 0x00, 0x00, 0x00, 0x00, 0x6f, 0xff, 0xff, 0xff,
    0xff, 0xfd, 0x00, 0x00, 0x00, 0x00, 0xcf, 0xff, 0xff, 0xff, 0xff, 0xf4, 0x00, 0x00, 0x00, 0x00, 0x00, 0x00, 0x00, 0x00, 0xbf, 0xff, 0xff, 0xff,
    0xff, 0xfa, 0x00, 0x00, 0x00, 0x00, 0x8f, 0xff, 0xff, 0xff, 0xff, 0xfc, 0x10, 0x00, 0x00, 0x00, 0x00, 0x00, 0x00, 0x04, 0xff, 0xff, 0xff, 0xff,
    0xff, 0xf6, 0x00, 0x00, 0x00, 0x00, 0x3f, 0xff, 0xff, 0xff, 0xff, 0xff, 0xb1, 0x00, 0x00, 0x00, 0x00, 0x00, 0x00, 0x3e, 0xff, 0xff, 0xff, 0xff,
    0xff, 0xf1, 0x00, 0x00, 0x00, 0x00, 0x0c, 0xff, 0xff, 0xff, 0xff, 0xff, 0xfd, 0x40, 0x00, 0x00, 0x00, 0x00, 0x06, 0xef, 0xff, 0xff, 0xff, 0xff,
    0xff, 0x90, 0x00, 0x00, 0x00, 0x00, 0x06, 0xff, 0xff, 0xff, 0xff, 0xff, 0xff, 0xfc, 0x73, 0x10, 0x01, 0x37, 0xdf, 0xff, 0xff, 0xff, 0xff, 0xff,
    0xff, 0x20, 0x00, 0x00, 0x00, 0x00, 0x00, 0xdf, 0xff, 0xff, 0xff, 0xff, 0xff, 0xff, 0xff, 0xff, 0xff, 0xff, 0xff, 0xff, 0xff, 0xff, 0xff, 0xff,
    0xf7, 0x00, 0x00, 0x00, 0x00, 0x00, 0x00, 0x4f, 0xff, 0xff, 0xff, 0xff, 0xff, 0xff, 0xff, 0xff, 0xff, 0xff, 0xff, 0xff, 0xff, 0xff, 0xff, 0xff,
    0xb0, 0x00, 0x00, 0x00, 0x00, 0x00, 0x00, 0x08, 0xff, 0xff, 0xff, 0xff, 0xff, 0xff, 0xff, 0xff, 0xff, 0xff, 0xff, 0xff, 0xff, 0xff, 0xff, 0xfc,
    0x10, 0x00, 0x00, 0x00, 0x00, 0x00, 0x00, 0x00, 0xaf, 0xff, 0xff, 0xff, 0xff, 0xff, 0xff, 0xff, 0xff, 0xff, 0xff, 0xff, 0xff, 0xff, 0xff, 0xc1,
    0x00, 0x00, 0x00, 0x00, 0x00, 0x00, 0x00, 0x00, 0x0a, 0xff, 0xff, 0xff, 0xff, 0xff, 0xff, 0xff, 0xff, 0xff, 0xff, 0xff, 0xff, 0xff, 0xf9, 0x00,
    0x00, 0x00, 0x00, 0x00, 0x00, 0x00, 0x00, 0x00, 0x00, 0x6e, 0xff, 0xff, 0xff, 0xff, 0xff, 0xff, 0xff, 0xff, 0xff, 0xff, 0xff, 0xfd, 0x40, 0x00,
    0x00, 0x00, 0x00, 0x00, 0x00, 0x00, 0x00, 0x00, 0x00, 0x02, 0xaf, 0xff, 0xff, 0xff, 0xff, 0xff, 0xff, 0xff, 0xff, 0xff, 0xfe, 0x70, 0x00, 0x00,
    0x00, 0x00, 0x00, 0x00, 0x00, 0x00, 0x00, 0x00, 0x00, 0x00, 0x02, 0x8e, 0xff, 0xff, 0xff, 0xff, 0xff, 0xff, 0xff, 0xfb, 0x50, 0x00, 0x00, 0x00,
    0x00, 0x00, 0x00, 0x00, 0x00, 0x00, 0x00, 0x00, 0x00, 0x00, 0x00, 0x00, 0x36, 0x9b, 0xde, 0xff, 0xee, 0xca, 0x85, 0x10, 0x00, 0x00, 0x00, 0x00,
    0x00, 0x00, 0x00, 0x00, 0x00, 0x00, 0x00, 0x00, 0x00, 0x00, 0x00, 0x00, 0x00, 0x00, 0x00, 0x00, 0x00, 0x00, 0x06, 0xef, 0xff, 0xff, 0xff, 0xd4,
    0x00, 0x00, 0x00, 0x00, 0x00, 0x00, 0x00, 0x00, 0x00, 0x00, 0x00, 0x00, 0x00, 0x00, 0x00, 0x00, 0x00, 0x00, 0x4f, 0xff, 0xff, 0xff, 0xff, 0xfd,
    0x00, 0x00, 0x00, 0x00, 0x00, 0x00, 0x00, 0x00, 0x00, 0x00, 0x00, 0x00, 0x00, 0x00, 0x00, 0x00, 0x00, 0x01, 0xdf, 0xff, 0xff, 0xff, 0xff, 0xff,
    0x00, 0x00, 0x00, 0x00, 0x00, 0x00, 0x00, 0x00, 0x00, 0x00, 0x00, 0x00, 0x00, 0x00, 0x00, 0x00, 0x00, 0x0a, 0xff, 0xff, 0xff, 0xff, 0xff, 0xff,
    0x00, 0x00, 0x00, 0x00, 0x00, 0x00, 0x00, 0x00, 0x00, 0x00, 0x00, 0x00, 0x00, 0x00, 0x00, 0x00, 0x00, 0x6f, 0xff, 0xff, 0xff, 0xff, 0xff, 0xff,
    0x00, 0x00, 0x00, 0x00, 0x00, 0x00, 0x00, 0x00, 0x00, 0x00, 0x00, 0x00, 0x00, 0x00, 0x00, 0x00, 0x02, 0xef, 0xff, 0xff, 0xff, 0xff, 0xff, 0xff,
    0x00, 0x00, 0x00, 0x00, 0x00, 0x00, 0x00, 0x00, 0x00, 0x00, 0x00, 0x00, 0x00, 0x00, 0x00, 0x00, 0x0c, 0xff, 0xff, 0xff, 0xff, 0xff, 0xff, 0xff,
    0x00, 0x00, 0x00, 0x00, 0x00, 0x00, 0x00, 0x00, 0x00, 0x00, 0x00, 0x00, 0x00, 0x00, 0x00, 0x00, 0x9f, 0xff, 0xff, 0xff, 0xff, 0xff, 0xff, 0xff,
    0x00, 0x00, 0x00, 0x00, 0x00, 0x00, 0x00, 0x00, 0x00, 0x00, 0x00, 0x00, 0x00, 0x00, 0x00, 0x04, 0xff, 0xff, 0xff, 0xff, 0xff, 0xff, 0xff, 0xff,
    0x00, 0x00, 0x00, 0x00, 0x00, 0x00, 0x00, 0x00, 0x00, 0x00, 0x00, 0x00, 0x00, 0x00, 0x00, 0x1e, 0xff, 0xff, 0xff, 0xff, 0xff, 0xff, 0xff, 0xff,
    0x00, 0x00, 0x00, 0x00, 0x00, 0x00, 0x00, 0x00, 0x00, 0x00, 0x00, 0x00, 0x00, 0x00, 0x00, 0xbf, 0xff, 0xff, 0xff, 0xff, 0xff, 0xff, 0xff, 0xff,
    0x00, 0x00, 0x00, 0x00, 0x00, 0x00, 0x00, 0x00, 0x00, 0x00, 0x00, 0x00, 0x00, 0x00, 0x07, 0xff, 0xff, 0xff, 0xff, 0xff, 0xff, 0xff, 0xff, 0xff,
    0x00, 0x00, 0x00, 0x00, 0x00, 0x00, 0x00, 0x00, 0x00, 0x00, 0x00, 0x00, 0x00, 0x00, 0x3f, 0xff, 0xff, 0xff, 0xff, 0xff, 0xff, 0xff, 0xff, 0xff,
    0x00, 0x00, 0x00, 0x00, 0x00, 0x00, 0x00, 0x00, 0x00, 0x00, 0x00, 0x00, 0x00, 0x01, 0xdf, 0xff, 0xff, 0xff, 0xff, 0xff, 0xff, 0xff, 0xff, 0xff,
    0x00, 0x00, 0x00, 0x00, 0x00, 0x00, 0x00, 0x00, 0x00, 0x00, 0x00, 0x00, 0x00, 0x09, 0xff, 0xff, 0xff, 0xff, 0xff, 0xff, 0xff, 0xff, 0xff, 0xff,
    0x00, 0x00, 0x00, 0x00, 0x00, 0x00, 0x00, 0x00, 0x00, 0x00, 0x00, 0x00, 0x00, 0x5f, 0xff, 0xff, 0xff, 0xff, 0xff, 0xff, 0xff, 0xff, 0xff, 0xff,
    0x00, 0x00, 0x00, 0x00, 0x00, 0x00, 0x00, 0x00, 0x00, 0x00, 0x00, 0x00, 0x02, 0xef, 0xff, 0xff, 0xff, 0xff, 0xff, 0xff, 0xff, 0xff, 0xff, 0xff,
    0x00, 0x00, 0x00, 0x00, 0x00, 0x00, 0x00, 0x00, 0x00, 0x00, 0x00, 0x00, 0x0b, 0xff, 0xff, 0xff, 0xff, 0xff, 0xff, 0xff, 0xff, 0xff, 0xff, 0xff,
    0x00, 0x00, 0x00, 0x00, 0x00, 0x00, 0x00, 0x00, 0x00, 0x00, 0x00, 0x00, 0x7f, 0xff, 0xff, 0xff, 0xff, 0xff, 0x6f, 0xff, 0xff, 0xff, 0xff, 0xff,
    0x00, 0x00, 0x00, 0x00, 0x00, 0x00, 0x00, 0x00, 0x00, 0x00, 0x00, 0x03, 0xff, 0xff, 0xff, 0xff, 0xff, 0xf8, 0x2f, 0xff, 0xff, 0xff, 0xff, 0xff,
    0x00, 0x00, 0x00, 0x00, 0x00, 0x00, 0x00, 0x00, 0x00, 0x00, 0x00, 0x1d, 0xff, 0xff, 0xff, 0xff, 0xff, 0xc0, 0x2f, 0xff, 0xff, 0xff, 0xff, 0xff,
    0x00, 0x00, 0x00, 0x00, 0x00, 0x00, 0x00, 0x00, 0x00, 0x00, 0x00, 0xaf, 0xff, 0xff, 0xff, 0xff, 0xfe, 0x20, 0x2f, 0xff, 0xff, 0xff, 0xff, 0xff,
    0x00, 0x00, 0x00, 0x00, 0x00, 0x00, 0x00, 0x00, 0x00, 0x00, 0x06, 0xff, 0xff, 0xff, 0xff, 0xff, 0xf6, 0x00, 0x2f, 0xff, 0xff, 0xff, 0xff, 0xff,
    0x00, 0x00, 0x00, 0x00, 0x00, 0x00, 0x00, 0x00, 0x00, 0x00, 0x2e, 0xff, 0xff, 0xff, 0xff, 0xff, 0xa0, 0x00, 0x2f, 0xff, 0xff, 0xff, 0xff, 0xff,
    0x00, 0x00, 0x00, 0x00, 0x00, 0x00, 0x00, 0x00, 0x00, 0x00, 0xcf, 0xff, 0xff, 0xff, 0xff, 0xfd, 0x10, 0x00, 0x2f, 0xff, 0xff, 0xff, 0xff, 0xff,
    0x00, 0x00, 0x00, 0x00, 0x00, 0x00, 0x00, 0x00, 0x00, 0x08, 0xff, 0xff, 0xff, 0xff, 0xff, 0xf4, 0x00, 0x00, 0x2f, 0xff, 0xff, 0xff, 0xff, 0xff,
    0x00, 0x00, 0x00, 0x00, 0x00, 0x00, 0x00, 0x00, 0x00, 0x4f, 0xff, 0xff, 0xff, 0xff, 0xff, 0x80, 0x00, 0x00, 0x2f, 0xff, 0xff, 0xff, 0xff, 0xff,
    0x00, 0x00, 0x00, 0x00, 0x00, 0x00, 0x00, 0x00, 0x01, 0xdf, 0xff, 0xff, 0xff, 0xff, 0xfc, 0x00, 0x00, 0x00, 0x2f, 0xff, 0xff, 0xff, 0xff, 0xff,
    0x00, 0x00, 0x00, 0x00, 0x00, 0x00, 0x00, 0x00, 0x0a, 0xff, 0xff, 0xff, 0xff, 0xff, 0xe2, 0x00, 0x00, 0x00, 0x2f, 0xff, 0xff, 0xff, 0xff, 0xff,
    0x00, 0x00, 0x00, 0x00, 0x00, 0x00, 0x00, 0x00, 0x6f, 0xff, 0xff, 0xff, 0xff, 0xff, 0x60, 0x00, 0x00, 0x00, 0x2f, 0xff, 0xff, 0xff, 0xff, 0xff,
    0x00, 0x00, 0x00, 0x00, 0x00, 0x00, 0x00, 0x02, 0xef, 0xff, 0xff, 0xff, 0xff, 0xfa, 0x00, 0x00, 0x00, 0x00, 0x2f, 0xff, 0xff, 0xff, 0xff, 0xff,
    0x00, 0x00, 0x00, 0x00, 0x00, 0x00, 0x00, 0x0c, 0xff, 0xff, 0xff, 0xff, 0xff, 0xd1, 0x00, 0x00, 0x00, 0x00, 0x2f, 0xff, 0xff, 0xff, 0xff, 0xff,
    0x00, 0x00, 0x00, 0x00, 0x00, 0x00, 0x00, 0x9f, 0xff, 0xff, 0xff, 0xff, 0xff, 0x30, 0x00, 0x00, 0x00, 0x00, 0x2f, 0xff, 0xff, 0xff, 0xff, 0xff,
    0x00, 0x00, 0x00, 0x00, 0x00, 0x00, 0x04, 0xff, 0xff, 0xff, 0xff, 0xff, 0xf7, 0x00, 0x00, 0x00, 0x00, 0x00, 0x2f, 0xff, 0xff, 0xff, 0xff, 0xff,
    0x00, 0x00, 0x00, 0x00, 0x00, 0x00, 0x1e, 0xff, 0xff, 0xff, 0xff, 0xff, 0xff, 0xff, 0xff, 0xff, 0xff, 0xff, 0xff, 0xff, 0xff, 0xff, 0xff, 0xff,
    0xff, 0xff, 0xd4, 0x00, 0x00, 0x00, 0xbf, 0xff, 0xff, 0xff, 0xff, 0xff, 0xff, 0xff, 0xff, 0xff, 0xff, 0xff, 0xff, 0xff, 0xff, 0xff, 0xff, 0xff,
    0xff, 0xff, 0xfd, 0x00, 0x00, 0x06, 0xff, 0xff, 0xff, 0xff, 0xff, 0xff, 0xff, 0xff, 0xff, 0xff, 0xff, 0xff, 0xff, 0xff, 0xff, 0xff, 0xff, 0xff,
    0xff, 0xff, 0xff, 0x00, 0x00, 0x0d, 0xff, 0xff, 0xff, 0xff, 0xff, 0xff, 0xff, 0xff, 0xff, 0xff, 0xff, 0xff, 0xff, 0xff, 0xff, 0xff, 0xff, 0xff,
    0xff, 0xff, 0xff, 0x00, 0x00, 0x0f, 0xff, 0xff, 0xff, 0xff, 0xff, 0xff, 0xff, 0xff, 0xff, 0xff, 0xff, 0xff, 0xff, 0xff, 0xff, 0xff, 0xff, 0xff,
    0xff, 0xff, 0xff, 0x00, 0x00, 0x0f, 0xff, 0xff, 0xff, 0xff, 0xff, 0xff, 0xff, 0xff, 0xff, 0xff, 0xff, 0xff, 0xff, 0xff, 0xff, 0xff, 0xff, 0xff,
    0xff, 0xff, 0xff, 0x00, 0x00, 0x0f, 0xff, 0xff, 0xff, 0xff, 0xff, 0xff, 0xff, 0xff, 0xff, 0xff, 0xff, 0xff, 0xff, 0xff, 0xff, 0xff, 0xff, 0xff,
    0xff, 0xff, 0xff, 0x00, 0x00, 0x0d, 0xff, 0xff, 0xff, 0xff, 0xff, 0xff, 0xff, 0xff, 0xff, 0xff, 0xff, 0xff, 0xff, 0xff, 0xff, 0xff, 0xff, 0xff,
    0xff, 0xff, 0xfd, 0x00, 0x00, 0x04, 0xdf, 0xff, 0xff, 0xff, 0xff, 0xff, 0xff, 0xff, 0xff, 0xff, 0xff, 0xff, 0xff, 0xff, 0xff, 0xff, 0xff, 0xff,
    0xff, 0xff, 0xd4, 0x00, 0x00, 0x00, 0x00, 0x00, 0x00, 0x00, 0x00, 0x00, 0x00, 0x00, 0x00, 0x00, 0x00, 0x00, 0x2f, 0xff, 0xff, 0xff, 0xff, 0xff,
    0x00, 0x00, 0x00, 0x00, 0x00, 0x00, 0x00, 0x00, 0x00, 0x00, 0x00, 0x00, 0x00, 0x00, 0x00, 0x00, 0x00, 0x00, 0x2f, 0xff, 0xff, 0xff, 0xff, 0xff,
    0x00, 0x00, 0x00, 0x00, 0x00, 0x00, 0x00, 0x00, 0x00, 0x00, 0x00, 0x00, 0x00, 0x00, 0x00, 0x00, 0x00, 0x00, 0x2f, 0xff, 0xff, 0xff, 0xff, 0xff,
    0x00, 0x00, 0x00, 0x00, 0x00, 0x00, 0x00, 0x00, 0x00, 0x00, 0x00, 0x00, 0x00, 0x00, 0x00, 0x00, 0x00, 0x00, 0x2f, 0xff, 0xff, 0xff, 0xff, 0xff,
    0x00, 0x00, 0x00, 0x00, 0x00, 0x00, 0x00, 0x00, 0x00, 0x00, 0x00, 0x00, 0x00, 0x00, 0x00, 0x00, 0x00, 0x00, 0x2f, 0xff, 0xff, 0xff, 0xff, 0xff,
    0x00, 0x00, 0x00, 0x00, 0x00, 0x00, 0x00, 0x00, 0x00, 0x00, 0x00, 0x00, 0x00, 0x00, 0x00, 0x00, 0x00, 0x00, 0x2f, 0xff, 0xff, 0xff, 0xff, 0xff,
    0x00, 0x00, 0x00, 0x00, 0x00, 0x00, 0x00, 0x00, 0x00, 0x00, 0x00, 0x00, 0x00, 0x00, 0x00, 0x00, 0x00, 0x00, 0x2f, 0xff, 0xff, 0xff, 0xff, 0xff,
    0x00, 0x00, 0x00, 0x00, 0x00, 0x00, 0x00, 0x00, 0x00, 0x00, 0x00, 0x00, 0x00, 0x00, 0x00, 0x00, 0x00, 0x00, 0x2f, 0xff, 0xff, 0xff, 0xff, 0xff,
    0x00, 0x00, 0x00, 0x00, 0x00, 0x00, 0x00, 0x00, 0x00, 0x00, 0x00, 0x00, 0x00, 0x00, 0x00, 0x00, 0x00, 0x00, 0x2f, 0xff, 0xff, 0xff, 0xff, 0xff,
    0x00, 0x00, 0x00, 0x00, 0x00, 0x00, 0x00, 0x00, 0x00, 0x00, 0x00, 0x00, 0x00, 0x00, 0x00, 0x00, 0x00, 0x00, 0x2f, 0xff, 0xff, 0xff, 0xff, 0xff,
    0x00, 0x00, 0x00, 0x00, 0x00, 0x00, 0x00, 0x00, 0x00, 0x00, 0x00, 0x00, 0x00, 0x00, 0x00, 0x00, 0x00, 0x00, 0x2f, 0xff, 0xff, 0xff, 0xff, 0xff,
    0x00, 0x00, 0x00, 0x00, 0x00, 0x00, 0x00, 0x00, 0x00, 0x00, 0x00, 0x00, 0x00, 0x00, 0x00, 0x00, 0x00, 0x00, 0x1f, 0xff, 0xff, 0xff, 0xff, 0xfd,
    0x00, 0x00, 0x00, 0x00, 0x00, 0x00, 0x00, 0x00, 0x00, 0x00, 0x00, 0x00, 0x00, 0x00, 0x00, 0x00, 0x00, 0x00, 0x06, 0xef, 0xff, 0xff, 0xff, 0xd4,
    0x00, 0x00, 0x00, 0x00, 0x00, 0x00, 0x00, 0x00, 0x01, 0xbe, 0xff, 0xff, 0xff, 0xff, 0xff, 0xff, 0xff, 0xff, 0xff, 0xff, 0xff, 0xff, 0xff, 0xff,
    0xfd, 0x40, 0x00, 0x00, 0x00, 0x00, 0x00, 0x00, 0x08, 0xff, 0xff, 0xff, 0xff, 0xff, 0xff, 0xff, 0xff, 0xff, 0xff, 0xff, 0xff, 0xff, 0xff, 0xff,
    0xff, 0xd0, 0x00, 0x00, 0x00, 0x00, 0x00, 0x00, 0x0c, 0xff, 0xff, 0xff, 0xff, 0xff, 0xff, 0xff, 0xff, 0xff, 0xff, 0xff, 0xff, 0xff, 0xff, 0xff,
    0xff, 0xf0, 0x00, 0x00, 0x00, 0x00, 0x00, 0x00, 0x0d, 0xff, 0xff, 0xff, 0xff, 0xff, 0xff, 0xff, 0xff, 0xff, 0xff, 0xff, 0xff, 0xff, 0xff, 0xff,
    0xff, 0xf0, 0x00, 0x00, 0x00, 0x00, 0x00, 0x00, 0x0f, 0xff, 0xff, 0xff, 0xff, 0xff, 0xff, 0xff, 0xff, 0xff, 0xff, 0xff, 0xff, 0xff, 0xff, 0xff,
    0xff, 0xf0, 0x00, 0x00, 0x00, 0x00, 0x00, 0x00, 0x2f, 0xff, 0xff, 0xff, 0xff, 0xff, 0xff, 0xff, 0xff, 0xff, 0xff, 0xff, 0xff, 0xff, 0xff, 0xff,
    0xff, 0xf0, 0x00, 0x00, 0x00, 0x00, 0x00, 0x00, 0x4f, 0xff, 0xff, 0xff, 0xff, 0xff, 0xff, 0xff, 0xff, 0xff, 0xff, 0xff, 0xff, 0xff, 0xff, 0xff,
    0xff, 0xf0, 0x00, 0x00, 0x00, 0x00, 0x00, 0x00, 0x6f, 0xff, 0xff, 0xff, 0xff, 0xff, 0xff, 0xff, 0xff, 0xff, 0xff, 0xff, 0xff, 0xff, 0xff, 0xff,
    0xff, 0xd0, 0x00, 0x00, 0x00, 0x00, 0x00, 0x00, 0x7f, 0xff, 0xff, 0xff, 0xff, 0xff, 0xff, 0xff, 0xff, 0xff, 0xff, 0xff, 0xff, 0xff, 0xff, 0xff,
    0xfd, 0x40, 0x00, 0x00, 0x00, 0x00, 0x00, 0x00, 0x9f, 0xff, 0xff, 0xff, 0xff, 0x50, 0x00, 0x00, 0x00, 0x00, 0x00, 0x00, 0x00, 0x00, 0x00, 0x00,
    0x00, 0x00, 0x00, 0x00, 0x00, 0x00, 0x00, 0x00, 0xbf, 0xff, 0xff, 0xff, 0xff, 0x30, 0x00, 0x00, 0x00, 0x00, 0x00, 0x00, 0x00, 0x00, 0x00, 0x00,
    0x00, 0x00, 0x00, 0x00, 0x00, 0x00, 0x00, 0x00, 0xdf, 0xff, 0xff, 0xff, 0xff, 0x10, 0x00, 0x00, 0x00, 0x00, 0x00, 0x00, 0x00, 0x00, 0x00, 0x00,
    0x00, 0x00, 0x00, 0x00, 0x00, 0x00, 0x00, 0x00, 0xff, 0xff, 0xff, 0xff, 0xfe, 0x00, 0x00, 0x00, 0x00, 0x00, 0x00, 0x00, 0x00, 0x00, 0x00, 0x00,
    0x00, 0x00, 0x00, 0x00, 0x00, 0x00, 0x00, 0x01, 0xff, 0xff, 0xff, 0xff, 0xfc, 0x00, 0x00, 0x00, 0x00, 0x00, 0x00, 0x00, 0x00, 0x00, 0x00, 0x00,
    0x00, 0x00, 0x00, 0x00, 0x00, 0x00, 0x00, 0x03, 0xff, 0xff, 0xff, 0xff, 0xfa, 0x00, 0x00, 0x00, 0x00, 0x00, 0x00, 0x00, 0x00, 0x00, 0x00, 0x00,
    0x00, 0x00, 0x00, 0x00, 0x00, 0x00, 0x00, 0x05, 0xff, 0xff, 0xff, 0xff, 0xf8, 0x00, 0x00, 0x00, 0x00, 0x00, 0x00, 0x00, 0x00, 0x00, 0x00, 0x00,
    0x00, 0x00, 0x00, 0x00, 0x00, 0x00, 0x00, 0x07, 0xff, 0xff, 0xff, 0xff, 0xf6, 0x00, 0x00, 0x00, 0x00, 0x00, 0x00, 0x00, 0x00, 0x00, 0x00, 0x00,
    0x00, 0x00, 0x00, 0x00, 0x00, 0x00, 0x00, 0x09, 0xff, 0xff, 0xff, 0xff, 0xf5, 0x00, 0x00, 0x00, 0x00, 0x00, 0x00, 0x00, 0x00, 0x00, 0x00, 0x00,
    0x00, 0x00, 0x00, 0x00, 0x00, 0x00, 0x00, 0x0a, 0xff, 0xff, 0xff, 0xff, 0xf3, 0x00, 0x48, 0xbd, 0xef, 0xfe, 0xdb, 0x95, 0x20, 0x00, 0x00, 0x00,
    0x00, 0x00, 0x00, 0x00, 0x00, 0x00, 0x00, 0x0c, 0xff, 0xff, 0xff, 0xff, 0xf2, 0x9e, 0xff, 0xff, 0xff, 0xff, 0xff, 0xff, 0xfc, 0x61, 0x00, 0x00,
    0x00, 0x00, 0x00, 0x00, 0x00, 0x00, 0x00, 0x0e, 0xff, 0xff, 0xff, 0xff, 0xff, 0xff, 0xff, 0xff, 0xff, 0xff, 0xff, 0xff, 0xff, 0xfe, 0x60, 0x00,
    0x00, 0x00, 0x00, 0x00, 0x00, 0x00, 0x00, 0x1f, 0xff, 0xff, 0xff, 0xff, 0xff, 0xff, 0xff, 0xff, 0xff, 0xff, 0xff, 0xff, 0xff, 0xff, 0xfc, 0x20,
    0x00, 0x00, 0x00, 0x00, 0x00, 0x00, 0x00, 0x3f, 0xff, 0xff, 0xff, 0xff, 0xff, 0xff, 0xff, 0xff, 0xff, 0xff, 0xff, 0xff, 0xff, 0xff, 0xff, 0xe3,
    0x00, 0x00, 0x00, 0x00, 0x00, 0x00, 0x00, 0x4f, 0xff, 0xff, 0xff, 0xff, 0xff, 0xff, 0xff, 0xff, 0xff, 0xff, 0xff, 0xff, 0xff, 0xff, 0xff, 0xfe,
    0x30, 0x00, 0x00, 0x00, 0x00, 0x00, 0x00, 0x6f, 0xff, 0xff, 0xff, 0xff, 0xff, 0xff, 0xff, 0xff, 0xff, 0xff, 0xff, 0xff, 0xff, 0xff, 0xff, 0xff,
    0xe2, 0x00, 0x00, 0x00, 0x00, 0x00, 0x00, 0x8f, 0xff, 0xff, 0xff, 0xff, 0xff, 0xff, 0xff, 0xff, 0xff, 0xff, 0xff, 0xff, 0xff, 0xff, 0xff, 0xff,
    0xfb, 0x00, 0x00, 0x00, 0x00, 0x00, 0x00, 0xaf, 0xff, 0xff, 0xff, 0xff, 0xff, 0xff, 0xff, 0xff, 0xff, 0xff, 0xff, 0xff, 0xff, 0xff, 0xff, 0xff,
    0xff, 0x60, 0x00, 0x00, 0x00, 0x00, 0x00, 0xcf, 0xff, 0xff, 0xff, 0xff, 0xff, 0xff, 0xd8, 0x41, 0x00, 0x25, 0x9f, 0xff, 0xff, 0xff, 0xff, 0xff,
    0xff, 0xe1, 0x00, 0x00, 0x00, 0x00, 0x00, 0xdf, 0xff, 0xff, 0xff, 0xff, 0xff, 0xf8, 0x10, 0x00, 0x00, 0x00, 0x02, 0xbf, 0xff, 0xff, 0xff, 0xff,
    0xff, 0xf6, 0x00, 0x00, 0x00, 0x00, 0x00, 0xff, 0xff, 0xff, 0xff, 0xff, 0xff, 0x50, 0x00, 0x00, 0x00, 0x00, 0x00, 0x0a, 0xff, 0xff, 0xff, 0xff,
    0xff, 0xfc, 0x00, 0x00, 0x00, 0x00, 0x02, 0xff, 0xff, 0xff, 0xff, 0xff, 0xf6, 0x00, 0x00, 0x00, 0x00, 0x00, 0x00, 0x01, 0xdf, 0xff, 0xff, 0xff,
    0xff, 0xff, 0x20, 0x00, 0x00, 0x00, 0x04, 0xff, 0xff, 0xff, 0xff, 0xff, 0xa0, 0x00, 0x00, 0x00, 0x00, 0x00, 0x00, 0x00, 0x5f, 0xff, 0xff, 0xff,
    0xff, 0xff, 0x70, 0x00, 0x00, 0x00, 0x04, 0xff, 0xff, 0xff, 0xff, 0xff, 0x20, 0x00, 0x00, 0x00, 0x00, 0x00, 0x00, 0x00, 0x0d, 0xff, 0xff, 0xff,
    0xff, 0xff, 0xa0, 0x00, 0x00, 0x00, 0x01, 0xdf, 0xff, 0xff, 0xff, 0xf6, 0x00, 0x00, 0x00, 0x00, 0x00, 0x00, 0x00, 0x00, 0x08, 0xff, 0xff, 0xff,
    0xff, 0xff, 0xd0, 0x00, 0x00, 0x00, 0x00, 0x14, 0x55, 0x55, 0x55, 0x30, 0x00, 0x00, 0x00, 0x00, 0x00, 0x00, 0x00, 0x00, 0x05, 0xff, 0xff, 0xff,
    0xff, 0xff, 0xf0, 0x00, 0x00, 0x00, 0x00, 0x00, 0x00, 0x00, 0x00, 0x00, 0x00, 0x00, 0x00, 0x00, 0x00, 0x00, 0x00, 0x00, 0x02, 0xff, 0xff, 0xff,
    0xff, 0xff, 0xf1, 0x00, 0x00, 0x00, 0x00, 0x00, 0x00, 0x00, 0x00, 0x00, 0x00, 0x00, 0x00, 0x00, 0x00, 0x00, 0x00, 0x00, 0x01, 0xff, 0xff, 0xff,
    0xff, 0xff, 0xf2, 0x00, 0x00, 0x00, 0x01, 0x67, 0x77, 0x77, 0x75, 0x10, 0x00, 0x00, 0x00, 0x00, 0x00, 0x00, 0x00, 0x00, 0x00, 0xff, 0xff, 0xff,
    0xff, 0xff, 0xf2, 0x00, 0x00, 0x00, 0x0c, 0xff, 0xff, 0xff, 0xff, 0xd1, 0x00, 0x00, 0x00, 0x00, 0x00, 0x00, 0x00, 0x00, 0x01, 0xff, 0xff, 0xff,
    0xff, 0xff, 0xf1, 0x00, 0x00, 0x00, 0x2f, 0xff, 0xff, 0xff, 0xff, 0xf6, 0x00, 0x00, 0x00, 0x00, 0x00, 0x00, 0x00, 0x00, 0x02, 0xff, 0xff, 0xff,
    0xff, 0xff, 0xf0, 0x00, 0x00, 0x00, 0x1f, 0xff, 0xff, 0xff, 0xff, 0xf9, 0x00, 0x00, 0x00, 0x00, 0x00, 0x00, 0x00, 0x00, 0x04, 0xff, 0xff, 0xff,
    0xff, 0xff, 0xd0, 0x00, 0x00, 0x00, 0x0e, 0xff, 0xff, 0xff, 0xff, 0xfd, 0x00, 0x00, 0x00, 0x00, 0x00, 0x00, 0x00, 0x00, 0x08, 0xff, 0xff, 0xff,
    0xff, 0xff, 0xb0, 0x00, 0x00, 0x00, 0x0c, 0xff, 0xff, 0xff, 0xff, 0xff, 0x30, 0x00, 0x00, 0x00, 0x00, 0x00, 0x00, 0x00, 0x0c, 0xff, 0xff, 0xff,
    0xff, 0xff, 0x80, 0x00, 0x00, 0x00, 0x09, 0xff, 0xff, 0xff, 0xff, 0xff, 0xa0, 0x00, 0x00, 0x00, 0x00, 0x00, 0x00, 0x00, 0x4f, 0xff, 0xff, 0xff,
    0xff, 0xff, 0x40, 0x00, 0x00, 0x00, 0x05, 0xff, 0xff, 0xff, 0xff, 0xff, 0xf3, 0x00, 0x00, 0x00, 0x00, 0x00, 0x00, 0x01, 0xdf, 0xff, 0xff, 0xff,
    0xff, 0xfd, 0x00, 0x00, 0x00, 0x00, 0x01, 0xff, 0xff, 0xff, 0xff, 0xff, 0xfd, 0x20, 0x00, 0x00, 0x00, 0x00, 0x00, 0x1b, 0xff, 0xff, 0xff, 0xff,
    0xff, 0xf8, 0x00, 0x00, 0x00, 0x00, 0x00, 0xbf, 0xff, 0xff, 0xff, 0xff, 0xff, 0xd4, 0x00, 0x00, 0x00, 0x00, 0x03, 0xcf, 0xff, 0xff, 0xff, 0xff,
    0xff, 0xe1, 0x00, 0x00, 0x00, 0x00, 0x00, 0x4f, 0xff, 0xff, 0xff, 0xff, 0xff, 0xff, 0xb5, 0x20, 0x01, 0x25, 0xaf, 0xff, 0xff, 0xff, 0xff, 0xff,
    0xff, 0x70, 0x00, 0x00, 0x00, 0x00, 0x00, 0x0c, 0xff, 0xff, 0xff, 0xff, 0xff, 0xff, 0xff, 0xff, 0xff, 0xff, 0xff, 0xff, 0xff, 0xff, 0xff, 0xff,
    0xfc, 0x00, 0x00, 0x00, 0x00, 0x00, 0x00, 0x03, 0xff, 0xff, 0xff, 0xff, 0xff, 0xff, 0xff, 0xff, 0xff, 0xff, 0xff, 0xff, 0xff, 0xff, 0xff, 0xff,
    0xe2, 0x00, 0x00, 0x00, 0x00, 0x00, 0x00, 0x00, 0x7f, 0xff, 0xff, 0xff, 0xff, 0xff, 0xff, 0xff, 0xff, 0xff, 0xff, 0xff, 0xff, 0xff, 0xff, 0xfe,
    0x40, 0x00, 0x00, 0x00, 0x00, 0x00, 0x00, 0x00, 0x0a, 0xff, 0xff, 0xff, 0xff, 0xff, 0xff, 0xff, 0xff, 0xff, 0xff, 0xff, 0xff, 0xff, 0xff, 0xe3,
    0x00, 0x00, 0x00, 0x00, 0x00, 0x00, 0x00, 0x00, 0x00, 0x9f, 0xff, 0xff, 0xff, 0xff, 0xff, 0xff, 0xff, 0xff, 0xff, 0xff, 0xff, 0xff, 0xfc, 0x20,
    0x00, 0x00, 0x00, 0x00, 0x00, 0x00, 0x00, 0x00, 0x00, 0x06, 0xff, 0xff, 0xff, 0xff, 0xff, 0xff, 0xff, 0xff, 0xff, 0xff, 0xff, 0xff, 0x80, 0x00,
    0x00, 0x00, 0x00, 0x00, 0x00, 0x00, 0x00, 0x00, 0x00, 0x00, 0x2a, 0xff, 0xff, 0xff, 0xff, 0xff, 0xff, 0xff, 0xff, 0xff, 0xff, 0xb3, 0x00, 0x00,
    0x00, 0x00, 0x00, 0x00, 0x00, 0x00, 0x00, 0x00, 0x00, 0x00, 0x00, 0x28, 0xef, 0xff, 0xff, 0xff, 0xff, 0xff, 0xff, 0xfe, 0x93, 0x00, 0x00, 0x00,
    0x00, 0x00, 0x00, 0x00, 0x00, 0x00, 0x00, 0x00, 0x00, 0x00, 0x00, 0x00, 0x02, 0x59, 0xbc, 0xde, 0xfe, 0xec, 0xa7, 0x40, 0x00, 0x00, 0x00, 0x00,
    0x00, 0x00, 0x00, 0x00, 0x00, 0x00, 0x00, 0x00, 0x00, 0x00, 0x00, 0x00, 0x00, 0x02, 0x7a, 0xce, 0xef, 0xed, 0xc9, 0x61, 0x00, 0x00, 0x00, 0x00,
    0x00, 0x00, 0x00, 0x00, 0x00, 0x00, 0x00, 0x00, 0x00, 0x00, 0x00, 0x00, 0x17, 0xdf, 0xff, 0xff, 0xff, 0xff, 0xff, 0xff, 0xb5, 0x00, 0x00, 0x00,
    0x00, 0x00, 0x00, 0x00, 0x00, 0x00, 0x00, 0x00, 0x00, 0x00, 0x00, 0x07, 0xef, 0xff, 0xff, 0xff, 0xff, 0xff, 0xff, 0xff, 0xff, 0xd4, 0x00, 0x00,
    0x00, 0x00, 0x00, 0x00, 0x00, 0x00, 0x00, 0x00, 0x00, 0x00, 0x03, 0xdf, 0xff, 0xff, 0xff, 0xff, 0xff, 0xff, 0xff, 0xff, 0xff, 0xff, 0x91, 0x00,
    0x00, 0x00, 0x00, 0x00, 0x00, 0x00, 0x00, 0x00, 0x00, 0x00, 0x6f, 0xff, 0xff, 0xff, 0xff, 0xff, 0xff, 0xff, 0xff, 0xff, 0xff, 0xff, 0xfc, 0x10,
    0x00, 0x00, 0x00, 0x00, 0x00, 0x00, 0x00, 0x00, 0x00, 0x07, 0xff, 0xff, 0xff, 0xff, 0xff, 0xff, 0xff, 0xff, 0xff, 0xff, 0xff, 0xff, 0xff, 0xd1,
    0x00, 0x00, 0x00, 0x00, 0x00, 0x00, 0x00, 0x00, 0x00, 0x7f, 0xff, 0xff, 0xff, 0xff, 0xff, 0xff, 0xff, 0xff, 0xff, 0xff, 0xff, 0xff, 0xff, 0xfc,
    0x00, 0x00, 0x00, 0x00, 0x00, 0x00, 0x00, 0x00, 0x05, 0xff, 0xff, 0xff, 0xff, 0xff, 0xff, 0xff, 0xff, 0xff, 0xff, 0xff, 0xff, 0xff, 0xff, 0xff,
    0x80, 0x00, 0x00, 0x00, 0x00, 0x00, 0x00, 0x00, 0x2f, 0xff, 0xff, 0xff, 0xff, 0xff, 0xff, 0xff, 0xff, 0xff, 0xff, 0xff, 0xff, 0xff, 0xff, 0xff,
    0xf2, 0x00, 0x00, 0x00, 0x00, 0x00, 0x00, 0x00, 0xcf, 0xff, 0xff, 0xff, 0xff, 0xff, 0xc6, 0x20, 0x01, 0x37, 0xdf, 0xff, 0xff, 0xff, 0xff, 0xff,
    0xfa, 0x00, 0x00, 0x00, 0x00, 0x00, 0x00, 0x07, 0xff, 0xff, 0xff, 0xff, 0xff, 0xf7, 0x00, 0x00, 0x00, 0x00, 0x19, 0xff, 0xff, 0xff, 0xff, 0xff,
    0xff, 0x20, 0x00, 0x00, 0x00, 0x00, 0x00, 0x1e, 0xff, 0xff, 0xff, 0xff, 0xff, 0x40, 0x00, 0x00, 0x00, 0x00, 0x00, 0x9f, 0xff, 0xff, 0xff, 0xff,
    0xff, 0x70, 0x00, 0x00, 0x00, 0x00, 0x00, 0x8f, 0xff, 0xff, 0xff, 0xff, 0xf6, 0x00, 0x00, 0x00, 0x00, 0x00, 0x00, 0x1d, 0xff, 0xff, 0xff, 0xff,
    0xff, 0xc0, 0x00, 0x00, 0x00, 0x00, 0x00, 0xef, 0xff, 0xff, 0xff, 0xff, 0xc0, 0x00, 0x00, 0x00, 0x00, 0x00, 0x00, 0x06, 0xff, 0xff, 0xff, 0xff,
    0xff, 0xf1, 0x00, 0x00, 0x00, 0x00, 0x06, 0xff, 0xff, 0xff, 0xff, 0xff, 0x40, 0x00, 0x00, 0x00, 0x00, 0x00, 0x00, 0x01, 0xff, 0xff, 0xff, 0xff,
    0xff, 0xf3, 0x00, 0x00, 0x00, 0x00, 0x0b, 0xff, 0xff, 0xff, 0xff, 0xfd, 0x00, 0x00, 0x00, 0x00, 0x00, 0x00, 0x00, 0x00, 0xbf, 0xff, 0xff, 0xff,
    0xff, 0xf5, 0x00, 0x00, 0x00, 0x00, 0x1f, 0xff, 0xff, 0xff, 0xff, 0xf8, 0x00, 0x00, 0x00, 0x00, 0x00, 0x00, 0x00, 0x00, 0x7f, 0xff, 0xff, 0xff,
    0xff, 0xf7, 0x00, 0x00, 0x00, 0x00, 0x5f, 0xff, 0xff, 0xff, 0xff, 0xf4, 0x00, 0x00, 0x00, 0x00, 0x00, 0x00, 0x00, 0x00, 0x2f, 0xff, 0xff, 0xff,
    0xff, 0xf4, 0x00, 0x00, 0x00, 0x00, 0x9f, 0xff, 0xff, 0xff, 0xff, 0xf0, 0x00, 0x04, 0x7b, 0xde, 0xff, 0xec, 0xa8, 0x40, 0x05, 0xbc, 0xcc, 0xcc,
    0xcc, 0x70, 0x00, 0x00, 0x00, 0x00, 0xdf, 0xff, 0xff, 0xff, 0xff, 0xc0, 0x17, 0xef, 0xff, 0xff, 0xff, 0xff, 0xff, 0xfe, 0xa3, 0x00, 0x00, 0x00,
    0x00, 0x00, 0x00, 0x00, 0x00, 0x01, 0xff, 0xff, 0xff, 0xff, 0xff, 0xa6, 0xef, 0xff, 0xff, 0xff, 0xff, 0xff, 0xff, 0xff, 0xff, 0xb3, 0x00, 0x00,
    0x00, 0x00, 0x00, 0x00, 0x00, 0x03, 0xff, 0xff, 0xff, 0xff, 0xff, 0xff, 0xff, 0xff, 0xff, 0xff, 0xff, 0xff, 0xff, 0xff, 0xff, 0xff, 0x70, 0x00,
    0x00, 0x00, 0x00, 0x00, 0x00, 0x06, 0xff, 0xff, 0xff, 0xff, 0xff, 0xff, 0xff, 0xff, 0xff, 0xff, 0xff, 0xff, 0xff, 0xff, 0xff, 0xff, 0xfb, 0x10,
    0x00, 0x00, 0x00, 0x00, 0x00, 0x08, 0xff, 0xff, 0xff, 0xff, 0xff, 0xff, 0xff, 0xff, 0xff, 0xff, 0xff, 0xff, 0xff, 0xff, 0xff, 0xff, 0xff, 0xb1,
    0x00, 0x00, 0x00, 0x00, 0x00, 0x0a, 0xff, 0xff, 0xff, 0xff, 0xff, 0xff, 0xff, 0xff, 0xff, 0xff, 0xff, 0xff, 0xff, 0xff, 0xff, 0xff, 0xff, 0xfa,
    0x00, 0x00, 0x00, 0x00, 0x00, 0x0b, 0xff, 0xff, 0xff, 0xff, 0xff, 0xff, 0xff, 0xff, 0xff, 0xff, 0xff, 0xff, 0xff, 0xff, 0xff, 0xff, 0xff, 0xff,
    0x70, 0x00, 0x00, 0x00, 0x00, 0x0c, 0xff, 0xff, 0xff, 0xff, 0xff, 0xff, 0xff, 0xff, 0xff, 0xff, 0xff, 0xff, 0xff, 0xff, 0xff, 0xff, 0xff, 0xff,
    0xf2, 0x00, 0x00, 0x00, 0x00, 0x0d, 0xff, 0xff, 0xff, 0xff, 0xff, 0xff, 0xff, 0xfc, 0x72, 0x10, 0x12, 0x6b, 0xff, 0xff, 0xff, 0xff, 0xff, 0xff,
    0xfa, 0x00, 0x00, 0x00, 0x00, 0x0e, 0xff, 0xff, 0xff, 0xff, 0xff, 0xff, 0xfe, 0x60, 0x00, 0x00, 0x00, 0x00, 0x4d, 0xff, 0xff, 0xff, 0xff, 0xff,
    0xff, 0x30, 0x00, 0x00, 0x00, 0x0e, 0xff, 0xff, 0xff, 0xff, 0xff, 0xff, 0xe3, 0x00, 0x00, 0x00, 0x00, 0x00, 0x02, 0xdf, 0xff, 0xff, 0xff, 0xff,
    0xff, 0x90, 0x00, 0x00, 0x00, 0x0f, 0xff, 0xff, 0xff, 0xff, 0xff, 0xff, 0x40, 0x00, 0x00, 0x00, 0x00, 0x00, 0x00, 0x3f, 0xff, 0xff, 0xff, 0xff,
    0xff, 0xe0, 0x00, 0x00, 0x00, 0x0f, 0xff, 0xff, 0xff, 0xff, 0xff, 0xf9, 0x00, 0x00, 0x00, 0x00, 0x00, 0x00, 0x00, 0x09, 0xff, 0xff, 0xff, 0xff,
    0xff, 0xf4, 0x00, 0x00, 0x00, 0x0f, 0xff, 0xff, 0xff, 0xff, 0xff, 0xf2, 0x00, 0x00, 0x00, 0x00, 0x00, 0x00, 0x00, 0x03, 0xff, 0xff, 0xff, 0xff,
    0xff, 0xf7, 0x00, 0x00, 0x00, 0x0e, 0xff, 0xff, 0xff, 0xff, 0xff, 0xc0, 0x00, 0x00, 0x00, 0x00, 0x00, 0x00, 0x00, 0x00, 0xcf, 0xff, 0xff, 0xff,
    0xff, 0xfa, 0x00, 0x00, 0x00, 0x0e, 0xff, 0xff, 0xff, 0xff, 0xff, 0x80, 0x00, 0x00, 0x00, 0x00, 0x00, 0x00, 0x00, 0x00, 0x9f, 0xff, 0xff, 0xff,
    0xff, 0xfc, 0x00, 0x00, 0x00, 0x0d, 0xff, 0xff, 0xff, 0xff, 0xff, 0x50, 0x00, 0x00, 0x00, 0x00, 0x00, 0x00, 0x00, 0x00, 0x5f, 0xff, 0xff, 0xff,
    0xff, 0xfe, 0x00, 0x00, 0x00, 0x0c, 0xff, 0xff, 0xff, 0xff, 0xff, 0x40, 0x00, 0x00, 0x00, 0x00, 0x00, 0x00, 0x00, 0x00, 0x4f, 0xff, 0xff, 0xff,
    0xff, 0xfe, 0x00, 0x00, 0x00, 0x0a, 0xff, 0xff, 0xff, 0xff, 0xff, 0x30, 0x00, 0x00, 0x00, 0x00, 0x00, 0x00, 0x00, 0x00, 0x3f, 0xff, 0xff, 0xff,
    0xff, 0xff, 0x00, 0x00, 0x00, 0x08, 0xff, 0xff, 0xff, 0xff, 0xff, 0x20, 0x00, 0x00, 0x00, 0x00, 0x00, 0x00, 0x00, 0x00, 0x2f, 0xff, 0xff, 0xff,
    0xff, 0xfe, 0x00, 0x00, 0x00, 0x06, 0xff, 0xff, 0xff, 0xff, 0xff, 0x40, 0x00, 0x00, 0x00, 0x00, 0x00, 0x00, 0x00, 0x00, 0x3f, 0xff, 0xff, 0xff,
    0xff, 0xfe, 0x00, 0x00, 0x00, 0x04, 0xff, 0xff, 0xff, 0xff, 0xff, 0x50, 0x00, 0x00, 0x00, 0x00, 0x00, 0x00, 0x00, 0x00, 0x5f, 0xff, 0xff, 0xff,
    0xff, 0xfc, 0x00, 0x00, 0x00, 0x01, 0xff, 0xff, 0xff, 0xff, 0xff, 0x80, 0x00, 0x00, 0x00, 0x00, 0x00, 0x00, 0x00, 0x00, 0x8f, 0xff, 0xff, 0xff,
    0xff, 0xfa, 0x00, 0x00, 0x00, 0x00, 0xcf, 0xff, 0xff, 0xff, 0xff, 0xc0, 0x00, 0x00, 0x00, 0x00, 0x00, 0x00, 0x00, 0x00, 0xcf, 0xff, 0xff, 0xff,
    0xff, 0xf7, 0x00, 0x00, 0x00, 0x00, 0x8f, 0xff, 0xff, 0xff, 0xff, 0xf3, 0x00, 0x00, 0x00, 0x00, 0x00, 0x00, 0x00, 0x03, 0xff, 0xff, 0xff, 0xff,
    0xff, 0xf4, 0x00, 0x00, 0x00, 0x00, 0x4f, 0xff, 0xff, 0xff, 0xff, 0xfa, 0x00, 0x00, 0x00, 0x00, 0x00, 0x00, 0x00, 0x0a, 0xff, 0xff, 0xff, 0xff,
    0xff, 0xe0, 0x00, 0x00, 0x00, 0x00, 0x0e, 0xff, 0xff, 0xff, 0xff, 0xff, 0x60, 0x00, 0x00, 0x00, 0x00, 0x00, 0x00, 0x5f, 0xff, 0xff, 0xff, 0xff,
    0xff, 0x90, 0x00, 0x00, 0x00, 0x00, 0x08, 0xff, 0xff, 0xff, 0xff, 0xff, 0xe4, 0x00, 0x00, 0x00, 0x00, 0x00, 0x04, 0xef, 0xff, 0xff, 0xff, 0xff,
    0xff, 0x30, 0x00, 0x00, 0x00, 0x00, 0x02, 0xff, 0xff, 0xff, 0xff, 0xff, 0xfe, 0x60, 0x00, 0x00, 0x00, 0x00, 0x7f, 0xff, 0xff, 0xff, 0xff, 0xff,
    0xfb, 0x00, 0x00, 0x00, 0x00, 0x00, 0x00, 0x9f, 0xff, 0xff, 0xff, 0xff, 0xff, 0xfc, 0x62, 0x10, 0x13, 0x7d, 0xff, 0xff, 0xff, 0xff, 0xff, 0xff,
    0xf2, 0x00, 0x00, 0x00, 0x00, 0x00, 0x00, 0x1e, 0xff, 0xff, 0xff, 0xff, 0xff, 0xff, 0xff, 0xff, 0xff, 0xff, 0xff, 0xff, 0xff, 0xff, 0xff, 0xff,
    0x70, 0x00, 0x00, 0x00, 0x00, 0x00, 0x00, 0x05, 0xff, 0xff, 0xff, 0xff, 0xff, 0xff, 0xff, 0xff, 0xff, 0xff, 0xff, 0xff, 0xff, 0xff, 0xff, 0xfb,
    0x00, 0x00, 0x00, 0x00, 0x00, 0x00, 0x00, 0x00, 0x9f, 0xff, 0xff, 0xff, 0xff, 0xff, 0xff, 0xff, 0xff, 0xff, 0xff, 0xff, 0xff, 0xff, 0xff, 0xc1,
    0x00, 0x00, 0x00, 0x00, 0x00, 0x00, 0x00, 0x00, 0x0b, 0xff, 0xff, 0xff, 0xff, 0xff, 0xff, 0xff, 0xff, 0xff, 0xff, 0xff, 0xff, 0xff, 0xfc, 0x10,
    0x00, 0x00, 0x00, 0x00, 0x00, 0x00, 0x00, 0x00, 0x00, 0xaf, 0xff, 0xff, 0xff, 0xff, 0xff, 0xff, 0xff, 0xff, 0xff, 0xff, 0xff, 0xff, 0xb1, 0x00,
    0x00, 0x00, 0x00, 0x00, 0x00, 0x00, 0x00, 0x00, 0x00, 0x07, 0xff, 0xff, 0xff, 0xff, 0xff, 0xff, 0xff, 0xff, 0xff, 0xff, 0xff, 0xf7, 0x00, 0x00,
    0x00, 0x00, 0x00, 0x00, 0x00, 0x00, 0x00, 0x00, 0x00, 0x00, 0x3b, 0xff, 0xff, 0xff, 0xff, 0xff, 0xff, 0xff, 0xff, 0xff, 0xfa, 0x20, 0x00, 0x00,
    0x00, 0x00, 0x00, 0x00, 0x00, 0x00, 0x00, 0x00, 0x00, 0x00, 0x00, 0x4a, 0xef, 0xff, 0xff, 0xff, 0xff, 0xff, 0xff, 0xe9, 0x20, 0x00, 0x00, 0x00,
    0x00, 0x00, 0x00, 0x00, 0x00, 0x00, 0x00, 0x00, 0x00, 0x00, 0x00, 0x00, 0x14, 0x8a, 0xce, 0xef, 0xee, 0xca, 0x74, 0x00, 0x00, 0x00, 0x00, 0x00,
    0x00, 0x00, 0x00, 0x00, 0x00, 0x00, 0x4d, 0xff, 0xff, 0xff, 0xff, 0xff, 0xff, 0xff, 0xff, 0xff, 0xff, 0xff, 0xff, 0xff, 0xff, 0xff, 0xff, 0xff,
    0xff, 0xfd, 0x40, 0x00, 0x00, 0x00, 0xdf, 0xff, 0xff, 0xff, 0xff, 0xff, 0xff, 0xff, 0xff, 0xff, 0xff, 0xff, 0xff, 0xff, 0xff, 0xff, 0xff, 0xff,
    0xff, 0xff, 0xd0, 0x00, 0x00, 0x00, 0xff, 0xff, 0xff, 0xff, 0xff, 0xff, 0xff, 0xff, 0xff, 0xff, 0xff, 0xff, 0xff, 0xff, 0xff, 0xff, 0xff, 0xff,
    0xff, 0xff, 0xf0, 0x00, 0x00, 0x00, 0xff, 0xff, 0xff, 0xff, 0xff, 0xff, 0xff, 0xff, 0xff, 0xff, 0xff, 0xff, 0xff, 0xff, 0xff, 0xff, 0xff, 0xff,
    0xff, 0xff, 0xf0, 0x00, 0x00, 0x00, 0xff, 0xff, 0xff, 0xff, 0xff, 0xff, 0xff, 0xff, 0xff, 0xff, 0xff, 0xff, 0xff, 0xff, 0xff, 0xff, 0xff, 0xff,
    0xff, 0xff, 0xf0, 0x00, 0x00, 0x00, 0xff, 0xff, 0xff, 0xff, 0xff, 0xff, 0xff, 0xff, 0xff, 0xff, 0xff, 0xff, 0xff, 0xff, 0xff, 0xff, 0xff, 0xff,
    0xff, 0xff, 0xd0, 0x00, 0x00, 0x00, 0xff, 0xff, 0xff, 0xff, 0xff, 0xff, 0xff, 0xff, 0xff, 0xff, 0xff, 0xff, 0xff, 0xff, 0xff, 0xff, 0xff, 0xff,
    0xff, 0xff, 0x60, 0x00, 0x00, 0x00, 0xdf, 0xff, 0xff, 0xff, 0xff, 0xff, 0xff, 0xff, 0xff, 0xff, 0xff, 0xff, 0xff, 0xff, 0xff, 0xff, 0xff, 0xff,
    0xff, 0xfd, 0x00, 0x00, 0x00, 0x00, 0x4d, 0xff, 0xff, 0xff, 0xff, 0xff, 0xff, 0xff, 0xff, 0xff, 0xff, 0xff, 0xff, 0xff, 0xff, 0xff, 0xff, 0xff,
    0xff, 0xf5, 0x00, 0x00, 0x00, 0x00, 0x00, 0x00, 0x00, 0x00, 0x00, 0x00, 0x00, 0x00, 0x00, 0x00, 0x00, 0x00, 0x00, 0x09, 0xff, 0xff, 0xff, 0xff,
    0xff, 0xc0, 0x00, 0x00, 0x00, 0x00, 0x00, 0x00, 0x00, 0x00, 0x00, 0x00, 0x00, 0x00, 0x00, 0x00, 0x00, 0x00, 0x00, 0x2f, 0xff, 0xff, 0xff, 0xff,
    0xff, 0x40, 0x00, 0x00, 0x00, 0x00, 0x00, 0x00, 0x00, 0x00, 0x00, 0x00, 0x00, 0x00, 0x00, 0x00, 0x00, 0x00, 0x00, 0xaf, 0xff, 0xff, 0xff, 0xff,
    0xfb, 0x00, 0x00, 0x00, 0x00, 0x00, 0x00, 0x00, 0x00, 0x00, 0x00, 0x00, 0x00, 0x00, 0x00, 0x00, 0x00, 0x00, 0x03, 0xff, 0xff, 0xff, 0xff, 0xff,
    0xf3, 0x00, 0x00, 0x00, 0x00, 0x00, 0x00, 0x00, 0x00, 0x00, 0x00, 0x00, 0x00, 0x00, 0x00, 0x00, 0x00, 0x00, 0x0b, 0xff, 0xff, 0xff, 0xff, 0xff,
    0xa0, 0x00, 0x00, 0x00, 0x00, 0x00, 0x00, 0x00, 0x00, 0x00, 0x00, 0x00, 0x00, 0x00, 0x00, 0x00, 0x00, 0x00, 0x4f, 0xff, 0xff, 0xff, 0xff, 0xff,
    0x20, 0x00, 0x00, 0x00, 0x00, 0x00, 0x00, 0x00, 0x00, 0x00, 0x00, 0x00, 0x00, 0x00, 0x00, 0x00, 0x00, 0x00, 0xcf, 0xff, 0xff, 0xff, 0xff, 0xf9,
    0x00, 0x00, 0x00, 0x00, 0x00, 0x00, 0x00, 0x00, 0x00, 0x00, 0x00, 0x00, 0x00, 0x00, 0x00, 0x00, 0x00, 0x06, 0xff, 0xff, 0xff, 0xff, 0xff, 0xe1,
    0x00, 0x00, 0x00, 0x00, 0x00, 0x00, 0x00, 0x00, 0x00, 0x00, 0x00, 0x00, 0x00, 0x00, 0x00, 0x00, 0x00, 0x0d, 0xff, 0xff, 0xff, 0xff, 0xff, 0x70,
    0x00, 0x00, 0x00, 0x00, 0x00, 0x00, 0x00, 0x00, 0x00, 0x00, 0x00, 0x00, 0x00, 0x00, 0x00, 0x00, 0x00, 0x7f, 0xff, 0xff, 0xff, 0xff, 0xfe, 0x10,
    0x00, 0x00, 0x00, 0x00, 0x00, 0x00, 0x00, 0x00, 0x00, 0x00, 0x00, 0x00, 0x00, 0x00, 0x00, 0x00, 0x01, 0xef, 0xff, 0xff, 0xff, 0xff, 0xf6, 0x00,
    0x00, 0x00, 0x00, 0x00, 0x00, 0x00, 0x00, 0x00, 0x00, 0x00, 0x00, 0x00, 0x00, 0x00, 0x00, 0x00, 0x08, 0xff, 0xff, 0xff, 0xff, 0xff, 0xd0, 0x00,
    0x00, 0x00, 0x00, 0x00, 0x00, 0x00, 0x00, 0x00, 0x00, 0x00, 0x00, 0x00, 0x00, 0x00, 0x00, 0x00, 0x2e, 0xff, 0xff, 0xff, 0xff, 0xff, 0x50, 0x00,
    0x00, 0x00, 0x00, 0x00, 0x00, 0x00, 0x00, 0x00, 0x00, 0x00, 0x00, 0x00, 0x00, 0x00, 0x00, 0x00, 0x9f, 0xff, 0xff, 0xff, 0xff, 0xfc, 0x00, 0x00,
    0x00, 0x00, 0x00, 0x00, 0x00, 0x00, 0x00, 0x00, 0x00, 0x00, 0x00, 0x00, 0x00, 0x00, 0x00, 0x02, 0xff, 0xff, 0xff, 0xff, 0xff, 0xf4, 0x00, 0x00,
    0x00, 0x00, 0x00, 0x00, 0x00, 0x00, 0x00, 0x00, 0x00, 0x00, 0x00, 0x00, 0x00, 0x00, 0x00, 0x0a, 0xff, 0xff, 0xff, 0xff, 0xff, 0xb0, 0x00, 0x00,
    0x00, 0x00, 0x00, 0x00, 0x00, 0x00, 0x00, 0x00, 0x00, 0x00, 0x00, 0x00, 0x00, 0x00, 0x00, 0x3f, 0xff, 0xff, 0xff, 0xff, 0xff, 0x30, 0x00, 0x00,
    0x00, 0x00, 0x00, 0x00, 0x00, 0x00, 0x00, 0x00, 0x00, 0x00, 0x00, 0x00, 0x00, 0x00, 0x00, 0xcf, 0xff, 0xff, 0xff, 0xff, 0xfa, 0x00, 0x00, 0x00,
    0x00, 0x00, 0x00, 0x00, 0x00, 0x00, 0x00, 0x00, 0x00, 0x00, 0x00, 0x00, 0x00, 0x00, 0x05, 0xff, 0xff, 0xff, 0xff, 0xff, 0xf2, 0x00, 0x00, 0x00,
    0x00, 0x00, 0x00, 0x00, 0x00, 0x00, 0x00, 0x00, 0x00, 0x00, 0x00, 0x00, 0x00, 0x00, 0x0d, 0xff, 0xff, 0xff, 0xff, 0xff, 0x90, 0x00, 0x00, 0x00,
    0x00, 0x00, 0x00, 0x00, 0x00, 0x00, 0x00, 0x00, 0x00, 0x00, 0x00, 0x00, 0x00, 0x00, 0x6f, 0xff, 0xff, 0xff, 0xff, 0xfe, 0x10, 0x00, 0x00, 0x00,
    0x00, 0x00, 0x00, 0x00, 0x00, 0x00, 0x00, 0x00, 0x00, 0x00, 0x00, 0x00, 0x00, 0x01, 0xdf, 0xff, 0xff, 0xff, 0xff, 0xf8, 0x00, 0x00, 0x00, 0x00,
    0x00, 0x00, 0x00, 0x00, 0x00, 0x00, 0x00, 0x00, 0x00, 0x00, 0x00, 0x00, 0x00, 0x07, 0xff, 0xff, 0xff, 0xff, 0xff, 0xe1, 0x00, 0x00, 0x00, 0x00,
    0x00, 0x00, 0x00, 0x00, 0x00, 0x00, 0x00, 0x00, 0x00, 0x00, 0x00, 0x00, 0x00, 0x1e, 0xff, 0xff, 0xff, 0xff, 0xff, 0x70, 0x00, 0x00, 0x00, 0x00,
    0x00, 0x00, 0x00, 0x00, 0x00, 0x00, 0x00, 0x00, 0x00, 0x00, 0x00, 0x00, 0x00, 0x8f, 0xff, 0xff, 0xff, 0xff, 0xfd, 0x00, 0x00, 0x00, 0x00, 0x00,
    0x00, 0x00, 0x00, 0x00, 0x00, 0x00, 0x00, 0x00, 0x00, 0x00, 0x00, 0x00, 0x02, 0xff, 0xff, 0xff, 0xff, 0xff, 0xf6, 0x00, 0x00, 0x00, 0x00, 0x00,
    0x00, 0x00, 0x00, 0x00, 0x00, 0x00, 0x00, 0x00, 0x00, 0x00, 0x00, 0x00, 0x09, 0xff, 0xff, 0xff, 0xff, 0xff, 0xc0, 0x00, 0x00, 0x00, 0x00, 0x00,
    0x00, 0x00, 0x00, 0x00, 0x00, 0x00, 0x00, 0x00, 0x00, 0x00, 0x00, 0x00, 0x3f, 0xff, 0xff, 0xff, 0xff, 0xff, 0x50, 0x00, 0x00, 0x00, 0x00, 0x00,
    0x00, 0x00, 0x00, 0x00, 0x00, 0x00, 0x00, 0x00, 0x00, 0x00, 0x00, 0x00, 0xbf, 0xff, 0xff, 0xff, 0xff, 0xfc, 0x00, 0x00, 0x00, 0x00, 0x00, 0x00,
    0x00, 0x00, 0x00, 0x00, 0x00, 0x00, 0x00, 0x00, 0x00, 0x00, 0x00, 0x04, 0xff, 0xff, 0xff, 0xff, 0xff, 0xf4, 0x00, 0x00, 0x00, 0x00, 0x00, 0x00,
    0x00, 0x00, 0x00, 0x00, 0x00, 0x00, 0x00, 0x00, 0x00, 0x00, 0x00, 0x0c, 0xff, 0xff, 0xff, 0xff, 0xff, 0xa0, 0x00, 0x00, 0x00, 0x00, 0x00, 0x00,
    0x00, 0x00, 0x00, 0x00, 0x00, 0x00, 0x00, 0x00, 0x00, 0x00, 0x00, 0x5f, 0xff, 0xff, 0xff, 0xff, 0xff, 0x30, 0x00, 0x00, 0x00, 0x00, 0x00, 0x00,
    0x00, 0x00, 0x00, 0x00, 0x00, 0x00, 0x00, 0x00, 0x00, 0x00, 0x00, 0xdf, 0xff, 0xff, 0xff, 0xff, 0xf9, 0x00, 0x00, 0x00, 0x00, 0x00, 0x00, 0x00,
    0x00, 0x00, 0x00, 0x00, 0x00, 0x00, 0x00, 0x00, 0x00, 0x00, 0x06, 0xff, 0xff, 0xff, 0xff, 0xff, 0xf2, 0x00, 0x00, 0x00, 0x00, 0x00, 0x00, 0x00,
    0x00, 0x00, 0x00, 0x00, 0x00, 0x00, 0x00, 0x00, 0x00, 0x00, 0x1e, 0xff, 0xff, 0xff, 0xff, 0xff, 0x80, 0x00, 0x00, 0x00, 0x00, 0x00, 0x00, 0x00,
    0x00, 0x00, 0x00, 0x00, 0x00, 0x00, 0x00, 0x00, 0x00, 0x00, 0x7f, 0xff, 0xff, 0xff, 0xff, 0xfe, 0x10, 0x00, 0x00, 0x00, 0x00, 0x00, 0x00, 0x00,
    0x00, 0x00, 0x00, 0x00, 0x00, 0x00, 0x00, 0x00, 0x00, 0x01, 0xef, 0xff, 0xff, 0xff, 0xff, 0xf7, 0x00, 0x00, 0x00, 0x00, 0x00, 0x00, 0x00, 0x00,
    0x00, 0x00, 0x00, 0x00, 0x00, 0x00, 0x00, 0x00, 0x00, 0x09, 0xff, 0xff, 0xff, 0xff, 0xff, 0xe1, 0x00, 0x00, 0x00, 0x00, 0x00, 0x00, 0x00, 0x00,
    0x00, 0x00, 0x00, 0x00, 0x00, 0x00, 0x00, 0x00, 0x00, 0x2f, 0xff, 0xff, 0xff, 0xff, 0xff, 0x60, 0x00, 0x00, 0x00, 0x00, 0x00, 0x00, 0x00, 0x00,
    0x00, 0x00, 0x00, 0x00, 0x00, 0x00, 0x00, 0x00, 0x00, 0xaf, 0xff, 0xff, 0xff, 0xff, 0xfd, 0x00, 0x00, 0x00, 0x00, 0x00, 0x00, 0x00, 0x00, 0x00,
    0x00, 0x00, 0x00, 0x00, 0x00, 0x00, 0x00, 0x00, 0x03, 0xff, 0xff, 0xff, 0xff, 0xff, 0xf5, 0x00, 0x00, 0x00, 0x00, 0x00, 0x00, 0x00, 0x00, 0x00,
    0x00, 0x00, 0x00, 0x00, 0x00, 0x00, 0x00, 0x00, 0x0b, 0xff, 0xff, 0xff, 0xff, 0xff, 0xc0, 0x00, 0x00, 0x00, 0x00, 0x00, 0x00, 0x00, 0x00, 0x00,
    0x00, 0x00, 0x00, 0x00, 0x00, 0x00, 0x00, 0x00, 0x4f, 0xff, 0xff, 0xff, 0xff, 0xff, 0x40, 0x00, 0x00, 0x00, 0x00, 0x00, 0x00, 0x00, 0x00, 0x00,
    0x00, 0x00, 0x00, 0x00, 0x00, 0x00, 0x00, 0x00, 0xcf, 0xff, 0xff, 0xff, 0xff, 0xfb, 0x00, 0x00, 0x00, 0x00, 0x00, 0x00, 0x00, 0x00, 0x00, 0x00,
    0x00, 0x00, 0x00, 0x00, 0x00, 0x00, 0x00, 0x00, 0xff, 0xff, 0xff, 0xff, 0xff, 0xf3, 0x00, 0x00, 0x00, 0x00, 0x00, 0x00, 0x00, 0x00, 0x00, 0x00,
    0x00, 0x00, 0x00, 0x00, 0x00, 0x00, 0x00, 0x00, 0xbf, 0xff, 0xff, 0xff, 0xff, 0x90, 0x00, 0x00, 0x00, 0x00, 0x00, 0x00, 0x00, 0x00, 0x00, 0x00,
    0x00, 0x00, 0x00, 0x00, 0x00, 0x00, 0x00, 0x00, 0x16, 0x88, 0x88, 0x88, 0x75, 0x00, 0x00, 0x00, 0x00, 0x00, 0x00, 0x00, 0x00, 0x00, 0x00, 0x00,
    0x00, 0x00, 0x00, 0x00, 0x00, 0x00, 0x00, 0x00, 0x00, 0x00, 0x00, 0x00, 0x04, 0x7a, 0xcd, 0xef, 0xfe, 0xdc, 0xa7, 0x30, 0x00, 0x00, 0x00, 0x00,
    0x00, 0x00, 0x00, 0x00, 0x00, 0x00, 0x00, 0x00, 0x00, 0x00, 0x00, 0x4a, 0xef, 0xff, 0xff, 0xff, 0xff, 0xff, 0xff, 0xfe, 0x93, 0x00, 0x00, 0x00,
    0x00, 0x00, 0x00, 0x00, 0x00, 0x00, 0x00, 0x00, 0x00, 0x00, 0x4c, 0xff, 0xff, 0xff, 0xff, 0xff, 0xff, 0xff, 0xff, 0xff, 0xff, 0xb3, 0x00, 0x00,
    0x00, 0x00, 0x00, 0x00, 0x00, 0x00, 0x00, 0x00, 0x00, 0x1a, 0xff, 0xff, 0xff, 0xff, 0xff, 0xff, 0xff, 0xff, 0xff, 0xff, 0xff, 0xff, 0x90, 0x00,
    0x00, 0x00, 0x00, 0x00, 0x00, 0x00, 0x00, 0x00, 0x02, 0xdf, 0xff, 0xff, 0xff, 0xff, 0xff, 0xff, 0xff, 0xff, 0xff, 0xff, 0xff, 0xff, 0xfc, 0x10,
    0x00, 0x00, 0x00, 0x00, 0x00, 0x00, 0x00, 0x00, 0x2e, 0xff, 0xff, 0xff, 0xff, 0xff, 0xff, 0xff, 0xff, 0xff, 0xff, 0xff, 0xff, 0xff, 0xff, 0xd1,
    0x00, 0x00, 0x00, 0x00, 0x00, 0x00, 0x00, 0x01, 0xdf, 0xff, 0xff, 0xff, 0xff, 0xff, 0xff, 0xff, 0xff, 0xff, 0xff, 0xff, 0xff, 0xff, 0xff, 0xfc,
    0x00, 0x00, 0x00, 0x00, 0x00, 0x00, 0x00, 0x0a, 0xff, 0xff, 0xff, 0xff, 0xff, 0xff, 0xff, 0xff, 0xff, 0xff, 0xff, 0xff, 0xff, 0xff, 0xff, 0xff,
    0x80, 0x00, 0x00, 0x00, 0x00, 0x00, 0x00, 0x4f, 0xff, 0xff, 0xff, 0xff, 0xff, 0xff, 0xff, 0xff, 0xff, 0xff, 0xff, 0xff, 0xff, 0xff, 0xff, 0xff,
    0xf3, 0x00, 0x00, 0x00, 0x00, 0x00, 0x00, 0xbf, 0xff, 0xff, 0xff, 0xff, 0xff, 0xfe, 0x84, 0x10, 0x01, 0x48, 0xef, 0xff, 0xff, 0xff, 0xff, 0xff,
    0xfa, 0x00, 0x00, 0x00, 0x00, 0x00, 0x02, 0xff, 0xff, 0xff, 0xff, 0xff, 0xff, 0xa1, 0x00, 0x00, 0x00, 0x00, 0x1a, 0xff, 0xff, 0xff, 0xff, 0xff,
    0xff, 0x10, 0x00, 0x00, 0x00, 0x00, 0x07, 0xff, 0xff, 0xff, 0xff, 0xff, 0xfa, 0x00, 0x00, 0x00, 0x00, 0x00, 0x00, 0xaf, 0xff, 0xff, 0xff, 0xff,
    0xff, 0x60, 0x00, 0x00, 0x00, 0x00, 0x0a, 0xff, 0xff, 0xff, 0xff, 0xff, 0xe1, 0x00, 0x00, 0x00, 0x00, 0x00, 0x00, 0x1e, 0xff, 0xff, 0xff, 0xff,
    0xff, 0xa0, 0x00, 0x00, 0x00, 0x00, 0x0d, 0xff, 0xff, 0xff, 0xff, 0xff, 0x80, 0x00, 0x00, 0x00, 0x00, 0x00, 0x00, 0x08, 0xff, 0xff, 0xff, 0xff,
    0xff, 0xc0, 0x00, 0x00, 0x00, 0x00, 0x0e, 0xff, 0xff, 0xff, 0xff, 0xff, 0x40, 0x00, 0x00, 0x00, 0x00, 0x00, 0x00, 0x04, 0xff, 0xff, 0xff, 0xff,
    0xff, 0xe0, 0x00, 0x00, 0x00, 0x00, 0x0f, 0xff, 0xff, 0xff, 0xff, 0xff, 0x30, 0x00, 0x00, 0x00, 0x00, 0x00, 0x00, 0x03, 0xff, 0xff, 0xff, 0xff,
    0xff, 0xf0, 0x00, 0x00, 0x00, 0x00, 0x0e, 0xff, 0xff, 0xff, 0xff, 0xff, 0x30, 0x00, 0x00, 0x00, 0x00, 0x00, 0x00, 0x03, 0xff, 0xff, 0xff, 0xff,
    0xff, 0xe0, 0x00, 0x00, 0x00, 0x00, 0x0d, 0xff, 0xff, 0xff, 0xff, 0xff, 0x40, 0x00, 0x00, 0x00, 0x00, 0x00, 0x00, 0x04, 0xff, 0xff, 0xff, 0xff,
    0xff, 0xd0, 0x00, 0x00, 0x00, 0x00, 0x0b, 0xff, 0xff, 0xff, 0xff, 0xff, 0x80, 0x00, 0x00, 0x00, 0x00, 0x00, 0x00, 0x08, 0xff, 0xff, 0xff, 0xff,
    0xff, 0xb0, 0x00, 0x00, 0x00, 0x00, 0x07, 0xff, 0xff, 0xff, 0xff, 0xff, 0xe1, 0x00, 0x00, 0x00, 0x00, 0x00, 0x00, 0x1e, 0xff, 0xff, 0xff, 0xff,
    0xff, 0x80, 0x00, 0x00, 0x00, 0x00, 0x03, 0xff, 0xff, 0xff, 0xff, 0xff, 0xf9, 0x00, 0x00, 0x00, 0x00, 0x00, 0x00, 0xaf, 0xff, 0xff, 0xff, 0xff,
    0xff, 0x40, 0x00, 0x00, 0x00, 0x00, 0x00, 0xcf, 0xff, 0xff, 0xff, 0xff, 0xff, 0x90, 0x00, 0x00, 0x00, 0x00, 0x1a, 0xff, 0xff, 0xff, 0xff, 0xff,
    0xfc, 0x00, 0x00, 0x00, 0x00, 0x00, 0x00, 0x4f, 0xff, 0xff, 0xff, 0xff, 0xff, 0xfd, 0x73, 0x10, 0x01, 0x48, 0xef, 0xff, 0xff, 0xff, 0xff, 0xff,
    0xf6, 0x00, 0x00, 0x00, 0x00, 0x00, 0x00, 0x09, 0xff, 0xff, 0xff, 0xff, 0xff, 0xff, 0xff, 0xff, 0xff, 0xff, 0xff, 0xff, 0xff, 0xff, 0xff, 0xff,
    0xb0, 0x00, 0x00, 0x00, 0x00, 0x00, 0x00, 0x01, 0xcf, 0xff, 0xff, 0xff, 0xff, 0xff, 0xff, 0xff, 0xff, 0xff, 0xff, 0xff, 0xff, 0xff, 0xff, 0xfe,
    0x20, 0x00, 0x00, 0x00, 0x00, 0x00, 0x00, 0x00, 0x1d, 0xff, 0xff, 0xff, 0xff, 0xff, 0xff, 0xff, 0xff, 0xff, 0xff, 0xff, 0xff, 0xff, 0xff, 0xe3,
    0x00, 0x00, 0x00, 0x00, 0x00, 0x00, 0x00, 0x00, 0x01, 0xbf, 0xff, 0xff, 0xff, 0xff, 0xff, 0xff, 0xff, 0xff, 0xff, 0xff, 0xff, 0xff, 0xfd, 0x20,
    0x00, 0x00, 0x00, 0x00, 0x00, 0x00, 0x00, 0x00, 0x03, 0xdf, 0xff, 0xff, 0xff, 0xff, 0xff, 0xff, 0xff, 0xff, 0xff, 0xff, 0xff, 0xff, 0xf4, 0x00,
    0x00, 0x00, 0x00, 0x00, 0x00, 0x00, 0x00, 0x00, 0x6f, 0xff, 0xff, 0xff, 0xff, 0xff, 0xff, 0xff, 0xff, 0xff, 0xff, 0xff, 0xff, 0xff, 0xfe, 0x50,
    0x00, 0x00, 0x00, 0x00, 0x00, 0x00, 0x00, 0x06, 0xff, 0xff, 0xff, 0xff, 0xff, 0xff, 0xff, 0xff, 0xff, 0xff, 0xff, 0xff, 0xff, 0xff, 0xff, 0xf7,
    0x00, 0x00, 0x00, 0x00, 0x00, 0x00, 0x00, 0x6f, 0xff, 0xff, 0xff, 0xff, 0xff, 0xff, 0xff, 0xff, 0xff, 0xff, 0xff, 0xff, 0xff, 0xff, 0xff, 0xff,
    0x60, 0x00, 0x00, 0x00, 0x00, 0x00, 0x02, 0xff, 0xff, 0xff, 0xff, 0xff, 0xff, 0xff, 0xff, 0xff, 0xff, 0xff, 0xff, 0xff, 0xff, 0xff, 0xff, 0xff,
    0xf3, 0x00, 0x00, 0x00, 0x00, 0x00, 0x0c, 0xff, 0xff, 0xff, 0xff, 0xff, 0xff, 0xe9, 0x52, 0x10, 0x12, 0x48, 0xdf, 0xff, 0xff, 0xff, 0xff, 0xff,
    0xfc, 0x00, 0x00, 0x00, 0x00, 0x00, 0x6f, 0xff, 0xff, 0xff, 0xff, 0xff, 0xf8, 0x10, 0x00, 0x00, 0x00, 0x00, 0x06, 0xff, 0xff, 0xff, 0xff, 0xff,
    0xff, 0x70, 0x00, 0x00, 0x00, 0x00, 0xdf, 0xff, 0xff, 0xff, 0xff, 0xff, 0x60, 0x00, 0x00, 0x00, 0x00, 0x00, 0x00, 0x4f, 0xff, 0xff, 0xff, 0xff,
    0xff, 0xd0, 0x00, 0x00, 0x00, 0x04, 0xff, 0xff, 0xff, 0xff, 0xff, 0xf9, 0x00, 0x00, 0x00, 0x00, 0x00, 0x00, 0x00, 0x06, 0xff, 0xff, 0xff, 0xff,
    0xff, 0xf5, 0x00, 0x00, 0x00, 0x08, 0xff, 0xff, 0xff, 0xff, 0xff, 0xe1, 0x00, 0x00, 0x00, 0x00, 0x00, 0x00, 0x00, 0x00, 0xdf, 0xff, 0xff, 0xff,
    0xff, 0xf9, 0x00, 0x00, 0x00, 0x0b, 0xff, 0xff, 0xff, 0xff, 0xff, 0x90, 0x00, 0x00, 0x00, 0x00, 0x00, 0x00, 0x00, 0x00, 0x7f, 0xff, 0xff, 0xff,
    0xff, 0xfd, 0x00, 0x00, 0x00, 0x0d, 0xff, 0xff, 0xff, 0xff, 0xff, 0x50, 0x00, 0x00, 0x00, 0x00, 0x00, 0x00, 0x00, 0x00, 0x3f, 0xff, 0xff, 0xff,
    0xff, 0xff, 0x00, 0x00, 0x00, 0x0e, 0xff, 0xff, 0xff, 0xff, 0xff, 0x30, 0x00, 0x00, 0x00, 0x00, 0x00, 0x00, 0x00, 0x00, 0x1f, 0xff, 0xff, 0xff,
    0xff, 0xff, 0x10, 0x00, 0x00, 0x0f, 0xff, 0xff, 0xff, 0xff, 0xff, 0x20, 0x00, 0x00, 0x00, 0x00, 0x00, 0x00, 0x00, 0x00, 0x0f, 0xff, 0xff, 0xff,
    0xff, 0xff, 0x20, 0x00, 0x00, 0x0e, 0xff, 0xff, 0xff, 0xff, 0xff, 0x30, 0x00, 0x00, 0x00, 0x00, 0x00, 0x00, 0x00, 0x00, 0x1f, 0xff, 0xff, 0xff,
    0xff, 0xff, 0x10, 0x00, 0x00, 0x0d, 0xff, 0xff, 0xff, 0xff, 0xff, 0x50, 0x00, 0x00, 0x00, 0x00, 0x00, 0x00, 0x00, 0x00, 0x3f, 0xff, 0xff, 0xff,
    0xff, 0xff, 0x00, 0x00, 0x00, 0x0b, 0xff, 0xff, 0xff, 0xff, 0xff, 0x90, 0x00, 0x00, 0x00, 0x00, 0x00, 0x00, 0x00, 0x00, 0x7f, 0xff, 0xff, 0xff,
    0xff, 0xfd, 0x00, 0x00, 0x00, 0x09, 0xff, 0xff, 0xff, 0xff, 0xff, 0xe1, 0x00, 0x00, 0x00, 0x00, 0x00, 0x00, 0x00, 0x00, 0xcf, 0xff, 0xff, 0xff,
    0xff, 0xfb, 0x00, 0x00, 0x00, 0x05, 0xff, 0xff, 0xff, 0xff, 0xff, 0xf8, 0x00, 0x00, 0x00, 0x00, 0x00, 0x00, 0x00, 0x05, 0xff, 0xff, 0xff, 0xff,
    0xff, 0xf7, 0x00, 0x00, 0x00, 0x01, 0xff, 0xff, 0xff, 0xff, 0xff, 0xff, 0x60, 0x00, 0x00, 0x00, 0x00, 0x00, 0x00, 0x3e, 0xff, 0xff, 0xff, 0xff,
    0xff, 0xf3, 0x00, 0x00, 0x00, 0x00, 0xbf, 0xff, 0xff, 0xff, 0xff, 0xff, 0xf8, 0x10, 0x00, 0x00, 0x00, 0x00, 0x05, 0xef, 0xff, 0xff, 0xff, 0xff,
    0xff, 0xd0, 0x00, 0x00, 0x00, 0x00, 0x4f, 0xff, 0xff, 0xff, 0xff, 0xff, 0xff, 0xe9, 0x52, 0x10, 0x01, 0x47, 0xcf, 0xff, 0xff, 0xff, 0xff, 0xff,
    0xff, 0x60, 0x00, 0x00, 0x00, 0x00, 0x0b, 0xff, 0xff, 0xff, 0xff, 0xff, 0xff, 0xff, 0xff, 0xff, 0xff, 0xff, 0xff, 0xff, 0xff, 0xff, 0xff, 0xff,
    0xfc, 0x00, 0x00, 0x00, 0x00, 0x00, 0x02, 0xef, 0xff, 0xff, 0xff, 0xff, 0xff, 0xff, 0xff, 0xff, 0xff, 0xff, 0xff, 0xff, 0xff, 0xff, 0xff, 0xff,
    0xf3, 0x00, 0x00, 0x00, 0x00, 0x00, 0x00, 0x5f, 0xff, 0xff, 0xff, 0xff, 0xff, 0xff, 0xff, 0xff, 0xff, 0xff, 0xff, 0xff, 0xff, 0xff, 0xff, 0xff,
    0x60, 0x00, 0x00, 0x00, 0x00, 0x00, 0x00, 0x06, 0xff, 0xff, 0xff, 0xff, 0xff, 0xff, 0xff, 0xff, 0xff, 0xff, 0xff, 0xff, 0xff, 0xff, 0xff, 0xf6,
    0x00, 0x00, 0x00, 0x00, 0x00, 0x00, 0x00, 0x00, 0x4e, 0xff, 0xff, 0xff, 0xff, 0xff, 0xff, 0xff, 0xff, 0xff, 0xff, 0xff, 0xff, 0xff, 0xfe, 0x40,
    0x00, 0x00, 0x00, 0x00, 0x00, 0x00, 0x00, 0x00, 0x02, 0xbf, 0xff, 0xff, 0xff, 0xff, 0xff, 0xff, 0xff, 0xff, 0xff, 0xff, 0xff, 0xff, 0xa1, 0x00,
    0x00, 0x00, 0x00, 0x00, 0x00, 0x00, 0x00, 0x00, 0x00, 0x04, 0xcf, 0xff, 0xff, 0xff, 0xff, 0xff, 0xff, 0xff, 0xff, 0xff, 0xff, 0xb3, 0x00, 0x00,
    0x00, 0x00, 0x00, 0x00, 0x00, 0x00, 0x00, 0x00, 0x00, 0x00, 0x03, 0x9e, 0xff, 0xff, 0xff, 0xff, 0xff, 0xff, 0xff, 0xfd, 0x83, 0x00, 0x00, 0x00,
    0x00, 0x00, 0x00, 0x00, 0x00, 0x00, 0x00, 0x00, 0x00, 0x00, 0x00, 0x00, 0x36, 0x9b, 0xde, 0xff, 0xfe, 0xdb, 0x96, 0x20, 0x00, 0x00, 0x00, 0x00,
    0x00, 0x00, 0x00, 0x00, 0x00, 0x00, 0x00, 0x00, 0x00, 0x00, 0x00, 0x00, 0x00, 0x37, 0xac, 0xee, 0xfe, 0xec, 0xa8, 0x40, 0x00, 0x00, 0x00, 0x00,
    0x00, 0x00, 0x00, 0x00, 0x00, 0x00, 0x00, 0x00, 0x00, 0x00, 0x00, 0x02, 0x9e, 0xff, 0xff, 0xff, 0xff, 0xff, 0xff, 0xfe, 0x93, 0x00, 0x00, 0x00,
    0x00, 0x00, 0x00, 0x00, 0x00, 0x00, 0x00, 0x00, 0x00, 0x00, 0x02, 0xaf, 0xff, 0xff, 0xff, 0xff, 0xff, 0xff, 0xff, 0xff, 0xff, 0xb3, 0x00, 0x00,
    0x00, 0x00, 0x00, 0x00, 0x00, 0x00, 0x00, 0x00, 0x00, 0x00, 0x7f, 0xff, 0xff, 0xff, 0xff, 0xff, 0xff, 0xff, 0xff, 0xff, 0xff, 0xff, 0x70, 0x00,
    0x00, 0x00, 0x00, 0x00, 0x00, 0x00, 0x00, 0x00, 0x00, 0x1b, 0xff, 0xff, 0xff, 0xff, 0xff, 0xff, 0xff, 0xff, 0xff, 0xff, 0xff, 0xff, 0xfa, 0x00,
    0x00, 0x00, 0x00, 0x00, 0x00, 0x00, 0x00, 0x00, 0x01, 0xcf, 0xff, 0xff, 0xff, 0xff, 0xff, 0xff, 0xff, 0xff, 0xff, 0xff, 0xff, 0xff, 0xff, 0xb0,
    0x00, 0x00, 0x00, 0x00, 0x00, 0x00, 0x00, 0x00, 0x1c, 0xff, 0xff, 0xff, 0xff, 0xff, 0xff, 0xff, 0xff, 0xff, 0xff, 0xff, 0xff, 0xff, 0xff, 0xf9,
    0x00, 0x00, 0x00, 0x00, 0x00, 0x00, 0x00, 0x00, 0xbf, 0xff, 0xff, 0xff, 0xff, 0xff, 0xff, 0xff, 0xff, 0xff, 0xff, 0xff, 0xff, 0xff, 0xff, 0xff,
    0x50, 0x00, 0x00, 0x00, 0x00, 0x00, 0x00, 0x08, 0xff, 0xff, 0xff, 0xff, 0xff, 0xff, 0xff, 0xff, 0xff, 0xff, 0xff, 0xff, 0xff, 0xff, 0xff, 0xff,
    0xe1, 0x00, 0x00, 0x00, 0x00, 0x00, 0x00, 0x2f, 0xff, 0xff, 0xff, 0xff, 0xff, 0xff, 0xd8, 0x31, 0x01, 0x27, 0xcf, 0xff, 0xff, 0xff, 0xff, 0xff,
    0xf9, 0x00, 0x00, 0x00, 0x00, 0x00, 0x00, 0xbf, 0xff, 0xff, 0xff, 0xff, 0xff, 0xf7, 0x00, 0x00, 0x00, 0x00, 0x06, 0xff, 0xff, 0xff, 0xff, 0xff,
    0xff, 0x20, 0x00, 0x00, 0x00, 0x00, 0x03, 0xff, 0xff, 0xff, 0xff, 0xff, 0xfe, 0x40, 0x00, 0x00, 0x00, 0x00, 0x00, 0x4f, 0xff, 0xff, 0xff, 0xff,
    0xff, 0x80, 0x00, 0x00, 0x00, 0x00, 0x09, 0xff, 0xff, 0xff, 0xff, 0xff, 0xf5, 0x00, 0x00, 0x00, 0x00, 0x00, 0x00, 0x06, 0xff, 0xff, 0xff, 0xff,
    0xff, 0xd0, 0x00, 0x00, 0x00, 0x00, 0x0e, 0xff, 0xff, 0xff, 0xff, 0xff, 0xa0, 0x00, 0x00, 0x00, 0x00, 0x00, 0x00, 0x00, 0xbf, 0xff, 0xff, 0xff,
    0xff, 0xf4, 0x00, 0x00, 0x00, 0x00, 0x4f, 0xff, 0xff, 0xff, 0xff, 0xff, 0x30, 0x00, 0x00, 0x00, 0x00, 0x00, 0x00, 0x00, 0x3f, 0xff, 0xff, 0xff,
    0xff, 0xf8, 0x00, 0x00, 0x00, 0x00, 0x7f, 0xff, 0xff, 0xff, 0xff, 0xfc, 0x00, 0x00, 0x00, 0x00, 0x00, 0x00, 0x00, 0x00, 0x0c, 0xff, 0xff, 0xff,
    0xff, 0xfc, 0x00, 0x00, 0x00, 0x00, 0xaf, 0xff, 0xff, 0xff, 0xff, 0xf8, 0x00, 0x00, 0x00, 0x00, 0x00, 0x00, 0x00, 0x00, 0x08, 0xff, 0xff, 0xff,
    0xff, 0xff, 0x10, 0x00, 0x00, 0x00, 0xcf, 0xff, 0xff, 0xff, 0xff, 0xf5, 0x00, 0x00, 0x00, 0x00, 0x00, 0x00, 0x00, 0x00, 0x05, 0xff, 0xff, 0xff,
    0xff, 0xff, 0x40, 0x00, 0x00, 0x00, 0xef, 0xff, 0xff, 0xff, 0xff, 0xf3, 0x00, 0x00, 0x00, 0x00, 0x00, 0x00, 0x00, 0x00, 0x04, 0xff, 0xff, 0xff,
    0xff, 0xff, 0x60, 0x00, 0x00, 0x00, 0xef, 0xff, 0xff, 0xff, 0xff, 0xf2, 0x00, 0x00, 0x00, 0x00, 0x00, 0x00, 0x00, 0x00, 0x02, 0xff, 0xff, 0xff,
    0xff, 0xff, 0x80, 0x00, 0x00, 0x00, 0xff, 0xff, 0xff, 0xff, 0xff, 0xf3, 0x00, 0x00, 0x00, 0x00, 0x00, 0x00, 0x00, 0x00, 0x03, 0xff, 0xff, 0xff,
    0xff, 0xff, 0xa0, 0x00, 0x00, 0x00, 0xef, 0xff, 0xff, 0xff, 0xff, 0xf4, 0x00, 0x00, 0x00, 0x00, 0x00, 0x00, 0x00, 0x00, 0x04, 0xff, 0xff, 0xff,
    0xff, 0xff, 0xc0, 0x00, 0x00, 0x00, 0xef, 0xff, 0xff, 0xff, 0xff, 0xf5, 0x00, 0x00, 0x00, 0x00, 0x00, 0x00, 0x00, 0x00, 0x05, 0xff, 0xff, 0xff,
    0xff, 0xff, 0xd0, 0x00, 0x00, 0x00, 0xcf, 0xff, 0xff, 0xff, 0xff, 0xf8, 0x00, 0x00, 0x00, 0x00, 0x00, 0x00, 0x00, 0x00, 0x08, 0xff, 0xff, 0xff,
    0xff, 0xff, 0xe0, 0x00, 0x00, 0x00, 0xaf, 0xff, 0xff, 0xff, 0xff, 0xfc, 0x00, 0x00, 0x00, 0x00, 0x00, 0x00, 0x00, 0x00, 0x0c, 0xff, 0xff, 0xff,
    0xff, 0xff, 0xe0, 0x00, 0x00, 0x00, 0x7f, 0xff, 0xff, 0xff, 0xff, 0xff, 0x20, 0x00, 0x00, 0x00, 0x00, 0x00, 0x00, 0x00, 0x2f, 0xff, 0xff, 0xff,
    0xff, 0xff, 0xf0, 0x00, 0x00, 0x00, 0x4f, 0xff, 0xff, 0xff, 0xff, 0xff, 0x90, 0x00, 0x00, 0x00, 0x00, 0x00, 0x00, 0x00, 0x9f, 0xff, 0xff, 0xff,
    0xff, 0xff, 0xf0, 0x00, 0x00, 0x00, 0x0e, 0xff, 0xff, 0xff, 0xff, 0xff, 0xf3, 0x00, 0x00, 0x00, 0x00, 0x00, 0x00, 0x04, 0xff, 0xff, 0xff, 0xff,
    0xff, 0xff, 0xf0, 0x00, 0x00, 0x00, 0x09, 0xff, 0xff, 0xff, 0xff, 0xff, 0xfd, 0x20, 0x00, 0x00, 0x00, 0x00, 0x00, 0x3e, 0xff, 0xff, 0xff, 0xff,
    0xff, 0xff, 0xe0, 0x00, 0x00, 0x00, 0x03, 0xff, 0xff, 0xff, 0xff, 0xff, 0xff, 0xd4, 0x00, 0x00, 0x00, 0x00, 0x06, 0xef, 0xff, 0xff, 0xff, 0xff,
    0xff, 0xff, 0xe0, 0x00, 0x00, 0x00, 0x00, 0xaf, 0xff, 0xff, 0xff, 0xff, 0xff, 0xff, 0xb6, 0x31, 0x01, 0x37, 0xcf, 0xff, 0xff, 0xff, 0xff, 0xff,
    0xff, 0xff, 0xd0, 0x00, 0x00, 0x00, 0x00, 0x2f, 0xff, 0xff, 0xff, 0xff, 0xff, 0xff, 0xff, 0xff, 0xff, 0xff, 0xff, 0xff, 0xff, 0xff, 0xff, 0xff,
    0xff, 0xff, 0xc0, 0x00, 0x00, 0x00, 0x00, 0x07, 0xff, 0xff, 0xff, 0xff, 0xff, 0xff, 0xff, 0xff, 0xff, 0xff, 0xff, 0xff, 0xff, 0xff, 0xff, 0xff,
    0xff, 0xff, 0xb0, 0x00, 0x00, 0x00, 0x00, 0x00, 0xaf, 0xff, 0xff, 0xff, 0xff, 0xff, 0xff, 0xff, 0xff, 0xff, 0xff, 0xff, 0xff, 0xff, 0xff, 0xff,
    0xff, 0xff, 0xa0, 0x00, 0x00, 0x00, 0x00, 0x00, 0x0b, 0xff, 0xff, 0xff, 0xff, 0xff, 0xff, 0xff, 0xff, 0xff, 0xff, 0xff, 0xff, 0xff, 0xff, 0xff,
    0xff, 0xff, 0x80, 0x00, 0x00, 0x00, 0x00, 0x00, 0x01, 0xbf, 0xff, 0xff, 0xff, 0xff, 0xff, 0xff, 0xff, 0xff, 0xff, 0xff, 0xff, 0xff, 0xff, 0xff,
    0xff, 0xff, 0x50, 0x00, 0x00, 0x00, 0x00, 0x00, 0x00, 0x07, 0xff, 0xff, 0xff, 0xff, 0xff, 0xff, 0xff, 0xff, 0xff, 0xff, 0xff, 0xff, 0xff, 0xff,
    0xff, 0xff, 0x30, 0x00, 0x00, 0x00, 0x00, 0x00, 0x00, 0x00, 0x3b, 0xff, 0xff, 0xff, 0xff, 0xff, 0xff, 0xff, 0xff, 0xfe, 0x6a, 0xff, 0xff, 0xff,
    0xff, 0xff, 0x10, 0x00, 0x00, 0x00, 0x00, 0x00, 0x00, 0x00, 0x00, 0x3a, 0xef, 0xff, 0xff, 0xff, 0xff, 0xff, 0xfd, 0x71, 0x0c, 0xff, 0xff, 0xff,
    0xff, 0xfc, 0x00, 0x00, 0x00, 0x00, 0x07, 0xcc, 0xcc, 0xcc, 0xcb, 0x50, 0x04, 0x7a, 0xcd, 0xee, 0xdc, 0xa7, 0x30, 0x00, 0x1f, 0xff, 0xff, 0xff,
    0xff, 0xf9, 0x00, 0x00, 0x00, 0x00, 0x5f, 0xff, 0xff, 0xff, 0xff, 0xf2, 0x00, 0x00, 0x00, 0x00, 0x00, 0x00, 0x00, 0x00, 0x4f, 0xff, 0xff, 0xff,
    0xff, 0xf5, 0x00, 0x00, 0x00, 0x00, 0x7f, 0xff, 0xff, 0xff, 0xff, 0xf7, 0x00, 0x00, 0x00, 0x00, 0x00, 0x00, 0x00, 0x00, 0x8f, 0xff, 0xff, 0xff,
    0xff, 0xf1, 0x00, 0x00, 0x00, 0x00, 0x5f, 0xff, 0xff, 0xff, 0xff, 0xfb, 0x00, 0x00, 0x00, 0x00, 0x00, 0x00, 0x00, 0x00, 0xdf, 0xff, 0xff, 0xff,
    0xff, 0xb0, 0x00, 0x00, 0x00, 0x00, 0x3f, 0xff, 0xff, 0xff, 0xff, 0xff, 0x10, 0x00, 0x00, 0x00, 0x00, 0x00, 0x00, 0x04, 0xff, 0xff, 0xff, 0xff,
    0xff, 0x50, 0x00, 0x00, 0x00, 0x00, 0x1f, 0xff, 0xff, 0xff, 0xff, 0xff, 0x60, 0x00, 0x00, 0x00, 0x00, 0x00, 0x00, 0x0c, 0xff, 0xff, 0xff, 0xff,
    0xfe, 0x00, 0x00, 0x00, 0x00, 0x00, 0x0c, 0xff, 0xff, 0xff, 0xff, 0xff, 0xd1, 0x00, 0x00, 0x00, 0x00, 0x00, 0x00, 0x6f, 0xff, 0xff, 0xff, 0xff,
    0xf8, 0x00, 0x00, 0x00, 0x00, 0x00, 0x07, 0xff, 0xff, 0xff, 0xff, 0xff, 0xf9, 0x00, 0x00, 0x00, 0x00, 0x00, 0x04, 0xff, 0xff, 0xff, 0xff, 0xff,
    0xe1, 0x00, 0x00, 0x00, 0x00, 0x00, 0x02, 0xff, 0xff, 0xff, 0xff, 0xff, 0xff, 0x90, 0x00, 0x00, 0x00, 0x00, 0x6e, 0xff, 0xff, 0xff, 0xff, 0xff,
    0x70, 0x00, 0x00, 0x00, 0x00, 0x00, 0x00, 0xaf, 0xff, 0xff, 0xff, 0xff, 0xff, 0xfd, 0x73, 0x10, 0x02, 0x6c, 0xff, 0xff, 0xff, 0xff, 0xff, 0xfc,
    0x00, 0x00, 0x00, 0x00, 0x00, 0x00, 0x00, 0x3f, 0xff, 0xff, 0xff, 0xff, 0xff, 0xff, 0xff, 0xff, 0xff, 0xff, 0xff, 0xff, 0xff, 0xff, 0xff, 0xf3,
    0x00, 0x00, 0x00, 0x00, 0x00, 0x00, 0x00, 0x08, 0xff, 0xff, 0xff, 0xff, 0xff, 0xff, 0xff, 0xff, 0xff, 0xff, 0xff, 0xff, 0xff, 0xff, 0xff, 0x50,
    0x00, 0x00, 0x00, 0x00, 0x00, 0x00, 0x00, 0x00, 0xcf, 0xff, 0xff, 0xff, 0xff, 0xff, 0xff, 0xff, 0xff, 0xff, 0xff, 0xff, 0xff, 0xff, 0xf7, 0x00,
    0x00, 0x00, 0x00, 0x00, 0x00, 0x00, 0x00, 0x00, 0x1d, 0xff, 0xff, 0xff, 0xff, 0xff, 0xff, 0xff, 0xff, 0xff, 0xff, 0xff, 0xff, 0xff, 0x70, 0x00,
    0x00, 0x00, 0x00, 0x00, 0x00, 0x00, 0x00, 0x00, 0x01, 0xcf, 0xff, 0xff, 0xff, 0xff, 0xff, 0xff, 0xff, 0xff, 0xff, 0xff, 0xff, 0xf6, 0x00, 0x00,
    0x00, 0x00, 0x00, 0x00, 0x00, 0x00, 0x00, 0x00, 0x00, 0x1a, 0xff, 0xff, 0xff, 0xff, 0xff, 0xff, 0xff, 0xff, 0xff, 0xff, 0xfd, 0x30, 0x00, 0x00,
    0x00, 0x00, 0x00, 0x00, 0x00, 0x00, 0x00, 0x00, 0x00, 0x00, 0x5d, 0xff, 0xff, 0xff, 0xff, 0xff, 0xff, 0xff, 0xff, 0xfe, 0x70, 0x00, 0x00, 0x00,
    0x00, 0x00, 0x00, 0x00, 0x00, 0x00, 0x00, 0x00, 0x00, 0x00, 0x00, 0x5c, 0xff, 0xff, 0xff, 0xff, 0xff, 0xff, 0xfd, 0x71, 0x00, 0x00, 0x00, 0x00,
    0x00, 0x00, 0x00, 0x00, 0x00, 0x00, 0x00, 0x00, 0x00, 0x00, 0x00, 0x00, 0x26, 0x9c, 0xde, 0xfe, 0xec, 0xa7, 0x30, 0x00, 0x00, 0x00, 0x00, 0x00,
    0x00, 0x00, 0x00, 0x00,
};
constexpr char kSpeedFirst = 32;
constexpr int kSpeedAscent = 76;
constexpr int kSpeedDescent = 20;

// Value: 30 px, 획 1, ' '..'9', 2158바이트
constexpr HudGlyph kValueGlyphs[] = {
    {0, 8, 2, 0, 30, 8},
    {16, 0, 0, 0, 0, 0},
    {16, 0, 0, 0, 0, 0},
    {16, 0, 0, 0, 0, 0},
    {16, 0, 0, 0, 0, 0},
    {16, 0, 0, 0, 0, 0},
    {16, 0, 0, 0, 0, 0},
    {16, 0, 0, 0, 0, 0},
    {16, 0, 0, 0, 0, 0},
    {16, 0, 0, 0, 0, 0},
    {16, 0, 0, 0, 0, 0},
    {16, 0, 0, 0, 0, 0},
    {16, 0, 0, 0, 0, 0},
    {16, 10, 12, 0, 20, 10},
    {136, 0, 0, 0, 0, 0},
    {136, 0, 0, 0, 0, 0},
    {136, 19, 22, 0, 10, 19},
    {554, 19, 22, 0, 10, 19},
    {972, 19, 22, 0, 10, 19},
    {1390, 19, 22, 0, 10, 19},
    {1808, 19, 22, 0, 10, 19},
    {2226, 19, 22, 0, 10, 19},
    {2644, 19, 22, 0, 10, 19},
    {3062, 19, 22, 0, 10, 19},
    {3480, 19, 22, 0, 10, 19},
    {3898, 19, 22, 0, 10, 19},
};
constexpr uint8_t kValuePacked[] = {
    0x00, 0x00, 0x00, 0x00, 0x00, 0x00, 0x00, 0x00, 0x0a, 0xee, 0xee, 0xee, 0xa0, 0x0f, 0xff, 0xff, 0xff, 0xf0, 0x0f, 0xff, 0xff, 0xff, 0xf0, 0x0b,
    0xff, 0xff, 0xff, 0xb0, 0x00, 0x00, 0x00, 0x00, 0x00, 0x00, 0x00, 0x00, 0x00, 0x00, 0x00, 0x00, 0x00, 0x00, 0x00, 0x00, 0x00, 0x00, 0x00, 0x00,
    0x00, 0x00, 0x00, 0x00, 0x00, 0x00, 0x00, 0x00, 0x00, 0x00, 0x00, 0x00, 0x00, 0x00, 0x00, 0x00, 0x00, 0x00, 0x00, 0x00, 0x00, 0x00, 0x02, 0x7c,
    0xef, 0xec, 0x72, 0x00, 0x00, 0x00, 0x00, 0x07, 0xef, 0xff, 0xff, 0xff, 0xe7, 0x00, 0x00, 0x00, 0x08, 0xff, 0xff, 0xff, 0xff, 0xff, 0xf8, 0x00,
    0x00, 0x04, 0xff, 0xff, 0xff, 0xff, 0xff, 0xff, 0xf4, 0x00, 0x00, 0xcf, 0xff, 0xfa, 0x20, 0x2a, 0xff, 0xff, 0xc0, 0x00, 0x3f, 0xff, 0xfd, 0x00,
    0x00, 0x0d, 0xff, 0xff, 0x30, 0x08, 0xff, 0xff, 0x60, 0x00, 0x00, 0x6f, 0xff, 0xf8, 0x00, 0xaf, 0xff, 0xf2, 0x00, 0x00, 0x02, 0xff, 0xff, 0xa0,
    0x0d, 0xff, 0xfe, 0x00, 0x00, 0x00, 0x0f, 0xff, 0xfd, 0x00, 0xef, 0xff, 0xd0, 0x00, 0x00, 0x00, 0xdf, 0xff, 0xe0, 0x0f, 0xff, 0xfc, 0x00, 0x00,
    0x00, 0x0d, 0xff, 0xff, 0x00, 0xff, 0xff, 0xc0, 0x00, 0x00, 0x00, 0xdf, 0xff, 0xf0, 0x0e, 0xff, 0xfd, 0x00, 0x00, 0x00, 0x0d, 0xff, 0xfe, 0x00,
    0xdf, 0xff, 0xe0, 0x00, 0x00, 0x00, 0xff, 0xff, 0xd0, 0x0a, 0xff, 0xff, 0x20, 0x00, 0x00, 0x2f, 0xff, 0xfa, 0x00, 0x8f, 0xff, 0xf6, 0x00, 0x00,
    0x06, 0xff, 0xff, 0x80, 0x03, 0xff, 0xff, 0xd0, 0x00, 0x00, 0xdf, 0xff, 0xf3, 0x00, 0x0c, 0xff, 0xff, 0xa2, 0x02, 0xaf, 0xff, 0xfc, 0x00, 0x00,
    0x4f, 0xff, 0xff, 0xff, 0xff, 0xff, 0xff, 0x40, 0x00, 0x00, 0x8f, 0xff, 0xff, 0xff, 0xff, 0xff, 0x80, 0x00, 0x00, 0x00, 0x7e, 0xff, 0xff, 0xff,
    0xfe, 0x70, 0x00, 0x00, 0x00, 0x00, 0x27, 0xce, 0xfe, 0xc7, 0x20, 0x00, 0x00, 0x00, 0x00, 0x00, 0x00, 0x4a, 0xef, 0xf8, 0x00, 0x00, 0x00, 0x00,
    0x00, 0x02, 0xaf, 0xff, 0xff, 0xc0, 0x00, 0x00, 0x00, 0x00, 0x07, 0xef, 0xff, 0xff, 0xfc, 0x00, 0x00, 0x00, 0x00, 0x2d, 0xff, 0xff, 0xff, 0xff,
    0xc0, 0x00, 0x00, 0x00, 0x07, 0xff, 0xff, 0xff, 0xff, 0xfc, 0x00, 0x00, 0x00, 0x00, 0x8f, 0xff, 0xfa, 0xff, 0xff, 0xc0, 0x00, 0x00, 0x00, 0x07,
    0xff, 0xd4, 0x0f, 0xff, 0xfc, 0x00, 0x00, 0x00, 0x00, 0x3d, 0x70, 0x00, 0xff, 0xff, 0xc0, 0x00, 0x00, 0x00, 0x00, 0x00, 0x00, 0x0f, 0xff, 0xfc,
    0x00, 0x00, 0x00, 0x00, 0x00, 0x00, 0x00, 0xff, 0xff, 0xc0, 0x00, 0x00, 0x00, 0x00, 0x00, 0x00, 0x0f, 0xff, 0xfc, 0x00, 0x00, 0x00, 0x00, 0x00,
    0x00, 0x00, 0xff, 0xff, 0xc0, 0x00, 0x00, 0x00, 0x00, 0x00, 0x00, 0x0f, 0xff, 0xfc, 0x00, 0x00, 0x00, 0x00, 0x00, 0x00, 0x00, 0xff, 0xff, 0xc0,
    0x00, 0x00, 0x00, 0x00, 0x00, 0x00, 0x0f, 0xff, 0xfc, 0x00, 0x00, 0x00, 0x00, 0x00, 0x00, 0x00, 0xff, 0xff, 0xc0, 0x00, 0x00, 0x00, 0x00, 0x00,
    0x00, 0x0f, 0xff, 0xfc, 0x00, 0x00, 0x00, 0x00, 0x00, 0x00, 0x00, 0xff, 0xff, 0xc0, 0x00, 0x00, 0x00, 0x00, 0x00, 0x00, 0x0f, 0xff, 0xfc, 0x00,
    0x00, 0x00, 0x00, 0x00, 0x00, 0x00, 0xff, 0xff, 0xc0, 0x00, 0x00, 0x00, 0x00, 0x00, 0x00, 0x0f, 0xff, 0xfc, 0x00, 0x00, 0x00, 0x00, 0x00, 0x00,
    0x00, 0xbf, 0xff, 0x80, 0x00, 0x00, 0x00, 0x00, 0x00, 0x27, 0xbe, 0xfe, 0xd9, 0x30, 0x00, 0x00, 0x00, 0x00, 0x7f, 0xff, 0xff, 0xff, 0xff, 0x90,
    0x00, 0x00, 0x00, 0x8f, 0xff, 0xff, 0xff, 0xff, 0xff, 0x90, 0x00, 0x00, 0x4f, 0xff, 0xff, 0xff, 0xff, 0xff, 0xff, 0x40, 0x00, 0x0c, 0xff, 0xff,
    0x81, 0x02, 0xbf, 0xff, 0xfa, 0x00, 0x02, 0xff, 0xff, 0xa0, 0x00, 0x01, 0xff, 0xff, 0xe0, 0x00, 0x5f, 0xff, 0xf5, 0x00, 0x00, 0x0d, 0xff, 0xff,
    0x00, 0x06, 0xff, 0xff, 0x20, 0x00, 0x00, 0xef, 0xff, 0xd0, 0x00, 0x17, 0x88, 0x50, 0x00, 0x00, 0x6f, 0xff, 0xfa, 0x00, 0x00, 0x00, 0x00, 0x00,
    0x00, 0x2e, 0xff, 0xff, 0x40, 0x00, 0x00, 0x00, 0x00, 0x00, 0x2d, 0xff, 0xff, 0xa0, 0x00, 0x00, 0x00, 0x00, 0x00, 0x2d, 0xff, 0xff, 0xd1, 0x00,
    0x00, 0x00, 0x00, 0x00, 0x2d, 0xff, 0xff, 0xe2, 0x00, 0x00, 0x00, 0x00, 0x00, 0x2d, 0xff, 0xff, 0xe3, 0x00, 0x00, 0x00, 0x00, 0x00, 0x3e, 0xff,
    0xff, 0xe3, 0x00, 0x00, 0x00, 0x00, 0x00, 0x3e, 0xff, 0xff, 0xd2, 0x00, 0x00, 0x00, 0x00, 0x00, 0x3e, 0xff, 0xff, 0xd2, 0x00, 0x00, 0x00, 0x00,
    0x00, 0x4e, 0xff, 0xff, 0xc1, 0x00, 0x00, 0x00, 0x00, 0x00, 0x4e, 0xff, 0xff, 0xfe, 0xee, 0xee, 0xee, 0xea, 0x00, 0x0e, 0xff, 0xff, 0xff, 0xff,
    0xff, 0xff, 0xff, 0xf0, 0x00, 0xff, 0xff, 0xff, 0xff, 0xff, 0xff, 0xff, 0xff, 0x00, 0x0b, 0xff, 0xff, 0xff, 0xff, 0xff, 0xff, 0xff, 0xb0, 0x00,
    0x00, 0x00, 0x39, 0xce, 0xfe, 0xc9, 0x30, 0x00, 0x00, 0x00, 0x01, 0xaf, 0xff, 0xff, 0xff, 0xff, 0x90, 0x00, 0x00, 0x01, 0xdf, 0xff, 0xff, 0xff,
    0xff, 0xff, 0xa0, 0x00, 0x00, 0xaf, 0xff, 0xff, 0xff, 0xff, 0xff, 0xff, 0x40, 0x00, 0x2f, 0xff, 0xfe, 0x51, 0x02, 0xbf, 0xff, 0xf9, 0x00, 0x06,
    0xff, 0xff, 0x50, 0x00, 0x01, 0xff, 0xff, 0xc0, 0x00, 0x7f, 0xff, 0xe1, 0x00, 0x00, 0x3f, 0xff, 0xfb, 0x00, 0x01, 0x67, 0x74, 0x00, 0x01, 0x5d,
    0xff, 0xff, 0x80, 0x00, 0x00, 0x00, 0x00, 0xae, 0xff, 0xff, 0xff, 0xf2, 0x00, 0x00, 0x00, 0x00, 0x0f, 0xff, 0xff, 0xff, 0xf6, 0x00, 0x00, 0x00,
    0x00, 0x00, 0xff, 0xff, 0xff, 0xfe, 0x00, 0x00, 0x00, 0x00, 0x00, 0x0b, 0xff, 0xff, 0xff, 0xfb, 0x00, 0x00, 0x00, 0x00, 0x00, 0x00, 0x15, 0xdf,
    0xff, 0xf6, 0x00, 0x18, 0x99, 0x70, 0x00, 0x00, 0x02, 0xff, 0xff, 0xb0, 0x05, 0xff, 0xff, 0x30, 0x00, 0x00, 0x0d, 0xff, 0xfe, 0x00, 0x3f, 0xff,
    0xf7, 0x00, 0x00, 0x00, 0xef, 0xff, 0xf0, 0x01, 0xff, 0xff, 0xd1, 0x00, 0x00, 0x3f, 0xff, 0xfd, 0x00, 0x0b, 0xff, 0xff, 0xc4, 0x11, 0x5d, 0xff,
    0xff, 0x80, 0x00, 0x4f, 0xff, 0xff, 0xff, 0xff, 0xff, 0xff, 0xe2, 0x00, 0x00, 0x8f, 0xff, 0xff, 0xff, 0xff, 0xff, 0xf4, 0x00, 0x00, 0x00, 0x8f,
    0xff, 0xff, 0xff, 0xff, 0xc3, 0x00, 0x00, 0x00, 0x00, 0x28, 0xce, 0xfe, 0xd9, 0x40, 0x00, 0x00, 0x00, 0x00, 0x00, 0x00, 0x00, 0x09, 0xff, 0xfb,
    0x00, 0x00, 0x00, 0x00, 0x00, 0x00, 0x06, 0xff, 0xff, 0xf0, 0x00, 0x00, 0x00, 0x00, 0x00, 0x03, 0xff, 0xff, 0xff, 0x00, 0x00, 0x00, 0x00, 0x00,
    0x01, 0xdf, 0xff, 0xff, 0xf0, 0x00, 0x00, 0x00, 0x00, 0x00, 0xaf, 0xff, 0xff, 0xff, 0x00, 0x00, 0x00, 0x00, 0x00, 0x6f, 0xff, 0xff, 0xff, 0xf0,
    0x00, 0x00, 0x00, 0x00, 0x2e, 0xff, 0xff, 0xff, 0xff, 0x00, 0x00, 0x00, 0x00, 0x1c, 0xff, 0xff, 0xff, 0xff, 0xf0, 0x00, 0x00, 0x00, 0x09, 0xff,
    0xff, 0x9c, 0xff, 0xff, 0x00, 0x00, 0x00, 0x05, 0xff, 0xff, 0xc0, 0xcf, 0xff, 0xf0, 0x00, 0x00, 0x02, 0xef, 0xff, 0xe2, 0x0c, 0xff, 0xff, 0x00,
    0x00, 0x00, 0xcf, 0xff, 0xf5, 0x00, 0xcf, 0xff, 0xf0, 0x00, 0x00, 0x9f, 0xff, 0xf9, 0x00, 0x0c, 0xff, 0xff, 0x00, 0x00, 0x5f, 0xff, 0xff, 0xff,
    0xff, 0xff, 0xff, 0xff, 0xb0, 0x0e, 0xff, 0xff, 0xff, 0xff, 0xff, 0xff, 0xff, 0xff, 0x00, 0xff, 0xff, 0xff, 0xff, 0xff, 0xff, 0xff, 0xff, 0xf0,
    0x0a, 0xee, 0xee, 0xee, 0xee, 0xef, 0xff, 0xff, 0xea, 0x00, 0x00, 0x00, 0x00, 0x00, 0x00, 0xcf, 0xff, 0xf0, 0x00, 0x00, 0x00, 0x00, 0x00, 0x00,
    0x0c, 0xff, 0xff, 0x00, 0x00, 0x00, 0x00, 0x00, 0x00, 0x00, 0xcf, 0xff, 0xf0, 0x00, 0x00, 0x00, 0x00, 0x00, 0x00, 0x0c, 0xff, 0xff, 0x00, 0x00,
    0x00, 0x00, 0x00, 0x00, 0x00, 0x8f, 0xff, 0xb0, 0x00, 0x00, 0x07, 0xff, 0xff, 0xff, 0xff, 0xff, 0xff, 0xa0, 0x00, 0x00, 0xcf, 0xff, 0xff, 0xff,
    0xff, 0xff, 0xfe, 0x00, 0x00, 0x0e, 0xff, 0xff, 0xff, 0xff, 0xff, 0xff, 0xe0, 0x00, 0x01, 0xff, 0xff, 0xee, 0xee, 0xee, 0xee, 0xe9, 0x00, 0x00,
    0x3f, 0xff, 0xf2, 0x00, 0x00, 0x00, 0x00, 0x00, 0x00, 0x05, 0xff, 0xff, 0x00, 0x00, 0x00, 0x00, 0x00, 0x00, 0x00, 0x7f, 0xff, 0xe7, 0xbd, 0xdc,
    0x94, 0x00, 0x00, 0x00, 0x09, 0xff, 0xff, 0xff, 0xff, 0xff, 0xfb, 0x10, 0x00, 0x00, 0xbf, 0xff, 0xff, 0xff, 0xff, 0xff, 0xfd, 0x10, 0x00, 0x0d,
    0xff, 0xff, 0xff, 0xff, 0xff, 0xff, 0xfa, 0x00, 0x00, 0xff, 0xff, 0xfb, 0x30, 0x29, 0xff, 0xff, 0xf2, 0x00, 0x2f, 0xff, 0xfb, 0x00, 0x00, 0x0a,
    0xff, 0xff, 0x70, 0x00, 0xce, 0xed, 0x20, 0x00, 0x00, 0x4f, 0xff, 0xfa, 0x00, 0x02, 0x22, 0x10, 0x00, 0x00, 0x01, 0xff, 0xff, 0xc0, 0x05, 0xff,
    0xfd, 0x00, 0x00, 0x00, 0x0f, 0xff, 0xfb, 0x00, 0x7f, 0xff, 0xf4, 0x00, 0x00, 0x03, 0xff, 0xff, 0xa0, 0x04, 0xff, 0xff, 0xa0, 0x00, 0x00, 0xaf,
    0xff, 0xf6, 0x00, 0x0e, 0xff, 0xff, 0x92, 0x13, 0x9f, 0xff, 0xfe, 0x10, 0x00, 0x8f, 0xff, 0xff, 0xff, 0xff, 0xff, 0xff, 0x70, 0x00, 0x01, 0xcf,
    0xff, 0xff, 0xff, 0xff, 0xff, 0x90, 0x00, 0x00, 0x01, 0xbf, 0xff, 0xff, 0xff, 0xfe, 0x60, 0x00, 0x00, 0x00, 0x00, 0x49, 0xce, 0xfe, 0xb7, 0x10,
    0x00, 0x00, 0x00, 0x00, 0x00, 0x39, 0xce, 0xfd, 0xa6, 0x00, 0x00, 0x00, 0x00, 0x01, 0xaf, 0xff, 0xff, 0xff, 0xfd, 0x40, 0x00, 0x00, 0x01, 0xcf,
    0xff, 0xff, 0xff, 0xff, 0xff, 0x40, 0x00, 0x00, 0xbf, 0xff, 0xff, 0xff, 0xff, 0xff, 0xfd, 0x00, 0x00, 0x6f, 0xff, 0xfa, 0x20, 0x05, 0xef, 0xff,
    0xf5, 0x00, 0x0d, 0xff, 0xfb, 0x00, 0x00, 0x05, 0xff, 0xff, 0x80, 0x04, 0xff, 0xff, 0x79, 0xdf, 0xed, 0xaf, 0xff, 0xf5, 0x00, 0x8f, 0xff, 0xff,
    0xff, 0xff, 0xff, 0xfb, 0x10, 0x00, 0x0b, 0xff, 0xff, 0xff, 0xff, 0xff, 0xff, 0xfc, 0x10, 0x00, 0xdf, 0xff, 0xff, 0xff, 0xef, 0xff, 0xff, 0xfa,
    0x00, 0x0e, 0xff, 0xff, 0xf7, 0x10, 0x19, 0xff, 0xff, 0xf3, 0x00, 0xff, 0xff, 0xf8, 0x00, 0x00, 0x0a, 0xff, 0xff, 0x70, 0x0f, 0xff, 0xff, 0x10,
    0x00, 0x00, 0x4f, 0xff, 0xfb, 0x00, 0xef, 0xff, 0xd0, 0x00, 0x00, 0x01, 0xff, 0xff, 0xc0, 0x0c, 0xff, 0xfd, 0x00, 0x00, 0x00, 0x0f, 0xff, 0xfb,
    0x00, 0xaf, 0xff, 0xf1, 0x00, 0x00, 0x03, 0xff, 0xff, 0xa0, 0x06, 0xff, 0xff, 0x70, 0x00, 0x00, 0xaf, 0xff, 0xf6, 0x00, 0x1e, 0xff, 0xff, 0x71,
    0x02, 0x9f, 0xff, 0xfe, 0x10, 0x00, 0x7f, 0xff, 0xff, 0xfe, 0xff, 0xff, 0xff, 0x60, 0x00, 0x00, 0xbf, 0xff, 0xff, 0xff, 0xff, 0xff, 0x90, 0x00,
    0x00, 0x01, 0xaf, 0xff, 0xff, 0xff, 0xfe, 0x60, 0x00, 0x00, 0x00, 0x00, 0x39, 0xce, 0xfe, 0xb7, 0x10, 0x00, 0x00, 0x0b, 0xff, 0xff, 0xff, 0xff,
    0xff, 0xff, 0xff, 0xfb, 0x00, 0xff, 0xff, 0xff, 0xff, 0xff, 0xff, 0xff, 0xff, 0xf0, 0x0f, 0xff, 0xff, 0xff, 0xff, 0xff, 0xff, 0xff, 0xfd, 0x00,
    0xae, 0xee, 0xee, 0xee, 0xee, 0xef, 0xff, 0xff, 0x50, 0x00, 0x00, 0x00, 0x00, 0x00, 0x04, 0xff, 0xff, 0xc0, 0x00, 0x00, 0x00, 0x00, 0x00, 0x00,
    0xcf, 0xff, 0xf4, 0x00, 0x00, 0x00, 0x00, 0x00, 0x00, 0x6f, 0xff, 0xfa, 0x00, 0x00, 0x00, 0x00, 0x00, 0x00, 0x1e, 0xff, 0xff, 0x20, 0x00, 0x00,
    0x00, 0x00, 0x00, 0x08, 0xff, 0xff, 0x90, 0x00, 0x00, 0x00, 0x00, 0x00, 0x02, 0xff, 0xff, 0xe1, 0x00, 0x00, 0x00, 0x00, 0x00, 0x00, 0xaf, 0xff,
    0xf7, 0x00, 0x00, 0x00, 0x00, 0x00, 0x00, 0x3f, 0xff, 0xfd, 0x00, 0x00, 0x00, 0x00, 0x00, 0x00, 0x0c, 0xff, 0xff, 0x50, 0x00, 0x00, 0x00, 0x00,
    0x00, 0x05, 0xff, 0xff, 0xb0, 0x00, 0x00, 0x00, 0x00, 0x00, 0x00, 0xdf, 0xff, 0xf3, 0x00, 0x00, 0x00, 0x00, 0x00, 0x00, 0x7f, 0xff, 0xfa, 0x00,
    0x00, 0x00, 0x00, 0x00, 0x00, 0x1e, 0xff, 0xff, 0x20, 0x00, 0x00, 0x00, 0x00, 0x00, 0x09, 0xff, 0xff, 0x80, 0x00, 0x00, 0x00, 0x00, 0x00, 0x02,
    0xff, 0xff, 0xe1, 0x00, 0x00, 0x00, 0x00, 0x00, 0x00, 0xbf, 0xff, 0xf6, 0x00, 0x00, 0x00, 0x00, 0x00, 0x00, 0x4f, 0xff, 0xfd, 0x00, 0x00, 0x00,
    0x00, 0x00, 0x00, 0x03, 0xdf, 0xfe, 0x40, 0x00, 0x00, 0x00, 0x00, 0x00, 0x00, 0x00, 0x04, 0x9c, 0xef, 0xec, 0x83, 0x00, 0x00, 0x00, 0x00, 0x1a,
    0xff, 0xff, 0xff, 0xff, 0xf9, 0x00, 0x00, 0x00, 0x0c, 0xff, 0xff, 0xff, 0xff, 0xff, 0xfa, 0x00, 0x00, 0x07, 0xff, 0xff, 0xff, 0xff, 0xff, 0xff,
    0xf5, 0x00, 0x00, 0xcf, 0xff, 0xf9, 0x10, 0x19, 0xff, 0xff, 0xb0, 0x00, 0x0e, 0xff, 0xfe, 0x00, 0x00, 0x0e, 0xff, 0xfe, 0x00, 0x00, 0xef, 0xff,
    0xe0, 0x00, 0x00, 0xef, 0xff, 0xf0, 0x00, 0x0b, 0xff, 0xff, 0x81, 0x01, 0x9f, 0xff, 0xfc, 0x00, 0x00, 0x3f, 0xff, 0xff, 0xff, 0xff, 0xff, 0xff,
    0x60, 0x00, 0x00, 0x5f, 0xff, 0xff, 0xff, 0xff, 0xff, 0xb0, 0x00, 0x00, 0x2c, 0xff, 0xff, 0xff, 0xff, 0xff, 0xf2, 0x00, 0x00, 0x0c, 0xff, 0xff,
    0xff, 0xff, 0xff, 0xff, 0xe3, 0x00, 0x07, 0xff, 0xff, 0xe6, 0x10, 0x27, 0xff, 0xff, 0xe1, 0x00, 0xcf, 0xff, 0xf4, 0x00, 0x00, 0x07, 0xff, 0xff,
    0x70, 0x0f, 0xff, 0xfe, 0x00, 0x00, 0x00, 0x1f, 0xff, 0xfb, 0x00, 0xef, 0xff, 0xd0, 0x00, 0x00, 0x01, 0xff, 0xff, 0xc0, 0x0d, 0xff, 0xff, 0x30,
    0x00, 0x00, 0x6f, 0xff, 0xfa, 0x00, 0x8f, 0xff, 0xfd, 0x50, 0x01, 0x6e, 0xff, 0xff, 0x60, 0x02, 0xff, 0xff, 0xff, 0xfe, 0xff, 0xff, 0xff, 0xe1,
    0x00, 0x06, 0xff, 0xff, 0xff, 0xff, 0xff, 0xff, 0xe4, 0x00, 0x00, 0x04, 0xdf, 0xff, 0xff, 0xff, 0xff, 0xc3, 0x00, 0x00, 0x00, 0x00, 0x5a, 0xde,
    0xfe, 0xc9, 0x40, 0x00, 0x00, 0x00, 0x00, 0x03, 0x9c, 0xef, 0xec, 0x72, 0x00, 0x00, 0x00, 0x00, 0x1a, 0xff, 0xff, 0xff, 0xff, 0xe7, 0x00, 0x00,
    0x00, 0x1d, 0xff, 0xff, 0xff, 0xff, 0xff, 0xf8, 0x00, 0x00, 0x0b, 0xff, 0xff, 0xff, 0xff, 0xff, 0xff, 0xf4, 0x00, 0x05, 0xff, 0xff, 0xf7, 0x20,
    0x19, 0xff, 0xff, 0xc0, 0x00, 0xaf, 0xff, 0xf6, 0x00, 0x00, 0x09, 0xff, 0xff, 0x30, 0x0d, 0xff, 0xfe, 0x00, 0x00, 0x00, 0x2f, 0xff, 0xf6, 0x00,
    0xff, 0xff, 0xd0, 0x00, 0x00, 0x00, 0xff, 0xff, 0x90, 0x0e, 0xff, 0xff, 0x00, 0x00, 0x00, 0x2f, 0xff, 0xfb, 0x00, 0xcf, 0xff, 0xf6, 0x00, 0x00,
    0x09, 0xff, 0xff, 0xc0, 0x07, 0xff, 0xff, 0xe7, 0x10, 0x29, 0xff, 0xff, 0xfc, 0x00, 0x1e, 0xff, 0xff, 0xff, 0xff, 0xff, 0xff, 0xff, 0xb0, 0x00,
    0x4f, 0xff, 0xff, 0xff, 0xff, 0xff, 0xff, 0xfa, 0x00, 0x00, 0x3d, 0xff, 0xff, 0xff, 0xff, 0xff, 0xff, 0x80, 0x05, 0xcc, 0xcc, 0xac, 0xee, 0xc8,
    0x7f, 0xff, 0xf5, 0x00, 0xbf, 0xff, 0xf1, 0x00, 0x00, 0x0a, 0xff, 0xff, 0x10, 0x09, 0xff, 0xff, 0x60, 0x00, 0x02, 0xff, 0xff, 0xa0, 0x00, 0x5f,
    0xff, 0xfe, 0x50, 0x04, 0xdf, 0xff, 0xf3, 0x00, 0x00, 0xdf, 0xff, 0xff, 0xff, 0xff, 0xff, 0xf8, 0x00, 0x00, 0x03, 0xef, 0xff, 0xff, 0xff, 0xff,
    0xfa, 0x00, 0x00, 0x00, 0x03, 0xdf, 0xff, 0xff, 0xff, 0xf8, 0x00, 0x00, 0x00, 0x00, 0x01, 0x6b, 0xef, 0xec, 0x82, 0x00, 0x00, 0x00,
};
constexpr char kValueFirst = 32;
constexpr int kValueAscent = 31;
constexpr int kValueDescent = 8;

// Title: 22 px, 획 1, ' '..'~', 10745바이트
constexpr HudGlyph kTitleGlyphs[] = {
    {0, 7, 2, 0, 22, 7},
    {14, 7, 17, 0, 7, 7},
    {133, 10, 18, 0, 6, 10},
    {313, 16, 17, 0, 7, 16},
    {585, 15, 22, 0, 4, 15},
    {915, 19, 17, 0, 7, 19},
    {1238, 16, 17, 0, 7, 16},
    {1510, 6, 18, 0, 6, 6},
    {1618, 8, 21, 0, 5, 8},
    {1786, 8, 21, 0, 5, 8},
    {1954, 15, 12, 0, 12, 15},
    {2134, 15, 14, 0, 10, 15},
    {2344, 8, 7, -1, 20, 7},
    {2400, 9, 10, 0, 14, 9},
    {2490, 7, 5, 0, 19, 7},
    {2525, 10, 19, -1, 6, 9},
    {2715, 15, 17, 0, 7, 15},
    {2970, 15, 17, 0, 7, 15},
    {3225, 15, 17, 0, 7, 15},
    {3480, 15, 17, 0, 7, 15},
    {3735, 15, 17, 0, 7, 15},
    {3990, 15, 17, 0, 7, 15},
    {4245, 15, 17, 0, 7, 15},
    {4500, 15, 17, 0, 7, 15},
    {4755, 15, 17, 0, 7, 15},
    {5010, 15, 17, 0, 7, 15},
    {5265, 7, 14, 0, 10, 7},
    {5363, 8, 17, -1, 10, 7},
    {5499, 15, 14, 0, 10, 15},
    {5709, 15, 12, 0, 12, 15},
    {5889, 14, 14, 0, 10, 14},
    {6085, 13, 17, 0, 7, 13},
    {6306, 20, 21, 0, 6, 20},
    {6726, 16, 17, 0, 7, 16},
    {6998, 16, 17, 0, 7, 16},
    {7270, 17, 17, 0, 7, 17},
    {7559, 18, 17, 0, 7, 18},
    {7865, 15, 17, 0, 7, 15},
    {8120, 15, 17, 0, 7, 15},
    {8375, 17, 17, 0, 7, 17},
    {8664, 18, 17, 0, 7, 18},
    {8970, 8, 17, 0, 7, 8},
    {9106, 13, 17, 0, 7, 13},
    {9327, 16, 17, 0, 7, 15},
    {9599, 15, 17, 0, 7, 15},
    {9854, 21, 17, 0, 7, 21},
    {10211, 18, 17, 0, 7, 18},
    {10517, 18, 17, 0, 7, 18},
    {10823, 16, 17, 0, 7, 16},
    {11095, 18, 18, 0, 7, 18},
    {11419, 16, 17, 0, 7, 16},
    {11691, 15, 17, 0, 7, 15},
    {11946, 16, 17, 0, 7, 16},
    {12218, 17, 17, 0, 7, 17},
    {12507, 16, 17, 0, 7, 16},
    {12779, 23, 17, 0, 7, 23},
    {13170, 16, 17, 0, 7, 16},
    {13442, 16, 17, 0, 7, 15},
    {13714, 16, 17, 0, 7, 16},
    {13986, 8, 23, 0, 4, 8},
    {14170, 10, 19, -1, 6, 9},
    {14360, 8, 23, 0, 4, 8},
    {14544, 15, 16, 0, 8, 15},
    {14784, 13, 5, 0, 22, 13},
    {14849, 9, 18, 0, 6, 9},
    {15011, 14, 14, 0, 10, 14},
    {15207, 16, 18, 0, 6, 16},
    {15495, 14, 14, 0, 10, 14},
    {15691, 16, 18, 0, 6, 16},
    {15979, 14, 14, 0, 10, 14},
    {16175, 10, 19, 0, 5, 10},
    {16365, 16, 18, 0, 10, 16},
    {16653, 16, 18, 0, 6, 16},
    {16941, 7, 18, 0, 6, 7},
    {17067, 8, 22, -1, 6, 7},
    {17243, 14, 18, 0, 6, 14},
    {17495, 8, 18, 0, 6, 8},
    {17639, 22, 14, 0, 10, 22},
    {17947, 16, 14, 0, 10, 16},
    {18171, 16, 14, 0, 10, 16},
    {18395, 16, 18, 0, 10, 16},
    {18683, 16, 18, 0, 10, 16},
    {18971, 10, 14, 0, 10, 10},
    {19111, 12, 14, 0, 10, 12},
    {19279, 10, 17, 0, 7, 10},
    {19449, 15, 14, 0, 10, 15},
    {19659, 14, 14, 0, 10, 13},
    {19855, 20, 14, 0, 10, 19},
    {20135, 14, 14, -1, 10, 13},
    {20331, 14, 18, -1, 10, 13},
    {20583, 13, 14, 0, 10, 13},
    {20765, 9, 23, 0, 4, 9},
    {20972, 7, 24, 0, 4, 7},
    {21140, 8, 23, 0, 4, 8},
    {21324, 15, 11, 0, 13, 15},
};
constexpr uint8_t kTitlePacked[] = {
    0x00, 0x00, 0x00, 0x00, 0x00, 0x00, 0x00, 0x0b, 0xff, 0xb0, 0x00, 0xff, 0xff, 0x10, 0x0f, 0xff, 0xf1, 0x00, 0xff, 0xff, 0x10, 0x0f, 0xff, 0xf1,
    0x00, 0xff, 0xff, 0x10, 0x0f, 0xff, 0xf1, 0x00, 0xff, 0xff, 0x10, 0x0f, 0xff, 0xf1, 0x00, 0xff, 0xff, 0x10, 0x0f, 0xff, 0xf1, 0x00, 0xff, 0xff,
    0x10, 0x0c, 0xff, 0xf1, 0x00, 0xbf, 0xff, 0x80, 0x0e, 0xff, 0xfc, 0x00, 0xcf, 0xff, 0x90, 0x02, 0xce, 0xb1, 0x00, 0x0b, 0xff, 0xff, 0xfb, 0x00,
    0x0f, 0xff, 0xff, 0xff, 0x00, 0x0f, 0xff, 0xff, 0xff, 0x00, 0x0f, 0xff, 0xff, 0xff, 0x00, 0x0f, 0xff, 0xff, 0xff, 0x00, 0x0f, 0xff, 0xff, 0xff,
    0x00, 0x0b, 0xff, 0xff, 0xfb, 0x00, 0x00, 0x00, 0x00, 0x00, 0x00, 0x00, 0x00, 0x00, 0x00, 0x00, 0x00, 0x00, 0x00, 0x00, 0x00, 0x00, 0x00, 0x00,
    0x00, 0x00, 0x00, 0x00, 0x00, 0x00, 0x00, 0x00, 0x00, 0x00, 0x00, 0x00, 0x00, 0x00, 0x00, 0x00, 0x00, 0x00, 0x00, 0x00, 0x00, 0x00, 0x00, 0x00,
    0x00, 0x00, 0x00, 0x00, 0x00, 0x00, 0x00, 0x00, 0x00, 0x00, 0x00, 0x00, 0x00, 0x00, 0x00, 0x06, 0xfe, 0x9e, 0xf6, 0x00, 0x00, 0x00, 0x00, 0x0b,
    0xff, 0xff, 0xf9, 0x00, 0x00, 0x00, 0x00, 0x0e, 0xff, 0xff, 0xf7, 0x00, 0x00, 0x00, 0x00, 0x2f, 0xff, 0xff, 0xf4, 0x00, 0x00, 0x00, 0x00, 0x5f,
    0xff, 0xff, 0xf1, 0x00, 0x00, 0x00, 0xbf, 0xff, 0xff, 0xff, 0xff, 0xb0, 0x00, 0x00, 0xff, 0xff, 0xff, 0xff, 0xff, 0xf0, 0x00, 0x00, 0xdf, 0xff,
    0xff, 0xff, 0xff, 0xd0, 0x00, 0x00, 0x37, 0xff, 0xff, 0xff, 0x73, 0x10, 0x00, 0x0c, 0xff, 0xff, 0xff, 0xff, 0xfc, 0x00, 0x00, 0x0f, 0xff, 0xff,
    0xff, 0xff, 0xff, 0x00, 0x00, 0x0e, 0xff, 0xff, 0xff, 0xff, 0xfe, 0x00, 0x00, 0x02, 0x5f, 0xff, 0xff, 0xf8, 0x52, 0x00, 0x00, 0x00, 0x3f, 0xff,
    0xff, 0xf3, 0x00, 0x00, 0x00, 0x00, 0x7f, 0xff, 0xff, 0xe0, 0x00, 0x00, 0x00, 0x00, 0xaf, 0xff, 0xff, 0xb0, 0x00, 0x00, 0x00, 0x00, 0x6f, 0xe9,
    0xef, 0x60, 0x00, 0x00, 0x00, 0x00, 0x00, 0x05, 0x74, 0x00, 0x00, 0x00, 0x00, 0x00, 0x02, 0xff, 0xe0, 0x00, 0x00, 0x00, 0x00, 0x01, 0x9f, 0xff,
    0x83, 0x00, 0x00, 0x00, 0x05, 0xef, 0xff, 0xff, 0xf9, 0x00, 0x00, 0x03, 0xff, 0xff, 0xff, 0xff, 0xf9, 0x00, 0x00, 0xaf, 0xff, 0xff, 0xff, 0xff,
    0xf4, 0x00, 0x0e, 0xff, 0xff, 0xff, 0xaf, 0xff, 0x90, 0x00, 0xff, 0xff, 0xff, 0xf4, 0xff, 0xfb, 0x00, 0x0e, 0xff, 0xff, 0xff, 0x06, 0x87, 0x30,
    0x00, 0x9f, 0xff, 0xff, 0xf9, 0x30, 0x00, 0x00, 0x02, 0xef, 0xff, 0xff, 0xff, 0xa1, 0x00, 0x00, 0x02, 0xcf, 0xff, 0xff, 0xff, 0xc1, 0x00, 0x00,
    0x00, 0x7f, 0xff, 0xff, 0xff, 0x70, 0x01, 0x78, 0x73, 0xff, 0xfd, 0xff, 0xfd, 0x00, 0x7f, 0xff, 0xaf, 0xff, 0x3f, 0xff, 0xf0, 0x06, 0xff, 0xff,
    0xff, 0xf3, 0xff, 0xfe, 0x00, 0x3f, 0xff, 0xff, 0xff, 0xef, 0xff, 0xa0, 0x00, 0xbf, 0xff, 0xff, 0xff, 0xff, 0xe2, 0x00, 0x02, 0xdf, 0xff, 0xff,
    0xff, 0xe4, 0x00, 0x00, 0x01, 0x8f, 0xff, 0xfc, 0x71, 0x00, 0x00, 0x00, 0x00, 0x3f, 0xff, 0x00, 0x00, 0x00, 0x00, 0x00, 0x01, 0xdf, 0xa0, 0x00,
    0x00, 0x00, 0x01, 0x9e, 0xfe, 0x91, 0x00, 0x05, 0xef, 0xf5, 0x00, 0x02, 0xef, 0xff, 0xff, 0xe2, 0x01, 0xef, 0xff, 0x60, 0x00, 0xaf, 0xff, 0xff,
    0xff, 0xa0, 0xaf, 0xff, 0xb0, 0x00, 0x0e, 0xff, 0xf9, 0xff, 0xfe, 0x5f, 0xff, 0xe2, 0x00, 0x00, 0xff, 0xff, 0x5f, 0xff, 0xfe, 0xff, 0xf6, 0x00,
    0x00, 0x0c, 0xff, 0xff, 0xff, 0xff, 0xff, 0xfb, 0x00, 0x00, 0x00, 0x5f, 0xff, 0xff, 0xff, 0xff, 0xfe, 0x20, 0x00, 0x00, 0x00, 0x5e, 0xff, 0xff,
    0xff, 0xff, 0x61, 0x00, 0x00, 0x00, 0x00, 0x03, 0x43, 0xbf, 0xff, 0xfe, 0xfe, 0xa2, 0x00, 0x00, 0x00, 0x00, 0x5f, 0xff, 0xff, 0xff, 0xff, 0xe2,
    0x00, 0x00, 0x00, 0x1e, 0xff, 0xff, 0xff, 0xff, 0xff, 0xa0, 0x00, 0x00, 0x0a, 0xff, 0xff, 0xff, 0xf7, 0xff, 0xfe, 0x00, 0x00, 0x05, 0xff, 0xff,
    0xff, 0xff, 0x1f, 0xff, 0xf1, 0x00, 0x01, 0xef, 0xff, 0x6e, 0xff, 0xfa, 0xff, 0xfe, 0x00, 0x00, 0xaf, 0xff, 0xb0, 0xaf, 0xff, 0xff, 0xff, 0x90,
    0x00, 0x4f, 0xff, 0xe2, 0x02, 0xdf, 0xff, 0xff, 0xd2, 0x00, 0x04, 0xef, 0xe5, 0x00, 0x01, 0x9d, 0xfd, 0x92, 0x00, 0x00, 0x00, 0x3a, 0xdf, 0xed,
    0xb1, 0x00, 0x00, 0x00, 0x08, 0xff, 0xff, 0xff, 0xf5, 0x00, 0x00, 0x00, 0x6f, 0xff, 0xff, 0xff, 0xf5, 0x00, 0x00, 0x00, 0xdf, 0xff, 0xc8, 0x89,
    0xa2, 0x00, 0x00, 0x00, 0xff, 0xff, 0x10, 0x0c, 0xff, 0xc0, 0x00, 0x00, 0xef, 0xff, 0x62, 0x2f, 0xff, 0xf3, 0x10, 0x00, 0x8f, 0xff, 0xff, 0xff,
    0xff, 0xff, 0xf5, 0x00, 0x1f, 0xff, 0xff, 0xff, 0xff, 0xff, 0xf8, 0x00, 0xbf, 0xff, 0xff, 0xff, 0xff, 0xff, 0xf6, 0x07, 0xff, 0xff, 0x96, 0x5f,
    0xff, 0xf5, 0x40, 0x0d, 0xff, 0xf5, 0x00, 0x0f, 0xff, 0xf1, 0x00, 0x0f, 0xff, 0xf1, 0x00, 0x0f, 0xff, 0xf1, 0x00, 0x0e, 0xff, 0xf4, 0x00, 0x0f,
    0xff, 0xf1, 0x00, 0x0b, 0xff, 0xfe, 0x97, 0x7f, 0xff, 0xf1, 0x00, 0x04, 0xff, 0xff, 0xff, 0xff, 0xff, 0xf1, 0x00, 0x00, 0x7f, 0xff, 0xff, 0xff,
    0xff, 0xf1, 0x00, 0x00, 0x02, 0x8c, 0xef, 0xfe, 0xca, 0x50, 0x00, 0x0b, 0xff, 0xb0, 0x0f, 0xff, 0xf1, 0x0f, 0xff, 0xf1, 0x0f, 0xff, 0xf1, 0x0f,
    0xff, 0xf1, 0x0f, 0xff, 0xf1, 0x0b, 0xff, 0xb0, 0x00, 0x00, 0x00, 0x00, 0x00, 0x00, 0x00, 0x00, 0x00, 0x00, 0x00, 0x00, 0x00, 0x00, 0x00, 0x00,
    0x00, 0x00, 0x00, 0x00, 0x00, 0x00, 0x00, 0x00, 0x00, 0x00, 0x00, 0x00, 0x00, 0x00, 0x00, 0x00, 0x00, 0x00, 0x00, 0x7f, 0xe5, 0x00, 0x02, 0xff,
    0xf6, 0x00, 0x09, 0xff, 0xd0, 0x00, 0x0e, 0xff, 0x60, 0x00, 0x4f, 0xff, 0x10, 0x00, 0x9f, 0xfb, 0x00, 0x00, 0xbf, 0xf7, 0x00, 0x00, 0xef, 0xf4,
    0x00, 0x01, 0xff, 0xf2, 0x00, 0x02, 0xff, 0xf1, 0x00, 0x02, 0xff, 0xf0, 0x00, 0x02, 0xff, 0xf1, 0x00, 0x01, 0xff, 0xf2, 0x00, 0x00, 0xef, 0xf4,
    0x00, 0x00, 0xbf, 0xf7, 0x00, 0x00, 0x9f, 0xfb, 0x00, 0x00, 0x4f, 0xff, 0x10, 0x00, 0x0e, 0xff, 0x60, 0x00, 0x09, 0xff, 0xd0, 0x00, 0x02, 0xff,
    0xf6, 0x00, 0x00, 0x7f, 0xe5, 0x7f, 0xe5, 0x00, 0x00, 0x9f, 0xfd, 0x00, 0x00, 0x2f, 0xff, 0x60, 0x00, 0x09, 0xff, 0xb0, 0x00, 0x04, 0xff, 0xf1,
    0x00, 0x00, 0xef, 0xf5, 0x00, 0x00, 0xaf, 0xf8, 0x00, 0x00, 0x7f, 0xfb, 0x00, 0x00, 0x5f, 0xfd, 0x00, 0x00, 0x4f, 0xfe, 0x00, 0x00, 0x3f, 0xff,
    0x00, 0x00, 0x4f, 0xfe, 0x00, 0x00, 0x5f, 0xfd, 0x00, 0x00, 0x7f, 0xfb, 0x00, 0x00, 0xaf, 0xf8, 0x00, 0x00, 0xef, 0xf5, 0x00, 0x04, 0xff, 0xf1,
    0x00, 0x09, 0xff, 0xb0, 0x00, 0x2f, 0xff, 0x60, 0x00, 0x9f, 0xfd, 0x00, 0x00, 0x7f, 0xe5, 0x00, 0x00, 0x00, 0x00, 0x00, 0xdf, 0xa0, 0x00, 0x00,
    0x00, 0x00, 0x00, 0x2f, 0xff, 0x00, 0x00, 0x00, 0x00, 0x04, 0x12, 0xff, 0xf0, 0x24, 0x00, 0x00, 0x07, 0xff, 0xbf, 0xff, 0xbf, 0xf4, 0x00, 0x00,
    0xbf, 0xff, 0xff, 0xff, 0xff, 0x90, 0x00, 0x08, 0xff, 0xff, 0xff, 0xff, 0xe5, 0x00, 0x00, 0x01, 0x8f, 0xff, 0xff, 0x60, 0x00, 0x00, 0x00, 0x2e,
    0xff, 0xff, 0xfc, 0x10, 0x00, 0x00, 0x0b, 0xff, 0xf8, 0xff, 0xf8, 0x00, 0x00, 0x00, 0x8f, 0xf8, 0x0b, 0xff, 0x50, 0x00, 0x00, 0x00, 0x58, 0x00,
    0x18, 0x40, 0x00, 0x00, 0x00, 0x00, 0x00, 0x00, 0x00, 0x00, 0x00, 0x00, 0x00, 0x01, 0xdf, 0xa0, 0x00, 0x00, 0x00, 0x00, 0x00, 0x3f, 0xff, 0x00,
    0x00, 0x00, 0x00, 0x00, 0x03, 0xff, 0xf0, 0x00, 0x00, 0x00, 0x00, 0x22, 0x4f, 0xff, 0x22, 0x20, 0x00, 0x00, 0xcf, 0xff, 0xff, 0xff, 0xff, 0xc0,
    0x00, 0x0f, 0xff, 0xff, 0xff, 0xff, 0xff, 0x00, 0x00, 0xef, 0xff, 0xff, 0xff, 0xff, 0xe0, 0x00, 0x02, 0x55, 0x6f, 0xff, 0x55, 0x52, 0x00, 0x00,
    0x00, 0x03, 0xff, 0xf0, 0x00, 0x00, 0x00, 0x00, 0x00, 0x3f, 0xff, 0x00, 0x00, 0x00, 0x00, 0x00, 0x03, 0xff, 0xf0, 0x00, 0x00, 0x00, 0x00, 0x00,
    0x1d, 0xfa, 0x00, 0x00, 0x00, 0x00, 0x00, 0x00, 0x00, 0x00, 0x00, 0x00, 0x00, 0x00, 0x00, 0x00, 0x00, 0x00, 0x00, 0x00, 0x00, 0xcf, 0xfb, 0x00,
    0x04, 0xff, 0xfe, 0x00, 0x09, 0xff, 0xf8, 0x00, 0x0e, 0xff, 0xf2, 0x00, 0x5f, 0xff, 0xb0, 0x00, 0xaf, 0xff, 0x50, 0x00, 0x7f, 0xfc, 0x00, 0x00,
    0x00, 0x22, 0x22, 0x20, 0x00, 0xcf, 0xff, 0xff, 0xc0, 0x0f, 0xff, 0xff, 0xff, 0x00, 0xef, 0xff, 0xff, 0xe0, 0x02, 0x55, 0x55, 0x52, 0x00, 0x00,
    0x00, 0x00, 0x00, 0x00, 0x00, 0x00, 0x00, 0x00, 0x00, 0x00, 0x00, 0x00, 0x00, 0x00, 0x00, 0x00, 0x00, 0x00, 0x00, 0x00, 0x00, 0x01, 0x9c, 0x80,
    0x00, 0xbf, 0xff, 0x80, 0x0e, 0xff, 0xfc, 0x00, 0xcf, 0xff, 0x90, 0x02, 0xce, 0xb1, 0x00, 0x00, 0x00, 0x06, 0xff, 0x70, 0x00, 0x00, 0x0c, 0xff,
    0xa0, 0x00, 0x00, 0x2f, 0xff, 0x50, 0x00, 0x00, 0x7f, 0xfe, 0x10, 0x00, 0x00, 0xcf, 0xfa, 0x00, 0x00, 0x02, 0xff, 0xf5, 0x00, 0x00, 0x07, 0xff,
    0xe1, 0x00, 0x00, 0x0c, 0xff, 0xa0, 0x00, 0x00, 0x2f, 0xff, 0x50, 0x00, 0x00, 0x7f, 0xfe, 0x10, 0x00, 0x00, 0xcf, 0xfa, 0x00, 0x00, 0x02, 0xff,
    0xf5, 0x00, 0x00, 0x07, 0xff, 0xe0, 0x00, 0x00, 0x0d, 0xff, 0xa0, 0x00, 0x00, 0x2f, 0xff, 0x50, 0x00, 0x00, 0x8f, 0xfe, 0x00, 0x00, 0x00, 0xdf,
    0xfa, 0x00, 0x00, 0x00, 0xff, 0xf4, 0x00, 0x00, 0x00, 0x48, 0x60, 0x00, 0x00, 0x00, 0x00, 0x05, 0xae, 0xfe, 0xa5, 0x00, 0x00, 0x00, 0x0a, 0xff,
    0xff, 0xff, 0xfa, 0x00, 0x00, 0x08, 0xff, 0xff, 0xff, 0xff, 0xf8, 0x00, 0x02, 0xff, 0xff, 0xb7, 0xbf, 0xff, 0xf2, 0x00, 0x7f, 0xff, 0xc0, 0x00,
    0xcf, 0xff, 0x70, 0x0b, 0xff, 0xf6, 0x00, 0x06, 0xff, 0xfb, 0x00, 0xdf, 0xff, 0x30, 0x00, 0x3f, 0xff, 0xd0, 0x0e, 0xff, 0xf1, 0x00, 0x02, 0xff,
    0xfe, 0x00, 0xff, 0xff, 0x10, 0x00, 0x1f, 0xff, 0xf0, 0x0e, 0xff, 0xf1, 0x00, 0x01, 0xff, 0xfe, 0x00, 0xdf, 0xff, 0x30, 0x00, 0x3f, 0xff, 0xd0,
    0x0b, 0xff, 0xf6, 0x00, 0x06, 0xff, 0xfb, 0x00, 0x7f, 0xff, 0xc0, 0x00, 0xcf, 0xff, 0x70, 0x02, 0xff, 0xff, 0xb7, 0xbf, 0xff, 0xf2, 0x00, 0x08,
    0xff, 0xff, 0xff, 0xff, 0xf8, 0x00, 0x00, 0x0a, 0xff, 0xff, 0xff, 0xfa, 0x00, 0x00, 0x00, 0x05, 0xbe, 0xfe, 0xb5, 0x00, 0x00, 0x00, 0x00, 0x00,
    0x4b, 0xef, 0xb0, 0x00, 0x00, 0x00, 0x01, 0xaf, 0xff, 0xff, 0x10, 0x00, 0x00, 0x05, 0xef, 0xff, 0xff, 0xf1, 0x00, 0x00, 0x00, 0xef, 0xff, 0xff,
    0xff, 0x10, 0x00, 0x00, 0x0f, 0xff, 0xef, 0xff, 0xf1, 0x00, 0x00, 0x00, 0xef, 0xa2, 0xff, 0xff, 0x10, 0x00, 0x00, 0x03, 0x40, 0x0f, 0xff, 0xf1,
    0x00, 0x00, 0x00, 0x00, 0x00, 0xff, 0xff, 0x10, 0x00, 0x00, 0x00, 0x00, 0x0f, 0xff, 0xf1, 0x00, 0x00, 0x00, 0x00, 0x00, 0xff, 0xff, 0x10, 0x00,
    0x00, 0x00, 0x00, 0x0f, 0xff, 0xf1, 0x00, 0x00, 0x00, 0x00, 0x00, 0xff, 0xff, 0x10, 0x00, 0x00, 0x00, 0x00, 0x0f, 0xff, 0xf1, 0x00, 0x00, 0x00,
    0x00, 0x00, 0xff, 0xff, 0x10, 0x00, 0x00, 0x00, 0x00, 0x0f, 0xff, 0xf1, 0x00, 0x00, 0x00, 0x00, 0x00, 0xff, 0xff, 0x10, 0x00, 0x00, 0x00, 0x00,
    0x0b, 0xff, 0xb0, 0x00, 0x00, 0x00, 0x05, 0xbe, 0xfe, 0xb5, 0x00, 0x00, 0x00, 0x0a, 0xff, 0xff, 0xff, 0xf9, 0x00, 0x00, 0x08, 0xff, 0xff, 0xff,
    0xff, 0xf5, 0x00, 0x02, 0xff, 0xff, 0xa8, 0xdf, 0xff, 0xc0, 0x00, 0x6f, 0xff, 0x90, 0x03, 0xff, 0xff, 0x00, 0x08, 0xff, 0xf5, 0x00, 0x1f, 0xff,
    0xf0, 0x00, 0x4d, 0xec, 0x10, 0x06, 0xff, 0xfd, 0x00, 0x00, 0x00, 0x00, 0x02, 0xef, 0xff, 0x70, 0x00, 0x00, 0x00, 0x02, 0xdf, 0xff, 0xd1, 0x00,
    0x00, 0x00, 0x01, 0xdf, 0xff, 0xe3, 0x00, 0x00, 0x00, 0x01, 0xdf, 0xff, 0xe4, 0x00, 0x00, 0x00, 0x01, 0xdf, 0xff, 0xf4, 0x00, 0x00, 0x00, 0x01,
    0xdf, 0xff, 0xe4, 0x00, 0x00, 0x00, 0x01, 0xdf, 0xff, 0xfa, 0x77, 0x77, 0x40, 0x00, 0xcf, 0xff, 0xff, 0xff, 0xff, 0xff, 0x00, 0x0f, 0xff, 0xff,
    0xff, 0xff, 0xff, 0xf1, 0x00, 0xbf, 0xff, 0xff, 0xff, 0xff, 0xfb, 0x00, 0x00, 0x00, 0x6b, 0xef, 0xeb, 0x50, 0x00, 0x00, 0x01, 0xcf, 0xff, 0xff,
    0xff, 0xa0, 0x00, 0x00, 0xbf, 0xff, 0xff, 0xff, 0xff, 0x70, 0x00, 0x4f, 0xff, 0xf9, 0x7b, 0xff, 0xfd, 0x00, 0x07, 0xff, 0xf7, 0x00, 0x1f, 0xff,
    0xf0, 0x00, 0x5e, 0xfe, 0x21, 0x39, 0xff, 0xfe, 0x00, 0x00, 0x00, 0x05, 0xff, 0xff, 0xff, 0x90, 0x00, 0x00, 0x00, 0x8f, 0xff, 0xff, 0xe1, 0x00,
    0x00, 0x00, 0x06, 0xff, 0xff, 0xfe, 0x10, 0x00, 0x01, 0x10, 0x04, 0x6c, 0xff, 0xf9, 0x00, 0x0d, 0xff, 0x80, 0x00, 0x2f, 0xff, 0xe0, 0x01, 0xff,
    0xfd, 0x00, 0x01, 0xff, 0xff, 0x00, 0x0e, 0xff, 0xf3, 0x00, 0x4f, 0xff, 0xf0, 0x00, 0xaf, 0xff, 0xe9, 0x9e, 0xff, 0xfb, 0x00, 0x03, 0xff, 0xff,
    0xff, 0xff, 0xff, 0x30, 0x00, 0x05, 0xff, 0xff, 0xff, 0xfe, 0x40, 0x00, 0x00, 0x03, 0xad, 0xfe, 0xc8, 0x10, 0x00, 0x00, 0x00, 0x00, 0x00, 0x1b,
    0xff, 0xb0, 0x00, 0x00, 0x00, 0x00, 0x09, 0xff, 0xff, 0x00, 0x00, 0x00, 0x00, 0x04, 0xff, 0xff, 0xf0, 0x00, 0x00, 0x00, 0x01, 0xdf, 0xff, 0xff,
    0x00, 0x00, 0x00, 0x00, 0x9f, 0xff, 0xff, 0xf0, 0x00, 0x00, 0x00, 0x4f, 0xff, 0xff, 0xff, 0x00, 0x00, 0x00, 0x1d, 0xff, 0xff, 0xff, 0xf0, 0x00,
    0x00, 0x09, 0xff, 0xfb, 0xff, 0xff, 0x00, 0x00, 0x04, 0xff, 0xfe, 0x2f, 0xff, 0xf0, 0x00, 0x01, 0xdf, 0xff, 0x73, 0xff, 0xff, 0x20, 0x00, 0x9f,
    0xff, 0xff, 0xff, 0xff, 0xff, 0xc0, 0x0f, 0xff, 0xff, 0xff, 0xff, 0xff, 0xff, 0x00, 0xef, 0xff, 0xff, 0xff, 0xff, 0xff, 0xe0, 0x02, 0x55, 0x55,
    0x55, 0xff, 0xff, 0x52, 0x00, 0x00, 0x00, 0x00, 0x1f, 0xff, 0xf0, 0x00, 0x00, 0x00, 0x00, 0x01, 0xff, 0xff, 0x00, 0x00, 0x00, 0x00, 0x00, 0x0b,
    0xff, 0xb0, 0x00, 0x00, 0x1d, 0xff, 0xff, 0xff, 0xff, 0xe3, 0x00, 0x04, 0xff, 0xff, 0xff, 0xff, 0xff, 0x70, 0x00, 0x5f, 0xff, 0xff, 0xff, 0xff,
    0xf6, 0x00, 0x07, 0xff, 0xf9, 0x77, 0x77, 0x76, 0x00, 0x00, 0x9f, 0xff, 0x21, 0x10, 0x00, 0x00, 0x00, 0x0b, 0xff, 0xfe, 0xff, 0xea, 0x30, 0x00,
    0x00, 0xdf, 0xff, 0xff, 0xff, 0xff, 0x60, 0x00, 0x0f, 0xff, 0xff, 0xff, 0xff, 0xff, 0x30, 0x02, 0xff, 0xff, 0xa5, 0x7e, 0xff, 0xfa, 0x00, 0x2f,
    0xff, 0xb0, 0x00, 0x5f, 0xff, 0xe0, 0x01, 0xbe, 0xd2, 0x00, 0x01, 0xff, 0xff, 0x00, 0x6f, 0xff, 0x70, 0x00, 0x1f, 0xff, 0xf0, 0x05, 0xff, 0xfc,
    0x00, 0x06, 0xff, 0xfd, 0x00, 0x1f, 0xff, 0xfc, 0x8a, 0xff, 0xff, 0x70, 0x00, 0x9f, 0xff, 0xff, 0xff, 0xff, 0xd1, 0x00, 0x00, 0xbf, 0xff, 0xff,
    0xff, 0xc2, 0x00, 0x00, 0x00, 0x5b, 0xef, 0xeb, 0x60, 0x00, 0x00, 0x00, 0x01, 0x7c, 0xef, 0xd8, 0x10, 0x00, 0x00, 0x03, 0xef, 0xff, 0xff, 0xfe,
    0x40, 0x00, 0x03, 0xef, 0xff, 0xff, 0xff, 0xfe, 0x10, 0x00, 0xcf, 0xff, 0xc8, 0x9e, 0xff, 0xf8, 0x00, 0x4f, 0xff, 0xc1, 0x11, 0x6f, 0xff, 0xb0,
    0x09, 0xff, 0xff, 0xef, 0xfe, 0xff, 0xf9, 0x00, 0xcf, 0xff, 0xff, 0xff, 0xff, 0xf4, 0x00, 0x0e, 0xff, 0xff, 0xff, 0xff, 0xff, 0xe2, 0x00, 0xff,
    0xff, 0xf8, 0x58, 0xef, 0xff, 0x80, 0x0f, 0xff, 0xf6, 0x00, 0x06, 0xff, 0xfd, 0x00, 0xef, 0xff, 0x20, 0x00, 0x2f, 0xff, 0xf0, 0x0c, 0xff, 0xf2,
    0x00, 0x02, 0xff, 0xfe, 0x00, 0x9f, 0xff, 0x80, 0x00, 0x8f, 0xff, 0xb0, 0x04, 0xff, 0xff, 0xa7, 0xaf, 0xff, 0xf6, 0x00, 0x0a, 0xff, 0xff, 0xff,
    0xff, 0xfc, 0x00, 0x00, 0x1b, 0xff, 0xff, 0xff, 0xfb, 0x10, 0x00, 0x00, 0x06, 0xbe, 0xfe, 0xb5, 0x00, 0x00, 0x0b, 0xff, 0xff, 0xff, 0xff, 0xff,
    0xfb, 0x00, 0xff, 0xff, 0xff, 0xff, 0xff, 0xff, 0xf0, 0x0e, 0xff, 0xff, 0xff, 0xff, 0xff, 0xfb, 0x00, 0x37, 0x77, 0x77, 0x78, 0xff, 0xff, 0x30,
    0x00, 0x00, 0x00, 0x00, 0x9f, 0xff, 0xa0, 0x00, 0x00, 0x00, 0x00, 0x3f, 0xff, 0xf2, 0x00, 0x00, 0x00, 0x00, 0x0b, 0xff, 0xf9, 0x00, 0x00, 0x00,
    0x00, 0x04, 0xff, 0xfe, 0x10, 0x00, 0x00, 0x00, 0x00, 0xcf, 0xff, 0x70, 0x00, 0x00, 0x00, 0x00, 0x6f, 0xff, 0xe1, 0x00, 0x00, 0x00, 0x00, 0x1d,
    0xff, 0xf6, 0x00, 0x00, 0x00, 0x00, 0x07, 0xff, 0xfd, 0x00, 0x00, 0x00, 0x00, 0x01, 0xef, 0xff, 0x50, 0x00, 0x00, 0x00, 0x00, 0x9f, 0xff, 0xb0,
    0x00, 0x00, 0x00, 0x00, 0x2f, 0xff, 0xf3, 0x00, 0x00, 0x00, 0x00, 0x0a, 0xff, 0xfa, 0x00, 0x00, 0x00, 0x00, 0x00, 0x8f, 0xfe, 0x20, 0x00, 0x00,
    0x00, 0x00, 0x00, 0x05, 0xbe, 0xfe, 0xb5, 0x00, 0x00, 0x00, 0x1b, 0xff, 0xff, 0xff, 0xf9, 0x00, 0x00, 0x08, 0xff, 0xff, 0xff, 0xff, 0xf6, 0x00,
    0x00, 0xef, 0xff, 0xb7, 0xbf, 0xff, 0xd0, 0x00, 0x0f, 0xff, 0xf1, 0x01, 0xff, 0xff, 0x00, 0x00, 0xef, 0xff, 0x62, 0x7f, 0xff, 0xe0, 0x00, 0x07,
    0xff, 0xff, 0xff, 0xff, 0xfa, 0x00, 0x00, 0x2f, 0xff, 0xff, 0xff, 0xff, 0x20, 0x00, 0x1d, 0xff, 0xff, 0xff, 0xff, 0xf5, 0x00, 0x09, 0xff, 0xfe,
    0x75, 0x7e, 0xff, 0xf4, 0x00, 0xef, 0xff, 0x40, 0x00, 0x4f, 0xff, 0xc0, 0x0f, 0xff, 0xf2, 0x00, 0x02, 0xff, 0xff, 0x00, 0xdf, 0xff, 0x50, 0x00,
    0x5f, 0xff, 0xe0, 0x09, 0xff, 0xff, 0x97, 0x9e, 0xff, 0xfa, 0x00, 0x2f, 0xff, 0xff, 0xff, 0xff, 0xff, 0x30, 0x00, 0x4e, 0xff, 0xff, 0xff, 0xfe,
    0x50, 0x00, 0x00, 0x17, 0xce, 0xfe, 0xc7, 0x10, 0x00, 0x00, 0x00, 0x6b, 0xef, 0xeb, 0x50, 0x00, 0x00, 0x02, 0xcf, 0xff, 0xff, 0xff, 0xb1, 0x00,
    0x01, 0xdf, 0xff, 0xff, 0xff, 0xff, 0xa0, 0x00, 0x8f, 0xff, 0xfa, 0x7a, 0xff, 0xff, 0x30, 0x0d, 0xff, 0xf6, 0x00, 0x06, 0xff, 0xf9, 0x00, 0xff,
    0xff, 0x20, 0x00, 0x2f, 0xff, 0xc0, 0x0e, 0xff, 0xf4, 0x00, 0x04, 0xff, 0xfe, 0x00, 0xbf, 0xff, 0xd4, 0x25, 0xdf, 0xff, 0xf0, 0x05, 0xff, 0xff,
    0xff, 0xff, 0xff, 0xfe, 0x00, 0x08, 0xff, 0xff, 0xff, 0xff, 0xff, 0xe0, 0x04, 0xaf, 0xff, 0xff, 0xff, 0xff, 0xfb, 0x00, 0xcf, 0xff, 0x54, 0x42,
    0x7f, 0xff, 0x80, 0x0a, 0xff, 0xf8, 0x00, 0x1d, 0xff, 0xf3, 0x00, 0x6f, 0xff, 0xf9, 0x7c, 0xff, 0xfc, 0x00, 0x00, 0xdf, 0xff, 0xff, 0xff, 0xfe,
    0x20, 0x00, 0x02, 0xdf, 0xff, 0xff, 0xfe, 0x30, 0x00, 0x00, 0x01, 0x7c, 0xee, 0xc7, 0x10, 0x00, 0x00, 0x2b, 0xea, 0x10, 0x0c, 0xff, 0xf9, 0x00,
    0xef, 0xff, 0xc0, 0x0b, 0xff, 0xf8, 0x00, 0x19, 0xc8, 0x10, 0x00, 0x00, 0x00, 0x00, 0x00, 0x00, 0x00, 0x00, 0x00, 0x00, 0x00, 0x00, 0x00, 0x00,
    0x01, 0x9c, 0x80, 0x00, 0xbf, 0xff, 0x80, 0x0e, 0xff, 0xfc, 0x00, 0xcf, 0xff, 0x90, 0x02, 0xce, 0xb1, 0x00, 0x02, 0xbe, 0xa1, 0x00, 0x0c, 0xff,
    0xf9, 0x00, 0x0e, 0xff, 0xfc, 0x00, 0x0b, 0xff, 0xf8, 0x00, 0x01, 0x9c, 0x81, 0x00, 0x00, 0x00, 0x00, 0x00, 0x00, 0x00, 0x00, 0x00, 0x00, 0x00,
    0x00, 0x00, 0x00, 0x00, 0x00, 0x00, 0x00, 0x00, 0x00, 0x00, 0x08, 0xff, 0xe2, 0x00, 0x1f, 0xff, 0xf4, 0x00, 0x5f, 0xff, 0xd0, 0x00, 0xbf, 0xff,
    0x70, 0x01, 0xff, 0xfe, 0x10, 0x06, 0xff, 0xf9, 0x00, 0x03, 0xef, 0xe2, 0x00, 0x00, 0x00, 0x00, 0x00, 0x00, 0x00, 0x00, 0x00, 0x00, 0x00, 0x00,
    0x00, 0x00, 0x6d, 0xb0, 0x00, 0x00, 0x00, 0x00, 0x06, 0xdf, 0xff, 0x00, 0x00, 0x00, 0x00, 0x6d, 0xff, 0xff, 0xe0, 0x00, 0x00, 0x17, 0xef, 0xff,
    0xff, 0xc4, 0x00, 0x00, 0x6e, 0xff, 0xff, 0xfc, 0x40, 0x00, 0x00, 0x0f, 0xff, 0xff, 0xb4, 0x00, 0x00, 0x00, 0x00, 0xff, 0xff, 0xe7, 0x10, 0x00,
    0x00, 0x00, 0x0a, 0xff, 0xff, 0xfe, 0x81, 0x00, 0x00, 0x00, 0x04, 0xbf, 0xff, 0xff, 0xe8, 0x10, 0x00, 0x00, 0x00, 0x4b, 0xff, 0xff, 0xfd, 0x00,
    0x00, 0x00, 0x00, 0x03, 0xbf, 0xff, 0xf0, 0x00, 0x00, 0x00, 0x00, 0x00, 0x3b, 0xfd, 0x00, 0x00, 0x00, 0x00, 0x00, 0x00, 0x03, 0x20, 0x00, 0x00,
    0x22, 0x22, 0x22, 0x22, 0x20, 0x00, 0x00, 0xcf, 0xff, 0xff, 0xff, 0xff, 0xc0, 0x00, 0x0f, 0xff, 0xff, 0xff, 0xff, 0xff, 0x00, 0x00, 0xef, 0xff,
    0xff, 0xff, 0xff, 0xe0, 0x00, 0x02, 0x77, 0x77, 0x77, 0x77, 0x72, 0x00, 0x00, 0xcf, 0xff, 0xff, 0xff, 0xff, 0xc0, 0x00, 0x0f, 0xff, 0xff, 0xff,
    0xff, 0xff, 0x00, 0x00, 0xef, 0xff, 0xff, 0xff, 0xff, 0xe0, 0x00, 0x02, 0x55, 0x55, 0x55, 0x55, 0x52, 0x00, 0x00, 0x00, 0x00, 0x00, 0x00, 0x00,
    0x00, 0x00, 0x00, 0x00, 0x00, 0x00, 0x00, 0x00, 0x00, 0x00, 0x00, 0x00, 0x00, 0x00, 0x00, 0x00, 0x00, 0x00, 0x00, 0x00, 0x00, 0x00, 0x00, 0x00,
    0xbd, 0x60, 0x00, 0x00, 0x00, 0x00, 0x00, 0xff, 0xfd, 0x60, 0x00, 0x00, 0x00, 0x00, 0xff, 0xff, 0xfd, 0x60, 0x00, 0x00, 0x00, 0x5d, 0xff, 0xff,
    0xfe, 0x71, 0x00, 0x00, 0x00, 0x5c, 0xff, 0xff, 0xfe, 0x60, 0x00, 0x00, 0x00, 0x4c, 0xff, 0xff, 0xf0, 0x00, 0x00, 0x00, 0x16, 0xef, 0xff, 0xf0,
    0x00, 0x00, 0x17, 0xef, 0xff, 0xff, 0xa0, 0x00, 0x18, 0xef, 0xff, 0xff, 0xb4, 0x00, 0x00, 0xdf, 0xff, 0xff, 0xb4, 0x00, 0x00, 0x00, 0xff, 0xff,
    0xb3, 0x00, 0x00, 0x00, 0x00, 0xdf, 0xb3, 0x00, 0x00, 0x00, 0x00, 0x00, 0x23, 0x00, 0x00, 0x00, 0x00, 0x00, 0x00, 0x00, 0x39, 0xdf, 0xeb, 0x50,
    0x00, 0x00, 0x6f, 0xff, 0xff, 0xff, 0xa0, 0x00, 0x3f, 0xff, 0xff, 0xff, 0xff, 0x70, 0x0a, 0xff, 0xfd, 0x7b, 0xff, 0xfd, 0x00, 0xef, 0xff, 0x30,
    0x1f, 0xff, 0xf0, 0x0e, 0xff, 0xe1, 0x02, 0xff, 0xff, 0x00, 0x26, 0x63, 0x00, 0x8f, 0xff, 0xb0, 0x00, 0x00, 0x00, 0x4f, 0xff, 0xf5, 0x00, 0x00,
    0x00, 0x2e, 0xff, 0xfb, 0x00, 0x00, 0x00, 0x0b, 0xff, 0xfd, 0x10, 0x00, 0x00, 0x02, 0xff, 0xfe, 0x20, 0x00, 0x00, 0x00, 0x5f, 0xff, 0x90, 0x00,
    0x00, 0x00, 0x02, 0xff, 0xf4, 0x00, 0x00, 0x00, 0x00, 0x8f, 0xff, 0xa0, 0x00, 0x00, 0x00, 0x0c, 0xff, 0xfe, 0x00, 0x00, 0x00, 0x00, 0xaf, 0xff,
    0xc0, 0x00, 0x00, 0x00, 0x01, 0xbe, 0xc2, 0x00, 0x00, 0x00, 0x00, 0x00, 0x00, 0x00, 0x11, 0x00, 0x00, 0x00, 0x00, 0x00, 0x00, 0x00, 0x17, 0xcf,
    0xff, 0xeb, 0x50, 0x00, 0x00, 0x00, 0x00, 0x07, 0xef, 0xff, 0xff, 0xff, 0xfb, 0x10, 0x00, 0x00, 0x01, 0xbf, 0xff, 0xff, 0xff, 0xff, 0xff, 0xd1,
    0x00, 0x00, 0x0a, 0xff, 0xff, 0xc8, 0x76, 0x8e, 0xff, 0xfa, 0x00, 0x00, 0x7f, 0xff, 0xd5, 0xaf, 0xff, 0xfd, 0xff, 0xff, 0x30, 0x01, 0xef, 0xfc,
    0x3e, 0xff, 0xff, 0xff, 0xff, 0xff, 0x80, 0x07, 0xff, 0xe2, 0xcf, 0xff, 0xff, 0xff, 0xff, 0xff, 0xc0, 0x0b, 0xff, 0x86, 0xff, 0xfe, 0x6d, 0xff,
    0xf9, 0xff, 0xe0, 0x0f, 0xff, 0x4c, 0xff, 0xf7, 0x0b, 0xff, 0xf4, 0xff, 0xf0, 0x1f, 0xff, 0x1f, 0xff, 0xf2, 0x0d, 0xff, 0xd4, 0xff, 0xe0, 0x2f,
    0xff, 0x1f, 0xff, 0xf0, 0x3f, 0xff, 0xa7, 0xff, 0xc0, 0x1f, 0xff, 0x1f, 0xff, 0xf3, 0xbf, 0xff, 0x9e, 0xff, 0x70, 0x0e, 0xff, 0x5c, 0xff, 0xff,
    0xff, 0xff, 0xff, 0xfe, 0x10, 0x0b, 0xff, 0xb5, 0xff, 0xff, 0xff, 0xff, 0xff, 0xf5, 0x00, 0x06, 0xff, 0xf9, 0x5e, 0xff, 0xec, 0xff, 0xff, 0x50,
    0x00, 0x00, 0xcf, 0xff, 0xd7, 0x65, 0x36, 0xbf, 0xff, 0x70, 0x00, 0x00, 0x2e, 0xff, 0xff, 0xff, 0xff, 0xff, 0xff, 0x80, 0x00, 0x00, 0x02, 0xcf,
    0xff, 0xff, 0xff, 0xff, 0xf7, 0x00, 0x00, 0x00, 0x00, 0x06, 0xcf, 0xff, 0xff, 0xd8, 0x10, 0x00, 0x00, 0x00, 0x00, 0x00, 0x01, 0x34, 0x32, 0x00,
    0x00, 0x00, 0x00, 0x00, 0x00, 0x00, 0xaf, 0xff, 0x60, 0x00, 0x00, 0x00, 0x00, 0x02, 0xff, 0xff, 0xd0, 0x00, 0x00, 0x00, 0x00, 0x08, 0xff, 0xff,
    0xf3, 0x00, 0x00, 0x00, 0x00, 0x0d, 0xff, 0xff, 0xf8, 0x00, 0x00, 0x00, 0x00, 0x4f, 0xff, 0xff, 0xfe, 0x00, 0x00, 0x00, 0x00, 0x9f, 0xff, 0xef,
    0xff, 0x40, 0x00, 0x00, 0x00, 0xef, 0xfe, 0x6f, 0xff, 0x90, 0x00, 0x00, 0x05, 0xff, 0xf9, 0x1f, 0xff, 0xe0, 0x00, 0x00, 0x0a, 0xff, 0xff, 0xff,
    0xff, 0xf5, 0x00, 0x00, 0x1f, 0xff, 0xff, 0xff, 0xff, 0xfa, 0x00, 0x00, 0x6f, 0xff, 0xff, 0xff, 0xff, 0xfe, 0x10, 0x00, 0xcf, 0xff, 0x98, 0x88,
    0xcf, 0xff, 0x50, 0x02, 0xff, 0xfd, 0x00, 0x00, 0x6f, 0xff, 0xb0, 0x08, 0xff, 0xf8, 0x00, 0x00, 0x1f, 0xff, 0xf1, 0x0d, 0xff, 0xf3, 0x00, 0x00,
    0x0b, 0xff, 0xf6, 0x3f, 0xff, 0xd0, 0x00, 0x00, 0x06, 0xff, 0xfb, 0x2d, 0xff, 0x60, 0x00, 0x00, 0x01, 0xdf, 0xf8, 0x00, 0xbf, 0xff, 0xff, 0xfd,
    0x95, 0x00, 0x00, 0x00, 0xff, 0xff, 0xff, 0xff, 0xff, 0xb0, 0x00, 0x00, 0xff, 0xff, 0xff, 0xff, 0xff, 0xf8, 0x00, 0x00, 0xff, 0xff, 0x77, 0x7c,
    0xff, 0xfd, 0x00, 0x00, 0xff, 0xff, 0x10, 0x02, 0xff, 0xff, 0x00, 0x00, 0xff, 0xff, 0x10, 0x01, 0xff, 0xfe, 0x00, 0x00, 0xff, 0xff, 0x32, 0x39,
    0xff, 0xfa, 0x00, 0x00, 0xff, 0xff, 0xff, 0xff, 0xff, 0xf2, 0x00, 0x00, 0xff, 0xff, 0xff, 0xff, 0xff, 0xf9, 0x00, 0x00, 0xff, 0xff, 0xff, 0xff,
    0xff, 0xff, 0x70, 0x00, 0xff, 0xff, 0x55, 0x57, 0xcf, 0xff, 0xd0, 0x00, 0xff, 0xff, 0x10, 0x00, 0x2f, 0xff, 0xf0, 0x00, 0xff, 0xff, 0x10, 0x00,
    0x3f, 0xff, 0xe0, 0x00, 0xff, 0xff, 0x77, 0x78, 0xdf, 0xff, 0xa0, 0x00, 0xff, 0xff, 0xff, 0xff, 0xff, 0xff, 0x30, 0x00, 0xff, 0xff, 0xff, 0xff,
    0xff, 0xe4, 0x00, 0x00, 0xbf, 0xff, 0xff, 0xfe, 0xc7, 0x10, 0x00, 0x00, 0x00, 0x03, 0x9d, 0xef, 0xdb, 0x60, 0x00, 0x00, 0x00, 0x09, 0xff, 0xff,
    0xff, 0xff, 0xc2, 0x00, 0x00, 0x0b, 0xff, 0xff, 0xff, 0xff, 0xff, 0xd1, 0x00, 0x08, 0xff, 0xff, 0xc8, 0x8b, 0xff, 0xff, 0x90, 0x02, 0xff, 0xff,
    0x80, 0x00, 0x06, 0xff, 0xfe, 0x10, 0x8f, 0xff, 0xb0, 0x00, 0x00, 0x0c, 0xff, 0xf4, 0x0c, 0xff, 0xf5, 0x00, 0x00, 0x00, 0x6f, 0xff, 0x20, 0xef,
    0xff, 0x20, 0x00, 0x00, 0x00, 0x12, 0x10, 0x0f, 0xff, 0xf1, 0x00, 0x00, 0x00, 0x00, 0x00, 0x00, 0xef, 0xff, 0x20, 0x00, 0x00, 0x00, 0x12, 0x10,
    0x0c, 0xff, 0xf5, 0x00, 0x00, 0x00, 0x8f, 0xfe, 0x10, 0x9f, 0xff, 0xb0, 0x00, 0x00, 0x0e, 0xff, 0xf2, 0x03, 0xff, 0xff, 0x70, 0x00, 0x07, 0xff,
    0xfd, 0x00, 0x0a, 0xff, 0xff, 0xb7, 0x8b, 0xff, 0xff, 0x70, 0x00, 0x1d, 0xff, 0xff, 0xff, 0xff, 0xff, 0xc0, 0x00, 0x00, 0x1c, 0xff, 0xff, 0xff,
    0xff, 0xa1, 0x00, 0x00, 0x00, 0x05, 0xad, 0xfe, 0xda, 0x40, 0x00, 0x00, 0x0b, 0xff, 0xff, 0xff, 0xec, 0x83, 0x00, 0x00, 0x00, 0x0f, 0xff, 0xff,
    0xff, 0xff, 0xff, 0xa1, 0x00, 0x00, 0x0f, 0xff, 0xff, 0xff, 0xff, 0xff, 0xfd, 0x10, 0x00, 0x0f, 0xff, 0xf7, 0x77, 0x9d, 0xff, 0xff, 0xb0, 0x00,
    0x0f, 0xff, 0xf1, 0x00, 0x00, 0x8f, 0xff, 0xf4, 0x00, 0x0f, 0xff, 0xf1, 0x00, 0x00, 0x0b, 0xff, 0xf9, 0x00, 0x0f, 0xff, 0xf1, 0x00, 0x00, 0x05,
    0xff, 0xfd, 0x00, 0x0f, 0xff, 0xf1, 0x00, 0x00, 0x02, 0xff, 0xfe, 0x00, 0x0f, 0xff, 0xf1, 0x00, 0x00, 0x01, 0xff, 0xff, 0x00, 0x0f, 0xff, 0xf1,
    0x00, 0x00, 0x02, 0xff, 0xfe, 0x00, 0x0f, 0xff, 0xf1, 0x00, 0x00, 0x06, 0xff, 0xfb, 0x00, 0x0f, 0xff, 0xf1, 0x00, 0x00, 0x0c, 0xff, 0xf7, 0x00,
    0x0f, 0xff, 0xf1, 0x00, 0x00, 0x9f, 0xff, 0xf1, 0x00, 0x0f, 0xff, 0xf7, 0x77, 0x9e, 0xff, 0xff, 0x70, 0x00, 0x0f, 0xff, 0xff, 0xff, 0xff, 0xff,
    0xfa, 0x00, 0x00, 0x0f, 0xff, 0xff, 0xff, 0xff, 0xff, 0x80, 0x00, 0x00, 0x0b, 0xff, 0xff, 0xff, 0xeb, 0x82, 0x00, 0x00, 0x00, 0x0b, 0xff, 0xff,
    0xff, 0xff, 0xff, 0xb0, 0x00, 0xff, 0xff, 0xff, 0xff, 0xff, 0xff, 0x00, 0x0f, 0xff, 0xff, 0xff, 0xff, 0xff, 0xe0, 0x00, 0xff, 0xff, 0x77, 0x77,
    0x77, 0x73, 0x00, 0x0f, 0xff, 0xf1, 0x00, 0x00, 0x00, 0x00, 0x00, 0xff, 0xff, 0x10, 0x00, 0x00, 0x00, 0x00, 0x0f, 0xff, 0xf3, 0x22, 0x22, 0x20,
    0x00, 0x00, 0xff, 0xff, 0xff, 0xff, 0xff, 0xc0, 0x00, 0x0f, 0xff, 0xff, 0xff, 0xff, 0xff, 0x00, 0x00, 0xff, 0xff, 0xff, 0xff, 0xff, 0xe0, 0x00,
    0x0f, 0xff, 0xf5, 0x55, 0x55, 0x52, 0x00, 0x00, 0xff, 0xff, 0x10, 0x00, 0x00, 0x00, 0x00, 0x0f, 0xff, 0xf1, 0x00, 0x00, 0x00, 0x00, 0x00, 0xff,
    0xff, 0x77, 0x77, 0x77, 0x73, 0x00, 0x0f, 0xff, 0xff, 0xff, 0xff, 0xff, 0xe0, 0x00, 0xff, 0xff, 0xff, 0xff, 0xff, 0xff, 0x00, 0x0b, 0xff, 0xff,
    0xff, 0xff, 0xff, 0xb0, 0x00, 0xbf, 0xff, 0xff, 0xff, 0xff, 0xfb, 0x00, 0x0f, 0xff, 0xff, 0xff, 0xff, 0xff, 0xf0, 0x00, 0xff, 0xff, 0xff, 0xff,
    0xff, 0xfe, 0x00, 0x0f, 0xff, 0xf7, 0x77, 0x77, 0x77, 0x30, 0x00, 0xff, 0xff, 0x10, 0x00, 0x00, 0x00, 0x00, 0x0f, 0xff, 0xf1, 0x00, 0x00, 0x00,
    0x00, 0x00, 0xff, 0xff, 0x32, 0x22, 0x22, 0x00, 0x00, 0x0f, 0xff, 0xff, 0xff, 0xff, 0xfc, 0x00, 0x00, 0xff, 0xff, 0xff, 0xff, 0xff, 0xf0, 0x00,
    0x0f, 0xff, 0xff, 0xff, 0xff, 0xfe, 0x00, 0x00, 0xff, 0xff, 0x55, 0x55, 0x55, 0x20, 0x00, 0x0f, 0xff, 0xf1, 0x00, 0x00, 0x00, 0x00, 0x00, 0xff,
    0xff, 0x10, 0x00, 0x00, 0x00, 0x00, 0x0f, 0xff, 0xf1, 0x00, 0x00, 0x00, 0x00, 0x00, 0xff, 0xff, 0x10, 0x00, 0x00, 0x00, 0x00, 0x0f, 0xff, 0xf1,
    0x00, 0x00, 0x00, 0x00, 0x00, 0xbf, 0xfb, 0x00, 0x00, 0x00, 0x00, 0x00, 0x00, 0x00, 0x39, 0xde, 0xfd, 0xa5, 0x00, 0x00, 0x00, 0x00, 0xaf, 0xff,
    0xff, 0xff, 0xfb, 0x10, 0x00, 0x00, 0xbf, 0xff, 0xff, 0xff, 0xff, 0xfc, 0x00, 0x00, 0x9f, 0xff, 0xfb, 0x79, 0xdf, 0xff, 0xf7, 0x00, 0x2f, 0xff,
    0xf6, 0x00, 0x01, 0xcf, 0xff, 0xd0, 0x08, 0xff, 0xfc, 0x00, 0x00, 0x05, 0xff, 0xff, 0x10, 0xcf, 0xff, 0x50, 0x00, 0x00, 0x1e, 0xff, 0xe1, 0x0e,
    0xff, 0xf2, 0x00, 0x01, 0x22, 0x35, 0x51, 0x00, 0xff, 0xff, 0x10, 0x06, 0xff, 0xff, 0xff, 0xc0, 0x0e, 0xff, 0xf2, 0x00, 0x9f, 0xff, 0xff, 0xff,
    0x00, 0xcf, 0xff, 0x50, 0x08, 0xff, 0xff, 0xff, 0xf0, 0x09, 0xff, 0xfb, 0x00, 0x04, 0x59, 0xff, 0xff, 0x00, 0x4f, 0xff, 0xf6, 0x00, 0x01, 0xcf,
    0xff, 0xf0, 0x00, 0xbf, 0xff, 0xfb, 0x79, 0xef, 0xff, 0xff, 0x00, 0x02, 0xef, 0xff, 0xff, 0xff, 0xff, 0xff, 0xf0, 0x00, 0x02, 0xdf, 0xff, 0xff,
    0xff, 0xff, 0xff, 0x00, 0x00, 0x00, 0x6b, 0xef, 0xeb, 0x5c, 0xff, 0xb0, 0x00, 0xbf, 0xfb, 0x00, 0x00, 0x00, 0xbf, 0xfb, 0x00, 0x00, 0xff, 0xff,
    0x10, 0x00, 0x00, 0xff, 0xff, 0x10, 0x00, 0xff, 0xff, 0x10, 0x00, 0x00, 0xff, 0xff, 0x10, 0x00, 0xff, 0xff, 0x10, 0x00, 0x00, 0xff, 0xff, 0x10,
    0x00, 0xff, 0xff, 0x10, 0x00, 0x00, 0xff, 0xff, 0x10, 0x00, 0xff, 0xff, 0x10, 0x00, 0x00, 0xff, 0xff, 0x10, 0x00, 0xff, 0xff, 0x32, 0x22, 0x22,
    0xff, 0xff, 0x10, 0x00, 0xff, 0xff, 0xff, 0xff, 0xff, 0xff, 0xff, 0x10, 0x00, 0xff, 0xff, 0xff, 0xff, 0xff, 0xff, 0xff, 0x10, 0x00, 0xff, 0xff,
    0xff, 0xff, 0xff, 0xff, 0xff, 0x10, 0x00, 0xff, 0xff, 0x55, 0x55, 0x55, 0xff, 0xff, 0x10, 0x00, 0xff, 0xff, 0x10, 0x00, 0x00, 0xff, 0xff, 0x10,
    0x00, 0xff, 0xff, 0x10, 0x00, 0x00, 0xff, 0xff, 0x10, 0x00, 0xff, 0xff, 0x10, 0x00, 0x00, 0xff, 0xff, 0x10, 0x00, 0xff, 0xff, 0x10, 0x00, 0x00,
    0xff, 0xff, 0x10, 0x00, 0xff, 0xff, 0x10, 0x00, 0x00, 0xff, 0xff, 0x10, 0x00, 0xbf, 0xfb, 0x00, 0x00, 0x00, 0xbf, 0xfb, 0x00, 0x00, 0xbf, 0xfb,
    0x00, 0x00, 0xff, 0xff, 0x10, 0x00, 0xff, 0xff, 0x10, 0x00, 0xff, 0xff, 0x10, 0x00, 0xff, 0xff, 0x10, 0x00, 0xff, 0xff, 0x10, 0x00, 0xff, 0xff,
    0x10, 0x00, 0xff, 0xff, 0x10, 0x00, 0xff, 0xff, 0x10, 0x00, 0xff, 0xff, 0x10, 0x00, 0xff, 0xff, 0x10, 0x00, 0xff, 0xff, 0x10, 0x00, 0xff, 0xff,
    0x10, 0x00, 0xff, 0xff, 0x10, 0x00, 0xff, 0xff, 0x10, 0x00, 0xff, 0xff, 0x10, 0x00, 0xbf, 0xfb, 0x00, 0x00, 0x00, 0x00, 0x00, 0xbf, 0xfb, 0x00,
    0x00, 0x00, 0x00, 0x1f, 0xff, 0xf0, 0x00, 0x00, 0x00, 0x01, 0xff, 0xff, 0x00, 0x00, 0x00, 0x00, 0x1f, 0xff, 0xf0, 0x00, 0x00, 0x00, 0x01, 0xff,
    0xff, 0x00, 0x00, 0x00, 0x00, 0x1f, 0xff, 0xf0, 0x00, 0x00, 0x00, 0x01, 0xff, 0xff, 0x00, 0x00, 0x00, 0x00, 0x1f, 0xff, 0xf0, 0x00, 0x00, 0x00,
    0x01, 0xff, 0xff, 0x00, 0x25, 0x52, 0x00, 0x1f, 0xff, 0xf0, 0x0e, 0xff, 0xe0, 0x01, 0xff, 0xff, 0x00, 0xff, 0xff, 0x10, 0x1f, 0xff, 0xf0, 0x0e,
    0xff, 0xf3, 0x04, 0xff, 0xfe, 0x00, 0xbf, 0xff, 0xc7, 0xcf, 0xff, 0xb0, 0x04, 0xff, 0xff, 0xff, 0xff, 0xf5, 0x00, 0x08, 0xff, 0xff, 0xff, 0xf8,
    0x00, 0x00, 0x04, 0xbe, 0xfe, 0xb5, 0x00, 0x00, 0x0b, 0xff, 0xb0, 0x00, 0x00, 0x5e, 0xff, 0x80, 0x0f, 0xff, 0xf1, 0x00, 0x05, 0xff, 0xff, 0x90,
    0x0f, 0xff, 0xf1, 0x00, 0x4f, 0xff, 0xfb, 0x00, 0x0f, 0xff, 0xf1, 0x03, 0xef, 0xff, 0xc1, 0x00, 0x0f, 0xff, 0xf1, 0x3e, 0xff, 0xfc, 0x10, 0x00,
    0x0f, 0xff, 0xf3, 0xef, 0xff, 0xd1, 0x00, 0x00, 0x0f, 0xff, 0xfe, 0xff, 0xfd, 0x20, 0x00, 0x00, 0x0f, 0xff, 0xff, 0xff, 0xe2, 0x00, 0x00, 0x00,
    0x0f, 0xff, 0xff, 0xff, 0x70, 0x00, 0x00, 0x00, 0x0f, 0xff, 0xff, 0xff, 0xf4, 0x00, 0x00, 0x00, 0x0f, 0xff, 0xff, 0xff, 0xfe, 0x20, 0x00, 0x00,
    0x0f, 0xff, 0xf6, 0xff, 0xff, 0xd1, 0x00, 0x00, 0x0f, 0xff, 0xf1, 0x6f, 0xff, 0xfb, 0x00, 0x00, 0x0f, 0xff, 0xf1, 0x09, 0xff, 0xff, 0x90, 0x00,
    0x0f, 0xff, 0xf1, 0x00, 0xbf, 0xff, 0xf6, 0x00, 0x0f, 0xff, 0xf1, 0x00, 0x1d, 0xff, 0xff, 0x30, 0x0b, 0xff, 0xb0, 0x00, 0x03, 0xdf, 0xfe, 0x30,
    0x0b, 0xff, 0xb0, 0x00, 0x00, 0x00, 0x00, 0x00, 0xff, 0xff, 0x10, 0x00, 0x00, 0x00, 0x00, 0x0f, 0xff, 0xf1, 0x00, 0x00, 0x00, 0x00, 0x00, 0xff,
    0xff, 0x10, 0x00, 0x00, 0x00, 0x00, 0x0f, 0xff, 0xf1, 0x00, 0x00, 0x00, 0x00, 0x00, 0xff, 0xff, 0x10, 0x00, 0x00, 0x00, 0x00, 0x0f, 0xff, 0xf1,
    0x00, 0x00, 0x00, 0x00, 0x00, 0xff, 0xff, 0x10, 0x00, 0x00, 0x00, 0x00, 0x0f, 0xff, 0xf1, 0x00, 0x00, 0x00, 0x00, 0x00, 0xff, 0xff, 0x10, 0x00,
    0x00, 0x00, 0x00, 0x0f, 0xff, 0xf1, 0x00, 0x00, 0x00, 0x00, 0x00, 0xff, 0xff, 0x10, 0x00, 0x00, 0x00, 0x00, 0x0f, 0xff, 0xf1, 0x00, 0x00, 0x00,
    0x00, 0x00, 0xff, 0xff, 0x98, 0x88, 0x88, 0x84, 0x00, 0x0f, 0xff, 0xff, 0xff, 0xff, 0xff, 0xe0, 0x00, 0xff, 0xff, 0xff, 0xff, 0xff, 0xff, 0x00,
    0x0b, 0xff, 0xff, 0xff, 0xff, 0xff, 0xb0, 0x00, 0xbf, 0xff, 0xe2, 0x00, 0x00, 0x01, 0xdf, 0xff, 0xb0, 0x00, 0x0f, 0xff, 0xff, 0x70, 0x00, 0x00,
    0x5f, 0xff, 0xff, 0x10, 0x00, 0xff, 0xff, 0xfc, 0x00, 0x00, 0x0a, 0xff, 0xff, 0xf1, 0x00, 0x0f, 0xff, 0xff, 0xf2, 0x00, 0x00, 0xef, 0xff, 0xff,
    0x10, 0x00, 0xff, 0xff, 0xff, 0x70, 0x00, 0x5f, 0xff, 0xff, 0xf1, 0x00, 0x0f, 0xff, 0xff, 0xfc, 0x00, 0x09, 0xff, 0xff, 0xff, 0x10, 0x00, 0xff,
    0xff, 0xff, 0xf1, 0x00, 0xef, 0xff, 0xff, 0xf1, 0x00, 0x0f, 0xff, 0xff, 0xff, 0x60, 0x4f, 0xff, 0xff, 0xff, 0x10, 0x00, 0xff, 0xff, 0xff, 0xfb,
    0x09, 0xff, 0xff, 0xff, 0xf1, 0x00, 0x0f, 0xff, 0xfd, 0xff, 0xf1, 0xdf, 0xfd, 0xff, 0xff, 0x10, 0x00, 0xff, 0xff, 0x8f, 0xff, 0x9f, 0xff, 0x8f,
    0xff, 0xf1, 0x00, 0x0f, 0xff, 0xf3, 0xff, 0xff, 0xff, 0xf3, 0xff, 0xff, 0x10, 0x00, 0xff, 0xff, 0x1d, 0xff, 0xff, 0xfd, 0x0f, 0xff, 0xf1, 0x00,
    0x0f, 0xff, 0xf1, 0x8f, 0xff, 0xff, 0x80, 0xff, 0xff, 0x10, 0x00, 0xff, 0xff, 0x13, 0xff, 0xff, 0xf3, 0x0f, 0xff, 0xf1, 0x00, 0x0f, 0xff, 0xf1,
    0x0d, 0xff, 0xfd, 0x00, 0xff, 0xff, 0x10, 0x00, 0xbf, 0xfb, 0x00, 0x6f, 0xff, 0x70, 0x0b, 0xff, 0xb0, 0x00, 0x0b, 0xff, 0xfc, 0x10, 0x00, 0x0b,
    0xff, 0xb0, 0x00, 0x0f, 0xff, 0xff, 0x70, 0x00, 0x1f, 0xff, 0xf0, 0x00, 0x0f, 0xff, 0xff, 0xe1, 0x00, 0x1f, 0xff, 0xf0, 0x00, 0x0f, 0xff, 0xff,
    0xf8, 0x00, 0x1f, 0xff, 0xf0, 0x00, 0x0f, 0xff, 0xff, 0xfe, 0x10, 0x1f, 0xff, 0xf0, 0x00, 0x0f, 0xff, 0xff, 0xff, 0x80, 0x1f, 0xff, 0xf0, 0x00,
    0x0f, 0xff, 0xff, 0xff, 0xf2, 0x1f, 0xff, 0xf0, 0x00, 0x0f, 0xff, 0xfb, 0xff, 0xf9, 0x1f, 0xff, 0xf0, 0x00, 0x0f, 0xff, 0xf3, 0xff, 0xff, 0x3f,
    0xff, 0xf0, 0x00, 0x0f, 0xff, 0xf1, 0x9f, 0xff, 0xbf, 0xff, 0xf0, 0x00, 0x0f, 0xff, 0xf1, 0x2f, 0xff, 0xff, 0xff, 0xf0, 0x00, 0x0f, 0xff, 0xf1,
    0x08, 0xff, 0xff, 0xff, 0xf0, 0x00, 0x0f, 0xff, 0xf1, 0x01, 0xef, 0xff, 0xff, 0xf0, 0x00, 0x0f, 0xff, 0xf1, 0x00, 0x8f, 0xff, 0xff, 0xf0, 0x00,
    0x0f, 0xff, 0xf1, 0x00, 0x1e, 0xff, 0xff, 0xf0, 0x00, 0x0f, 0xff, 0xf1, 0x00, 0x07, 0xff, 0xff, 0xf0, 0x00, 0x0b, 0xff, 0xb0, 0x00, 0x01, 0xcf,
    0xff, 0xb0, 0x00, 0x00, 0x00, 0x4a, 0xde, 0xed, 0xa5, 0x00, 0x00, 0x00, 0x00, 0x1b, 0xff, 0xff, 0xff, 0xff, 0xc2, 0x00, 0x00, 0x01, 0xdf, 0xff,
    0xff, 0xff, 0xff, 0xfd, 0x20, 0x00, 0x0a, 0xff, 0xff, 0xb8, 0x7b, 0xff, 0xff, 0xb0, 0x00, 0x3f, 0xff, 0xf6, 0x00, 0x00, 0x5f, 0xff, 0xf4, 0x00,
    0x9f, 0xff, 0xa0, 0x00, 0x00, 0x09, 0xff, 0xfa, 0x00, 0xcf, 0xff, 0x50, 0x00, 0x00, 0x04, 0xff, 0xfd, 0x00, 0xef, 0xff, 0x20, 0x00, 0x00, 0x01,
    0xff, 0xff, 0x00, 0xff, 0xff, 0x10, 0x00, 0x00, 0x00, 0xff, 0xff, 0x10, 0xef, 0xff, 0x20, 0x00, 0x00, 0x01, 0xff, 0xff, 0x00, 0xcf, 0xff, 0x50,
    0x00, 0x00, 0x04, 0xff, 0xfd, 0x00, 0x9f, 0xff, 0xa0, 0x00, 0x00, 0x09, 0xff, 0xfa, 0x00, 0x3f, 0xff, 0xf6, 0x00, 0x00, 0x5f, 0xff, 0xf4, 0x00,
    0x0a, 0xff, 0xff, 0xb7, 0x7b, 0xff, 0xff, 0xb0, 0x00, 0x01, 0xdf, 0xff, 0xff, 0xff, 0xff, 0xfd, 0x20, 0x00, 0x00, 0x1b, 0xff, 0xff, 0xff, 0xff,
    0xc2, 0x00, 0x00, 0x00, 0x00, 0x4a, 0xde, 0xed, 0xa5, 0x00, 0x00, 0x00, 0x0b, 0xff, 0xff, 0xff, 0xec, 0x92, 0x00, 0x00, 0x0f, 0xff, 0xff, 0xff,
    0xff, 0xff, 0x60, 0x00, 0x0f, 0xff, 0xff, 0xff, 0xff, 0xff, 0xf4, 0x00, 0x0f, 0xff, 0xf7, 0x77, 0x8d, 0xff, 0xfb, 0x00, 0x0f, 0xff, 0xf1, 0x00,
    0x03, 0xff, 0xfe, 0x00, 0x0f, 0xff, 0xf1, 0x00, 0x02, 0xff, 0xff, 0x00, 0x0f, 0xff, 0xf3, 0x22, 0x3a, 0xff, 0xfc, 0x00, 0x0f, 0xff, 0xff, 0xff,
    0xff, 0xff, 0xf6, 0x00, 0x0f, 0xff, 0xff, 0xff, 0xff, 0xff, 0xa0, 0x00, 0x0f, 0xff, 0xff, 0xff, 0xff, 0xd6, 0x00, 0x00, 0x0f, 0xff, 0xf5, 0x55,
    0x42, 0x00, 0x00, 0x00, 0x0f, 0xff, 0xf1, 0x00, 0x00, 0x00, 0x00, 0x00, 0x0f, 0xff, 0xf1, 0x00, 0x00, 0x00, 0x00, 0x00, 0x0f, 0xff, 0xf1, 0x00,
    0x00, 0x00, 0x00, 0x00, 0x0f, 0xff, 0xf1, 0x00, 0x00, 0x00, 0x00, 0x00, 0x0f, 0xff, 0xf1, 0x00, 0x00, 0x00, 0x00, 0x00, 0x0b, 0xff, 0xb0, 0x00,
    0x00, 0x00, 0x00, 0x00, 0x00, 0x00, 0x4a, 0xde, 0xed, 0xa4, 0x00, 0x00, 0x00, 0x00, 0x1b, 0xff, 0xff, 0xff, 0xff, 0xb1, 0x00, 0x00, 0x01, 0xdf,
    0xff, 0xff, 0xff, 0xff, 0xfd, 0x10, 0x00, 0x0a, 0xff, 0xff, 0xb8, 0x7b, 0xff, 0xff, 0xa0, 0x00, 0x3f, 0xff, 0xf6, 0x00, 0x00, 0x5f, 0xff, 0xf3,
    0x00, 0x9f, 0xff, 0xa0, 0x00, 0x00, 0x09, 0xff, 0xf9, 0x00, 0xcf, 0xff, 0x50, 0x00, 0x00, 0x04, 0xff, 0xfd, 0x00, 0xef, 0xff, 0x20, 0x00, 0x00,
    0x01, 0xff, 0xff, 0x00, 0xff, 0xff, 0x10, 0x00, 0x00, 0x00, 0xff, 0xff, 0x10, 0xef, 0xff, 0x20, 0x00, 0x00, 0x01, 0xff, 0xff, 0x00, 0xcf, 0xff,
    0x50, 0x00, 0x00, 0x04, 0xff, 0xfd, 0x00, 0x9f, 0xff, 0xa0, 0x00, 0x00, 0x09, 0xff, 0xf9, 0x00, 0x3f, 0xff, 0xf6, 0x00, 0x00, 0x5f, 0xff, 0xf3,
    0x00, 0x0a, 0xff, 0xff, 0xb7, 0x7b, 0xff, 0xff, 0x90, 0x00, 0x01, 0xdf, 0xff, 0xff, 0xff, 0xff, 0xff, 0xc2, 0x00, 0x00, 0x1b, 0xff, 0xff, 0xff,
    0xff, 0xff, 0xfe, 0x00, 0x00, 0x00, 0x4a, 0xde, 0xff, 0xff, 0xff, 0xfb, 0x00, 0x00, 0x00, 0x00, 0x00, 0x00, 0x01, 0x4a, 0xa1, 0x00, 0x0b, 0xff,
    0xff, 0xff, 0xec, 0x93, 0x00, 0x00, 0x0f, 0xff, 0xff, 0xff, 0xff, 0xff, 0x80, 0x00, 0x0f, 0xff, 0xff, 0xff, 0xff, 0xff, 0xf6, 0x00, 0x0f, 0xff,
    0xf7, 0x77, 0x8d, 0xff, 0xfc, 0x00, 0x0f, 0xff, 0xf1, 0x00, 0x03, 0xff, 0xfe, 0x00, 0x0f, 0xff, 0xf1, 0x00, 0x02, 0xff, 0xfe, 0x00, 0x0f, 0xff,
    0xf3, 0x22, 0x3a, 0xff, 0xfb, 0x00, 0x0f, 0xff, 0xff, 0xff, 0xff, 0xff, 0xf3, 0x00, 0x0f, 0xff, 0xff, 0xff, 0xff, 0xff, 0x50, 0x00, 0x0f, 0xff,
    0xff, 0xff, 0xff, 0xff, 0x90, 0x00, 0x0f, 0xff, 0xf5, 0x55, 0x8f, 0xff, 0xe0, 0x00, 0x0f, 0xff, 0xf1, 0x00, 0x0d, 0xff, 0xf2, 0x00, 0x0f, 0xff,
    0xf1, 0x00, 0x0a, 0xff, 0xf5, 0x00, 0x0f, 0xff, 0xf1, 0x00, 0x08, 0xff, 0xf7, 0x00, 0x0f, 0xff, 0xf1, 0x00, 0x05, 0xff, 0xfa, 0x00, 0x0f, 0xff,
    0xf1, 0x00, 0x01, 0xff, 0xff, 0x20, 0x0b, 0xff, 0xb0, 0x00, 0x00, 0x9f, 0xfe, 0x20, 0x00, 0x02, 0x9d, 0xfe, 0xc8, 0x10, 0x00, 0x00, 0x05, 0xef,
    0xff, 0xff, 0xfe, 0x30, 0x00, 0x04, 0xff, 0xff, 0xff, 0xff, 0xfd, 0x10, 0x00, 0xbf, 0xff, 0xc7, 0x9e, 0xff, 0xf7, 0x00, 0x0e, 0xff, 0xf2, 0x00,
    0x6f, 0xff, 0xc0, 0x00, 0xef, 0xff, 0x60, 0x02, 0xff, 0xfc, 0x00, 0x0c, 0xff, 0xff, 0xd8, 0x43, 0x55, 0x10, 0x00, 0x4f, 0xff, 0xff, 0xff, 0xe7,
    0x00, 0x00, 0x00, 0x6e, 0xff, 0xff, 0xff, 0xfb, 0x00, 0x00, 0x00, 0x17, 0xcf, 0xff, 0xff, 0xf7, 0x00, 0x16, 0x65, 0x00, 0x16, 0xdf, 0xff, 0xd0,
    0x09, 0xff, 0xf5, 0x00, 0x02, 0xff, 0xff, 0x00, 0x8f, 0xff, 0xc0, 0x00, 0x2f, 0xff, 0xf0, 0x03, 0xff, 0xff, 0xd8, 0x8d, 0xff, 0xfb, 0x00, 0x0a,
    0xff, 0xff, 0xff, 0xff, 0xff, 0x40, 0x00, 0x0a, 0xff, 0xff, 0xff, 0xff, 0x60, 0x00, 0x00, 0x04, 0xad, 0xff, 0xd9, 0x20, 0x00, 0x0b, 0xff, 0xff,
    0xff, 0xff, 0xff, 0xff, 0xfb, 0x0f, 0xff, 0xff, 0xff, 0xff, 0xff, 0xff, 0xff, 0x0e, 0xff, 0xff, 0xff, 0xff, 0xff, 0xff, 0xfe, 0x03, 0x77, 0x77,
    0xff, 0xff, 0x77, 0x77, 0x73, 0x00, 0x00, 0x00, 0xff, 0xff, 0x10, 0x00, 0x00, 0x00, 0x00, 0x00, 0xff, 0xff, 0x10, 0x00, 0x00, 0x00, 0x00, 0x00,
    0xff, 0xff, 0x10, 0x00, 0x00, 0x00, 0x00, 0x00, 0xff, 0xff, 0x10, 0x00, 0x00, 0x00, 0x00, 0x00, 0xff, 0xff, 0x10, 0x00, 0x00, 0x00, 0x00, 0x00,
    0xff, 0xff, 0x10, 0x00, 0x00, 0x00, 0x00, 0x00, 0xff, 0xff, 0x10, 0x00, 0x00, 0x00, 0x00, 0x00, 0xff, 0xff, 0x10, 0x00, 0x00, 0x00, 0x00, 0x00,
    0xff, 0xff, 0x10, 0x00, 0x00, 0x00, 0x00, 0x00, 0xff, 0xff, 0x10, 0x00, 0x00, 0x00, 0x00, 0x00, 0xff, 0xff, 0x10, 0x00, 0x00, 0x00, 0x00, 0x00,
    0xff, 0xff, 0x10, 0x00, 0x00, 0x00, 0x00, 0x00, 0xbf, 0xfb, 0x00, 0x00, 0x00, 0x00, 0xbf, 0xfb, 0x00, 0x00, 0x0b, 0xff, 0xb0, 0x00, 0x0f, 0xff,
    0xf1, 0x00, 0x01, 0xff, 0xff, 0x00, 0x00, 0xff, 0xff, 0x10, 0x00, 0x1f, 0xff, 0xf0, 0x00, 0x0f, 0xff, 0xf1, 0x00, 0x01, 0xff, 0xff, 0x00, 0x00,
    0xff, 0xff, 0x10, 0x00, 0x1f, 0xff, 0xf0, 0x00, 0x0f, 0xff, 0xf1, 0x00, 0x01, 0xff, 0xff, 0x00, 0x00, 0xff, 0xff, 0x10, 0x00, 0x1f, 0xff, 0xf0,
    0x00, 0x0f, 0xff, 0xf1, 0x00, 0x01, 0xff, 0xff, 0x00, 0x00, 0xff, 0xff, 0x10, 0x00, 0x1f, 0xff, 0xf0, 0x00, 0x0f, 0xff, 0xf1, 0x00, 0x01, 0xff,
    0xff, 0x00, 0x00, 0xff, 0xff, 0x10, 0x00, 0x1f, 0xff, 0xf0, 0x00, 0x0e, 0xff, 0xf2, 0x00, 0x02, 0xff, 0xfe, 0x00, 0x00, 0xcf, 0xff, 0x70, 0x00,
    0x7f, 0xff, 0xc0, 0x00, 0x07, 0xff, 0xff, 0xa7, 0xaf, 0xff, 0xf7, 0x00, 0x00, 0x1d, 0xff, 0xff, 0xff, 0xff, 0xfd, 0x10, 0x00, 0x00, 0x3d, 0xff,
    0xff, 0xff, 0xfd, 0x30, 0x00, 0x00, 0x00, 0x17, 0xce, 0xfe, 0xc7, 0x10, 0x00, 0x01, 0xdf, 0xf8, 0x00, 0x00, 0x00, 0x0c, 0xff, 0x92, 0xff, 0xfe,
    0x00, 0x00, 0x00, 0x5f, 0xff, 0xc0, 0xcf, 0xff, 0x50, 0x00, 0x00, 0xaf, 0xff, 0x70, 0x7f, 0xff, 0xa0, 0x00, 0x01, 0xef, 0xff, 0x20, 0x2f, 0xff,
    0xe0, 0x00, 0x05, 0xff, 0xfb, 0x00, 0x0c, 0xff, 0xf4, 0x00, 0x0a, 0xff, 0xf6, 0x00, 0x06, 0xff, 0xf9, 0x00, 0x1f, 0xff, 0xe1, 0x00, 0x01, 0xff,
    0xfe, 0x00, 0x5f, 0xff, 0xa0, 0x00, 0x00, 0xbf, 0xff, 0x40, 0xbf, 0xff, 0x40, 0x00, 0x00, 0x6f, 0xff, 0x91, 0xff, 0xfe, 0x00, 0x00, 0x00, 0x1f,
    0xff, 0xe6, 0xff, 0xf8, 0x00, 0x00, 0x00, 0x0a, 0xff, 0xfe, 0xff, 0xf3, 0x00, 0x00, 0x00, 0x05, 0xff, 0xff, 0xff, 0xc0, 0x00, 0x00, 0x00, 0x01,
    0xef, 0xff, 0xff, 0x70, 0x00, 0x00, 0x00, 0x00, 0xaf, 0xff, 0xff, 0x20, 0x00, 0x00, 0x00, 0x00, 0x4f, 0xff, 0xfb, 0x00, 0x00, 0x00, 0x00, 0x00,
    0x0c, 0xff, 0xe4, 0x00, 0x00, 0x03, 0xef, 0xf7, 0x00, 0x00, 0x5f, 0xff, 0xb0, 0x00, 0x01, 0xdf, 0xf7, 0x5f, 0xff, 0xd0, 0x00, 0x0b, 0xff, 0xff,
    0x20, 0x00, 0x6f, 0xff, 0xa1, 0xff, 0xff, 0x20, 0x00, 0xef, 0xff, 0xf6, 0x00, 0x09, 0xff, 0xf6, 0x0c, 0xff, 0xf5, 0x00, 0x4f, 0xff, 0xff, 0xa0,
    0x00, 0xdf, 0xff, 0x20, 0x8f, 0xff, 0x90, 0x08, 0xff, 0xff, 0xfe, 0x00, 0x2f, 0xff, 0xd0, 0x04, 0xff, 0xfd, 0x00, 0xcf, 0xff, 0xff, 0xf3, 0x06,
    0xff, 0xf9, 0x00, 0x0e, 0xff, 0xf1, 0x1f, 0xff, 0xff, 0xff, 0x60, 0xaf, 0xff, 0x40, 0x00, 0xbf, 0xff, 0x55, 0xff, 0xfa, 0xff, 0xfa, 0x0d, 0xff,
    0xf1, 0x00, 0x07, 0xff, 0xf8, 0x9f, 0xff, 0x3e, 0xff, 0xe2, 0xff, 0xfb, 0x00, 0x00, 0x3f, 0xff, 0xcd, 0xff, 0xe0, 0xaf, 0xff, 0x9f, 0xff, 0x70,
    0x00, 0x00, 0xef, 0xff, 0xff, 0xf9, 0x06, 0xff, 0xff, 0xff, 0xf2, 0x00, 0x00, 0x0a, 0xff, 0xff, 0xff, 0x50, 0x2f, 0xff, 0xff, 0xfd, 0x00, 0x00,
    0x00, 0x6f, 0xff, 0xff, 0xf1, 0x00, 0xdf, 0xff, 0xff, 0x90, 0x00, 0x00, 0x02, 0xff, 0xff, 0xfc, 0x00, 0x09, 0xff, 0xff, 0xf5, 0x00, 0x00, 0x00,
    0x0d, 0xff, 0xff, 0x80, 0x00, 0x5f, 0xff, 0xff, 0x10, 0x00, 0x00, 0x00, 0x9f, 0xff, 0xf4, 0x00, 0x01, 0xff, 0xff, 0xb0, 0x00, 0x00, 0x00, 0x03,
    0xef, 0xfc, 0x00, 0x00, 0x0a, 0xff, 0xf5, 0x00, 0x00, 0x0c, 0xff, 0xc1, 0x00, 0x00, 0x07, 0xff, 0xe4, 0x0d, 0xff, 0xfa, 0x00, 0x00, 0x4f, 0xff,
    0xf4, 0x04, 0xff, 0xff, 0x40, 0x01, 0xdf, 0xff, 0xa0, 0x00, 0x9f, 0xff, 0xd1, 0x09, 0xff, 0xfd, 0x10, 0x00, 0x1d, 0xff, 0xf9, 0x4f, 0xff, 0xf3,
    0x00, 0x00, 0x03, 0xff, 0xff, 0xef, 0xff, 0x70, 0x00, 0x00, 0x00, 0x8f, 0xff, 0xff, 0xfb, 0x00, 0x00, 0x00, 0x00, 0x0d, 0xff, 0xff, 0xe2, 0x00,
    0x00, 0x00, 0x00, 0x06, 0xff, 0xff, 0x90, 0x00, 0x00, 0x00, 0x00, 0x2e, 0xff, 0xff, 0xf4, 0x00, 0x00, 0x00, 0x00, 0xbf, 0xff, 0xff, 0xfd, 0x10,
    0x00, 0x00, 0x07, 0xff, 0xfe, 0xdf, 0xff, 0xa0, 0x00, 0x00, 0x3f, 0xff, 0xf5, 0x3f, 0xff, 0xf6, 0x00, 0x01, 0xdf, 0xff, 0xa0, 0x07, 0xff, 0xfe,
    0x20, 0x09, 0xff, 0xfd, 0x10, 0x00, 0xcf, 0xff, 0xc0, 0x4f, 0xff, 0xf4, 0x00, 0x00, 0x2e, 0xff, 0xf8, 0x4e, 0xff, 0x80, 0x00, 0x00, 0x05, 0xef,
    0xf7, 0x2d, 0xff, 0x80, 0x00, 0x00, 0x07, 0xff, 0xe3, 0x3f, 0xff, 0xf4, 0x00, 0x00, 0x2f, 0xff, 0xf4, 0x09, 0xff, 0xfd, 0x00, 0x00, 0xbf, 0xff,
    0xb0, 0x01, 0xef, 0xff, 0x70, 0x04, 0xff, 0xff, 0x20, 0x00, 0x7f, 0xff, 0xe1, 0x0d, 0xff, 0xf8, 0x00, 0x00, 0x0d, 0xff, 0xfa, 0x7f, 0xff, 0xd1,
    0x00, 0x00, 0x04, 0xff, 0xff, 0xef, 0xff, 0x50, 0x00, 0x00, 0x00, 0xaf, 0xff, 0xff, 0xfb, 0x00, 0x00, 0x00, 0x00, 0x2f, 0xff, 0xff, 0xf3, 0x00,
    0x00, 0x00, 0x00, 0x08, 0xff, 0xff, 0x90, 0x00, 0x00, 0x00, 0x00, 0x01, 0xff, 0xff, 0x10, 0x00, 0x00, 0x00, 0x00, 0x00, 0xff, 0xff, 0x10, 0x00,
    0x00, 0x00, 0x00, 0x00, 0xff, 0xff, 0x10, 0x00, 0x00, 0x00, 0x00, 0x00, 0xff, 0xff, 0x10, 0x00, 0x00, 0x00, 0x00, 0x00, 0xff, 0xff, 0x10, 0x00,
    0x00, 0x00, 0x00, 0x00, 0xff, 0xff, 0x10, 0x00, 0x00, 0x00, 0x00, 0x00, 0xbf, 0xfb, 0x00, 0x00, 0x00, 0x00, 0xbf, 0xff, 0xff, 0xff, 0xff, 0xff,
    0xb0, 0x00, 0xff, 0xff, 0xff, 0xff, 0xff, 0xff, 0xf0, 0x00, 0xef, 0xff, 0xff, 0xff, 0xff, 0xff, 0xe0, 0x00, 0x37, 0x77, 0x77, 0x7c, 0xff, 0xff,
    0x70, 0x00, 0x00, 0x00, 0x00, 0x4f, 0xff, 0xfa, 0x00, 0x00, 0x00, 0x00, 0x02, 0xef, 0xff, 0xd1, 0x00, 0x00, 0x00, 0x00, 0x0c, 0xff, 0xfe, 0x30,
    0x00, 0x00, 0x00, 0x00, 0x9f, 0xff, 0xf5, 0x00, 0x00, 0x00, 0x00, 0x06, 0xff, 0xff, 0x90, 0x00, 0x00, 0x00, 0x00, 0x4f, 0xff, 0xfc, 0x00, 0x00,
    0x00, 0x00, 0x02, 0xef, 0xff, 0xe2, 0x00, 0x00, 0x00, 0x00, 0x0c, 0xff, 0xff, 0x40, 0x00, 0x00, 0x00, 0x00, 0x9f, 0xff, 0xf7, 0x00, 0x00, 0x00,
    0x00, 0x06, 0xff, 0xff, 0xe7, 0x77, 0x77, 0x77, 0x30, 0x0e, 0xff, 0xff, 0xff, 0xff, 0xff, 0xff, 0xe0, 0x0f, 0xff, 0xff, 0xff, 0xff, 0xff, 0xff,
    0xf0, 0x0b, 0xff, 0xff, 0xff, 0xff, 0xff, 0xff, 0xb0, 0x00, 0x12, 0x22, 0x10, 0x01, 0xef, 0xff, 0xe2, 0x03, 0xff, 0xff, 0xf4, 0x03, 0xff, 0xff,
    0xf3, 0x03, 0xff, 0xf5, 0x30, 0x03, 0xff, 0xf0, 0x00, 0x03, 0xff, 0xf0, 0x00, 0x03, 0xff, 0xf0, 0x00, 0x03, 0xff, 0xf0, 0x00, 0x03, 0xff, 0xf0,
    0x00, 0x03, 0xff, 0xf0, 0x00, 0x03, 0xff, 0xf0, 0x00, 0x03, 0xff, 0xf0, 0x00, 0x03, 0xff, 0xf0, 0x00, 0x03, 0xff, 0xf0, 0x00, 0x03, 0xff, 0xf0,
    0x00, 0x03, 0xff, 0xf0, 0x00, 0x03, 0xff, 0xf0, 0x00, 0x03, 0xff, 0xf2, 0x10, 0x03, 0xff, 0xff, 0xf2, 0x03, 0xff, 0xff, 0xf4, 0x01, 0xff, 0xff,
    0xf3, 0x00, 0x35, 0x55, 0x30, 0x0c, 0xfd, 0x20, 0x00, 0x00, 0x0e, 0xff, 0x70, 0x00, 0x00, 0x0a, 0xff, 0xc0, 0x00, 0x00, 0x05, 0xff, 0xf2, 0x00,
    0x00, 0x01, 0xef, 0xf7, 0x00, 0x00, 0x00, 0xaf, 0xfc, 0x00, 0x00, 0x00, 0x5f, 0xff, 0x20, 0x00, 0x00, 0x1e, 0xff, 0x70, 0x00, 0x00, 0x0a, 0xff,
    0xc0, 0x00, 0x00, 0x05, 0xff, 0xf2, 0x00, 0x00, 0x01, 0xef, 0xf7, 0x00, 0x00, 0x00, 0xaf, 0xfc, 0x00, 0x00, 0x00, 0x5f, 0xff, 0x20, 0x00, 0x00,
    0x1e, 0xff, 0x70, 0x00, 0x00, 0x0a, 0xff, 0xd0, 0x00, 0x00, 0x05, 0xff, 0xf3, 0x00, 0x00, 0x01, 0xef, 0xf8, 0x00, 0x00, 0x00, 0xaf, 0xfa, 0x00,
    0x00, 0x00, 0x17, 0x72, 0x01, 0x22, 0x20, 0x00, 0x5f, 0xff, 0xfc, 0x00, 0x7f, 0xff, 0xff, 0x00, 0x6f, 0xff, 0xff, 0x00, 0x04, 0x6f, 0xff, 0x00,
    0x00, 0x3f, 0xff, 0x00, 0x00, 0x3f, 0xff, 0x00, 0x00, 0x3f, 0xff, 0x00, 0x00, 0x3f, 0xff, 0x00, 0x00, 0x3f, 0xff, 0x00, 0x00, 0x3f, 0xff, 0x00,
    0x00, 0x3f, 0xff, 0x00, 0x00, 0x3f, 0xff, 0x00, 0x00, 0x3f, 0xff, 0x00, 0x00, 0x3f, 0xff, 0x00, 0x00, 0x3f, 0xff, 0x00, 0x00, 0x3f, 0xff, 0x00,
    0x00, 0x3f, 0xff, 0x00, 0x01, 0x4f, 0xff, 0x00, 0x5f, 0xff, 0xff, 0x00, 0x7f, 0xff, 0xff, 0x00, 0x6f, 0xff, 0xfd, 0x00, 0x04, 0x55, 0x52, 0x00,
    0x00, 0x00, 0x03, 0xef, 0xd1, 0x00, 0x00, 0x00, 0x00, 0x00, 0xaf, 0xff, 0x60, 0x00, 0x00, 0x00, 0x00, 0x2f, 0xff, 0xfd, 0x00, 0x00, 0x00, 0x00,
    0x08, 0xff, 0xff, 0xf4, 0x00, 0x00, 0x00, 0x01, 0xef, 0xff, 0xff, 0xb0, 0x00, 0x00, 0x00, 0x6f, 0xff, 0x8f, 0xff, 0x20, 0x00, 0x00, 0x0c, 0xff,
    0xc1, 0xef, 0xf9, 0x00, 0x00, 0x04, 0xff, 0xf6, 0x09, 0xff, 0xe1, 0x00, 0x00, 0xaf, 0xfe, 0x10, 0x3f, 0xff, 0x70, 0x00, 0x1f, 0xff, 0x90, 0x00,
    0xcf, 0xfd, 0x00, 0x01, 0xdf, 0xe2, 0x00, 0x04, 0xef, 0xa0, 0x00, 0x00, 0x00, 0x00, 0x00, 0x00, 0x00, 0x00, 0x00, 0x00, 0x00, 0x00, 0x00, 0x00,
    0x00, 0x00, 0x00, 0x00, 0x00, 0x00, 0x00, 0x00, 0x00, 0x00, 0x00, 0x00, 0x00, 0x00, 0x00, 0x00, 0x00, 0x00, 0x00, 0x00, 0x00, 0x00, 0x00, 0x00,
    0x00, 0x22, 0x22, 0x22, 0x22, 0x20, 0x00, 0xcf, 0xff, 0xff, 0xff, 0xff, 0xc0, 0x0f, 0xff, 0xff, 0xff, 0xff, 0xff, 0x00, 0xef, 0xff, 0xff, 0xff,
    0xff, 0xe0, 0x02, 0x55, 0x55, 0x55, 0x55, 0x52, 0x00, 0x58, 0x72, 0x00, 0x00, 0x0f, 0xff, 0xc0, 0x00, 0x00, 0x9f, 0xff, 0x50, 0x00, 0x00, 0xcf,
    0xfc, 0x00, 0x00, 0x02, 0xdf, 0xa0, 0x00, 0x00, 0x00, 0x00, 0x00, 0x00, 0x00, 0x00, 0x00, 0x00, 0x00, 0x00, 0x00, 0x00, 0x00, 0x00, 0x00, 0x00,
    0x00, 0x00, 0x00, 0x00, 0x00, 0x00, 0x00, 0x00, 0x00, 0x00, 0x00, 0x00, 0x00, 0x00, 0x00, 0x00, 0x00, 0x00, 0x00, 0x00, 0x00, 0x00, 0x00, 0x00,
    0x00, 0x00, 0x00, 0x00, 0x00, 0x00, 0x00, 0x00, 0x00, 0x00, 0x00, 0x00, 0x00, 0x00, 0x00, 0x00, 0x00, 0x00, 0x00, 0x18, 0xdf, 0xec, 0x71, 0x00,
    0x00, 0x02, 0xdf, 0xff, 0xff, 0xfd, 0x10, 0x00, 0x0c, 0xff, 0xff, 0xff, 0xff, 0x90, 0x00, 0x4f, 0xff, 0xe8, 0xaf, 0xff, 0xe0, 0x00, 0x7f, 0xff,
    0x81, 0x2f, 0xff, 0xf0, 0x00, 0x3c, 0xff, 0xff, 0xff, 0xff, 0xf1, 0x00, 0x09, 0xff, 0xff, 0xff, 0xff, 0xf1, 0x00, 0x6f, 0xff, 0xff, 0xff, 0xff,
    0xf1, 0x00, 0xcf, 0xff, 0xb5, 0x3f, 0xff, 0xf1, 0x00, 0xff, 0xff, 0x10, 0x3f, 0xff, 0xf1, 0x00, 0xef, 0xff, 0x98, 0xdf, 0xff, 0xf1, 0x00, 0xaf,
    0xff, 0xff, 0xff, 0xff, 0xf2, 0x00, 0x2d, 0xff, 0xff, 0xff, 0xff, 0xf4, 0x00, 0x01, 0x9d, 0xfe, 0xbc, 0xff, 0xd1, 0x00, 0x0b, 0xff, 0xb0, 0x00,
    0x00, 0x00, 0x00, 0x00, 0x0f, 0xff, 0xf1, 0x00, 0x00, 0x00, 0x00, 0x00, 0x0f, 0xff, 0xf1, 0x00, 0x00, 0x00, 0x00, 0x00, 0x0f, 0xff, 0xf1, 0x00,
    0x00, 0x00, 0x00, 0x00, 0x0f, 0xff, 0xf9, 0xdf, 0xec, 0x70, 0x00, 0x00, 0x0f, 0xff, 0xff, 0xff, 0xff, 0xfd, 0x20, 0x00, 0x0f, 0xff, 0xff, 0xff,
    0xff, 0xff, 0xc0, 0x00, 0x0f, 0xff, 0xff, 0xb8, 0xbf, 0xff, 0xf6, 0x00, 0x0f, 0xff, 0xf9, 0x00, 0x0a, 0xff, 0xfb, 0x00, 0x0f, 0xff, 0xf3, 0x00,
    0x04, 0xff, 0xfe, 0x00, 0x0f, 0xff, 0xf1, 0x00, 0x01, 0xff, 0xff, 0x10, 0x0f, 0xff, 0xf1, 0x00, 0x01, 0xff, 0xff, 0x00, 0x0f, 0xff, 0xf2, 0x00,
    0x03, 0xff, 0xfe, 0x00, 0x0f, 0xff, 0xf9, 0x00, 0x0a, 0xff, 0xfa, 0x00, 0x0f, 0xff, 0xff, 0xb8, 0xbf, 0xff, 0xf4, 0x00, 0x0f, 0xff, 0xff, 0xff,
    0xff, 0xff, 0xa0, 0x00, 0x0f, 0xff, 0xff, 0xff, 0xff, 0xfa, 0x10, 0x00, 0x0b, 0xff, 0xfa, 0xdf, 0xea, 0x40, 0x00, 0x00, 0x00, 0x04, 0xae, 0xfe,
    0xa4, 0x00, 0x00, 0x00, 0x9f, 0xff, 0xff, 0xff, 0x90, 0x00, 0x09, 0xff, 0xff, 0xff, 0xff, 0xf6, 0x00, 0x3f, 0xff, 0xfb, 0x7c, 0xff, 0xfe, 0x00,
    0x9f, 0xff, 0xa0, 0x00, 0xdf, 0xff, 0x40, 0xdf, 0xff, 0x40, 0x00, 0x7f, 0xff, 0x30, 0xef, 0xff, 0x20, 0x00, 0x02, 0x21, 0x00, 0xff, 0xff, 0x10,
    0x00, 0x00, 0x00, 0x00, 0xdf, 0xff, 0x30, 0x00, 0x6e, 0xec, 0x10, 0xbf, 0xff, 0xa0, 0x01, 0xef, 0xff, 0x20, 0x6f, 0xff, 0xfa, 0x7c, 0xff, 0xfd,
    0x00, 0x0c, 0xff, 0xff, 0xff, 0xff, 0xf5, 0x00, 0x02, 0xcf, 0xff, 0xff, 0xff, 0x70, 0x00, 0x00, 0x07, 0xce, 0xfd, 0x93, 0x00, 0x00, 0x00, 0x00,
    0x00, 0x00, 0x0b, 0xff, 0xb0, 0x00, 0x00, 0x00, 0x00, 0x00, 0x0f, 0xff, 0xf1, 0x00, 0x00, 0x00, 0x00, 0x00, 0x0f, 0xff, 0xf1, 0x00, 0x00, 0x00,
    0x00, 0x00, 0x0f, 0xff, 0xf1, 0x00, 0x00, 0x04, 0xae, 0xfd, 0xaf, 0xff, 0xf1, 0x00, 0x00, 0x9f, 0xff, 0xff, 0xff, 0xff, 0xf1, 0x00, 0x09, 0xff,
    0xff, 0xff, 0xff, 0xff, 0xf1, 0x00, 0x3f, 0xff, 0xfb, 0x8b, 0xff, 0xff, 0xf1, 0x00, 0x9f, 0xff, 0xb0, 0x00, 0x8f, 0xff, 0xf1, 0x00, 0xdf, 0xff,
    0x40, 0x00, 0x2f, 0xff, 0xf1, 0x00, 0xef, 0xff, 0x20, 0x00, 0x0f, 0xff, 0xf1, 0x00, 0xff, 0xff, 0x20, 0x00, 0x0f, 0xff, 0xf1, 0x00, 0xdf, 0xff,
    0x40, 0x00, 0x2f, 0xff, 0xf1, 0x00, 0xaf, 0xff, 0xa0, 0x00, 0x9f, 0xff, 0xf1, 0x00, 0x5f, 0xff, 0xfb, 0x8b, 0xff, 0xff, 0xf1, 0x00, 0x0b, 0xff,
    0xff, 0xff, 0xff, 0xff, 0xf1, 0x00, 0x01, 0xcf, 0xff, 0xff, 0xff, 0xff, 0xf1, 0x00, 0x00, 0x07, 0xce, 0xfd, 0x9c, 0xff, 0xb0, 0x00, 0x00, 0x04,
    0xae, 0xfe, 0xa4, 0x00, 0x00, 0x00, 0x9f, 0xff, 0xff, 0xff, 0x80, 0x00, 0x09, 0xff, 0xff, 0xff, 0xff, 0xf6, 0x00, 0x3f, 0xff, 0xfa, 0x7b, 0xff,
    0xfe, 0x00, 0x9f, 0xff, 0x92, 0x22, 0xef, 0xff, 0x40, 0xdf, 0xff, 0xff, 0xff, 0xff, 0xff, 0x60, 0xef, 0xff, 0xff, 0xff, 0xff, 0xff, 0x70, 0xff,
    0xff, 0xff, 0xff, 0xff, 0xff, 0x60, 0xdf, 0xff, 0x75, 0x55, 0xcf, 0xff, 0x30, 0xaf, 0xff, 0x80, 0x01, 0xdf, 0xff, 0x30, 0x5f, 0xff, 0xfa, 0x7c,
    0xff, 0xfd, 0x00, 0x0b, 0xff, 0xff, 0xff, 0xff, 0xf5, 0x00, 0x01, 0xcf, 0xff, 0xff, 0xff, 0x70, 0x00, 0x00, 0x06, 0xbe, 0xfd, 0xa3, 0x00, 0x00,
    0x00, 0x02, 0x67, 0x63, 0x00, 0x00, 0x9f, 0xff, 0xfe, 0x00, 0x07, 0xff, 0xff, 0xff, 0x00, 0x0d, 0xff, 0xfe, 0xea, 0x00, 0x0f, 0xff, 0xf1, 0x00,
    0x00, 0xbf, 0xff, 0xff, 0xfb, 0x00, 0xff, 0xff, 0xff, 0xff, 0x00, 0xef, 0xff, 0xff, 0xfe, 0x00, 0x3f, 0xff, 0xf7, 0x73, 0x00, 0x0f, 0xff, 0xf1,
    0x00, 0x00, 0x0f, 0xff, 0xf1, 0x00, 0x00, 0x0f, 0xff, 0xf1, 0x00, 0x00, 0x0f, 0xff, 0xf1, 0x00, 0x00, 0x0f, 0xff, 0xf1, 0x00, 0x00, 0x0f, 0xff,
    0xf1, 0x00, 0x00, 0x0f, 0xff, 0xf1, 0x00, 0x00, 0x0f, 0xff, 0xf1, 0x00, 0x00, 0x0f, 0xff, 0xf1, 0x00, 0x00, 0x0b, 0xff, 0xb0, 0x00, 0x00, 0x00,
    0x04, 0xae, 0xfd, 0xae, 0xff, 0xb0, 0x00, 0x00, 0x9f, 0xff, 0xff, 0xff, 0xff, 0xf1, 0x00, 0x09, 0xff, 0xff, 0xff, 0xff, 0xff, 0xf1, 0x00, 0x3f,
    0xff, 0xfb, 0x8b, 0xff, 0xff, 0xf1, 0x00, 0x9f, 0xff, 0xb0, 0x00, 0x8f, 0xff, 0xf1, 0x00, 0xdf, 0xff, 0x40, 0x00, 0x2f, 0xff, 0xf1, 0x00, 0xef,
    0xff, 0x20, 0x00, 0x0f, 0xff, 0xf1, 0x00, 0xff, 0xff, 0x20, 0x00, 0x0f, 0xff, 0xf1, 0x00, 0xdf, 0xff, 0x40, 0x00, 0x2f, 0xff, 0xf1, 0x00, 0xaf,
    0xff, 0xa0, 0x00, 0x9f, 0xff, 0xf1, 0x00, 0x5f, 0xff, 0xfb, 0x8b, 0xff, 0xff, 0xf1, 0x00, 0x0b, 0xff, 0xff, 0xff, 0xff, 0xff, 0xf1, 0x00, 0x4d,
    0xff, 0xff, 0xff, 0xff, 0xff, 0xf0, 0x00, 0x9f, 0xff, 0xfe, 0xfd, 0xef, 0xff, 0xd0, 0x00, 0x6f, 0xff, 0xe9, 0x79, 0xff, 0xff, 0x90, 0x00, 0x1e,
    0xff, 0xff, 0xff, 0xff, 0xfe, 0x10, 0x00, 0x04, 0xef, 0xff, 0xff, 0xff, 0xd3, 0x00, 0x00, 0x00, 0x18, 0xce, 0xfe, 0xc7, 0x10, 0x00, 0x00, 0x0b,
    0xff, 0xb0, 0x00, 0x00, 0x00, 0x00, 0x00, 0x0f, 0xff, 0xf1, 0x00, 0x00, 0x00, 0x00, 0x00, 0x0f, 0xff, 0xf1, 0x00, 0x00, 0x00, 0x00, 0x00, 0x0f,
    0xff, 0xf1, 0x00, 0x00, 0x00, 0x00, 0x00, 0x0f, 0xff, 0xf9, 0xdf, 0xec, 0x60, 0x00, 0x00, 0x0f, 0xff, 0xff, 0xff, 0xff, 0xfa, 0x00, 0x00, 0x0f,
    0xff, 0xff, 0xff, 0xff, 0xff, 0x60, 0x00, 0x0f, 0xff, 0xff, 0xb8, 0xdf, 0xff, 0xc0, 0x00, 0x0f, 0xff, 0xfa, 0x00, 0x3f, 0xff, 0xe0, 0x00, 0x0f,
    0xff, 0xf4, 0x00, 0x1f, 0xff, 0xf0, 0x00, 0x0f, 0xff, 0xf2, 0x00, 0x1f, 0xff, 0xf0, 0x00, 0x0f, 0xff, 0xf1, 0x00, 0x1f, 0xff, 0xf0, 0x00, 0x0f,
    0xff, 0xf1, 0x00, 0x1f, 0xff, 0xf0, 0x00, 0x0f, 0xff, 0xf1, 0x00, 0x1f, 0xff, 0xf0, 0x00, 0x0f, 0xff, 0xf1, 0x00, 0x1f, 0xff, 0xf0, 0x00, 0x0f,
    0xff, 0xf1, 0x00, 0x1f, 0xff, 0xf0, 0x00, 0x0f, 0xff, 0xf1, 0x00, 0x1f, 0xff, 0xf0, 0x00, 0x0b, 0xff, 0xb0, 0x00, 0x0b, 0xff, 0xb0, 0x00, 0x01,
    0x10, 0x00, 0x06, 0xff, 0x70, 0x00, 0xef, 0xfe, 0x00, 0x0d, 0xff, 0xe0, 0x00, 0xff, 0xff, 0x00, 0x0f, 0xff, 0xf1, 0x00, 0xff, 0xff, 0x10, 0x0f,
    0xff, 0xf1, 0x00, 0xff, 0xff, 0x10, 0x0f, 0xff, 0xf1, 0x00, 0xff, 0xff, 0x10, 0x0f, 0xff, 0xf1, 0x00, 0xff, 0xff, 0x10, 0x0f, 0xff, 0xf1, 0x00,
    0xff, 0xff, 0x10, 0x0f, 0xff, 0xf1, 0x00, 0xff, 0xff, 0x10, 0x0b, 0xff, 0xb0, 0x00, 0x00, 0x11, 0x00, 0x00, 0x06, 0xff, 0x70, 0x00, 0x0e, 0xff,
    0xe0, 0x00, 0x0d, 0xff, 0xe0, 0x00, 0x0f, 0xff, 0xf0, 0x00, 0x0f, 0xff, 0xf1, 0x00, 0x0f, 0xff, 0xf1, 0x00, 0x0f, 0xff, 0xf1, 0x00, 0x0f, 0xff,
    0xf1, 0x00, 0x0f, 0xff, 0xf1, 0x00, 0x0f, 0xff, 0xf1, 0x00, 0x0f, 0xff, 0xf1, 0x00, 0x0f, 0xff, 0xf1, 0x00, 0x0f, 0xff, 0xf1, 0x00, 0x0f, 0xff,
    0xf1, 0x00, 0x0f, 0xff, 0xf1, 0x00, 0x0f, 0xff, 0xf1, 0x00, 0x0f, 0xff, 0xf1, 0x01, 0x7f, 0xff, 0xf0, 0x07, 0xff, 0xff, 0xd0, 0x07, 0xff, 0xff,
    0x60, 0x04, 0xef, 0xd6, 0x00, 0x00, 0x0b, 0xff, 0xb0, 0x00, 0x00, 0x00, 0x00, 0x0f, 0xff, 0xf1, 0x00, 0x00, 0x00, 0x00, 0x0f, 0xff, 0xf1, 0x00,
    0x00, 0x00, 0x00, 0x0f, 0xff, 0xf1, 0x00, 0x00, 0x00, 0x00, 0x0f, 0xff, 0xf1, 0x00, 0x6e, 0xff, 0xa0, 0x0f, 0xff, 0xf1, 0x05, 0xff, 0xff, 0xb0,
    0x0f, 0xff, 0xf1, 0x3f, 0xff, 0xfc, 0x10, 0x0f, 0xff, 0xf3, 0xef, 0xff, 0xc1, 0x00, 0x0f, 0xff, 0xfe, 0xff, 0xfd, 0x10, 0x00, 0x0f, 0xff, 0xff,
    0xff, 0xd2, 0x00, 0x00, 0x0f, 0xff, 0xff, 0xff, 0x20, 0x00, 0x00, 0x0f, 0xff, 0xff, 0xff, 0x80, 0x00, 0x00, 0x0f, 0xff, 0xff, 0xff, 0xf6, 0x00,
    0x00, 0x0f, 0xff, 0xfd, 0xff, 0xff, 0x40, 0x00, 0x0f, 0xff, 0xf2, 0xdf, 0xff, 0xe3, 0x00, 0x0f, 0xff, 0xf1, 0x3e, 0xff, 0xfd, 0x20, 0x0f, 0xff,
    0xf1, 0x05, 0xff, 0xff, 0xc0, 0x0b, 0xff, 0xb0, 0x00, 0x7e, 0xff, 0xb0, 0x0b, 0xff, 0xb0, 0x00, 0x0f, 0xff, 0xf1, 0x00, 0x0f, 0xff, 0xf1, 0x00,
    0x0f, 0xff, 0xf1, 0x00, 0x0f, 0xff, 0xf1, 0x00, 0x0f, 0xff, 0xf1, 0x00, 0x0f, 0xff, 0xf1, 0x00, 0x0f, 0xff, 0xf1, 0x00, 0x0f, 0xff, 0xf1, 0x00,
    0x0f, 0xff, 0xf1, 0x00, 0x0f, 0xff, 0xf1, 0x00, 0x0f, 0xff, 0xf1, 0x00, 0x0f, 0xff, 0xf1, 0x00, 0x0f, 0xff, 0xf1, 0x00, 0x0f, 0xff, 0xf6, 0x10,
    0x0e, 0xff, 0xff, 0x70, 0x0b, 0xff, 0xff, 0x80, 0x02, 0xae, 0xfd, 0x30, 0x0b, 0xff, 0xfb, 0xee, 0xc7, 0x15, 0xbe, 0xec, 0x70, 0x00, 0x00, 0x0f,
    0xff, 0xff, 0xff, 0xff, 0xff, 0xff, 0xff, 0xfb, 0x00, 0x00, 0x0f, 0xff, 0xff, 0xff, 0xff, 0xff, 0xff, 0xff, 0xff, 0x60, 0x00, 0x0f, 0xff, 0xfe,
    0x7c, 0xff, 0xff, 0xe7, 0xcf, 0xff, 0xb0, 0x00, 0x0f, 0xff, 0xf6, 0x03, 0xff, 0xff, 0x60, 0x4f, 0xff, 0xd0, 0x00, 0x0f, 0xff, 0xf3, 0x01, 0xff,
    0xff, 0x20, 0x2f, 0xff, 0xe0, 0x00, 0x0f, 0xff, 0xf1, 0x01, 0xff, 0xff, 0x00, 0x2f, 0xff, 0xe0, 0x00, 0x0f, 0xff, 0xf1, 0x01, 0xff, 0xff, 0x00,
    0x2f, 0xff, 0xe0, 0x00, 0x0f, 0xff, 0xf1, 0x01, 0xff, 0xff, 0x00, 0x2f, 0xff, 0xe0, 0x00, 0x0f, 0xff, 0xf1, 0x01, 0xff, 0xff, 0x00, 0x2f, 0xff,
    0xe0, 0x00, 0x0f, 0xff, 0xf1, 0x01, 0xff, 0xff, 0x00, 0x2f, 0xff, 0xe0, 0x00, 0x0f, 0xff, 0xf1, 0x01, 0xff, 0xff, 0x00, 0x2f, 0xff, 0xe0, 0x00,
    0x0f, 0xff, 0xf1, 0x01, 0xff, 0xff, 0x00, 0x2f, 0xff, 0xe0, 0x00, 0x0b, 0xff, 0xb0, 0x00, 0xbf, 0xfb, 0x00, 0x0c, 0xff, 0xa0, 0x00, 0x0b, 0xff,
    0xd8, 0xdf, 0xec, 0x60, 0x00, 0x00, 0x0f, 0xff, 0xff, 0xff, 0xff, 0xfa, 0x00, 0x00, 0x0f, 0xff, 0xff, 0xff, 0xff, 0xff, 0x60, 0x00, 0x0f, 0xff,
    0xff, 0xb8, 0xcf, 0xff, 0xc0, 0x00, 0x0f, 0xff, 0xfb, 0x00, 0x3f, 0xff, 0xe0, 0x00, 0x0f, 0xff, 0xf5, 0x00, 0x1f, 0xff, 0xf0, 0x00, 0x0f, 0xff,
    0xf2, 0x00, 0x1f, 0xff, 0xf0, 0x00, 0x0f, 0xff, 0xf1, 0x00, 0x1f, 0xff, 0xf0, 0x00, 0x0f, 0xff, 0xf1, 0x00, 0x1f, 0xff, 0xf0, 0x00, 0x0f, 0xff,
    0xf1, 0x00, 0x1f, 0xff, 0xf0, 0x00, 0x0f, 0xff, 0xf1, 0x00, 0x1f, 0xff, 0xf0, 0x00, 0x0f, 0xff, 0xf1, 0x00, 0x1f, 0xff, 0xf0, 0x00, 0x0f, 0xff,
    0xf1, 0x00, 0x1f, 0xff, 0xf0, 0x00, 0x0b, 0xff, 0xb0, 0x00, 0x0b, 0xff, 0xb0, 0x00, 0x00, 0x03, 0x9d, 0xee, 0xd9, 0x30, 0x00, 0x00, 0x00, 0x9f,
    0xff, 0xff, 0xff, 0xf8, 0x00, 0x00, 0x08, 0xff, 0xff, 0xff, 0xff, 0xff, 0x80, 0x00, 0x3f, 0xff, 0xfd, 0x88, 0xdf, 0xff, 0xf3, 0x00, 0x9f, 0xff,
    0xc1, 0x00, 0x1c, 0xff, 0xf9, 0x00, 0xdf, 0xff, 0x50, 0x00, 0x05, 0xff, 0xfd, 0x00, 0xef, 0xff, 0x20, 0x00, 0x02, 0xff, 0xfe, 0x00, 0xef, 0xff,
    0x20, 0x00, 0x02, 0xff, 0xfe, 0x00, 0xdf, 0xff, 0x40, 0x00, 0x05, 0xff, 0xfd, 0x00, 0x9f, 0xff, 0xc1, 0x00, 0x1c, 0xff, 0xf9, 0x00, 0x3f, 0xff,
    0xfd, 0x88, 0xdf, 0xff, 0xf3, 0x00, 0x08, 0xff, 0xff, 0xff, 0xff, 0xff, 0x80, 0x00, 0x00, 0x9f, 0xff, 0xff, 0xff, 0xf9, 0x00, 0x00, 0x00, 0x03,
    0x9d, 0xee, 0xd9, 0x30, 0x00, 0x00, 0x0b, 0xff, 0xd8, 0xdf, 0xec, 0x70, 0x00, 0x00, 0x0f, 0xff, 0xff, 0xff, 0xff, 0xfd, 0x20, 0x00, 0x0f, 0xff,
    0xff, 0xff, 0xff, 0xff, 0xc0, 0x00, 0x0f, 0xff, 0xff, 0xb8, 0xbf, 0xff, 0xf6, 0x00, 0x0f, 0xff, 0xf9, 0x00, 0x0a, 0xff, 0xfb, 0x00, 0x0f, 0xff,
    0xf3, 0x00, 0x04, 0xff, 0xfe, 0x00, 0x0f, 0xff, 0xf1, 0x00, 0x01, 0xff, 0xff, 0x10, 0x0f, 0xff, 0xf1, 0x00, 0x01, 0xff, 0xff, 0x00, 0x0f, 0xff,
    0xf2, 0x00, 0x03, 0xff, 0xfe, 0x00, 0x0f, 0xff, 0xf9, 0x00, 0x0a, 0xff, 0xfa, 0x00, 0x0f, 0xff, 0xff, 0xb8, 0xbf, 0xff, 0xf4, 0x00, 0x0f, 0xff,
    0xff, 0xff, 0xff, 0xff, 0xa0, 0x00, 0x0f, 0xff, 0xff, 0xff, 0xff, 0xfa, 0x10, 0x00, 0x0f, 0xff, 0xfb, 0xdf, 0xea, 0x40, 0x00, 0x00, 0x0f, 0xff,
    0xf1, 0x00, 0x00, 0x00, 0x00, 0x00, 0x0f, 0xff, 0xf1, 0x00, 0x00, 0x00, 0x00, 0x00, 0x0f, 0xff, 0xf1, 0x00, 0x00, 0x00, 0x00, 0x00, 0x0b, 0xff,
    0xb0, 0x00, 0x00, 0x00, 0x00, 0x00, 0x00, 0x04, 0xae, 0xfd, 0xae, 0xff, 0xb0, 0x00, 0x00, 0x9f, 0xff, 0xff, 0xff, 0xff, 0xf1, 0x00, 0x09, 0xff,
    0xff, 0xff, 0xff, 0xff, 0xf1, 0x00, 0x3f, 0xff, 0xfb, 0x8b, 0xff, 0xff, 0xf1, 0x00, 0x9f, 0xff, 0xb0, 0x00, 0x8f, 0xff, 0xf1, 0x00, 0xdf, 0xff,
    0x40, 0x00, 0x2f, 0xff, 0xf1, 0x00, 0xef, 0xff, 0x20, 0x00, 0x0f, 0xff, 0xf1, 0x00, 0xff, 0xff, 0x20, 0x00, 0x0f, 0xff, 0xf1, 0x00, 0xdf, 0xff,
    0x40, 0x00, 0x2f, 0xff, 0xf1, 0x00, 0xaf, 0xff, 0xa0, 0x00, 0x9f, 0xff, 0xf1, 0x00, 0x5f, 0xff, 0xfb, 0x8b, 0xff, 0xff, 0xf1, 0x00, 0x0b, 0xff,
    0xff, 0xff, 0xff, 0xff, 0xf1, 0x00, 0x01, 0xcf, 0xff, 0xff, 0xff, 0xff, 0xf1, 0x00, 0x00, 0x07, 0xce, 0xfd, 0x9f, 0xff, 0xf1, 0x00, 0x00, 0x00,
    0x00, 0x00, 0x0f, 0xff, 0xf1, 0x00, 0x00, 0x00, 0x00, 0x00, 0x0f, 0xff, 0xf1, 0x00, 0x00, 0x00, 0x00, 0x00, 0x0f, 0xff, 0xf1, 0x00, 0x00, 0x00,
    0x00, 0x00, 0x0b, 0xff, 0xb0, 0x00, 0x0b, 0xff, 0xfb, 0xee, 0x40, 0x0f, 0xff, 0xff, 0xff, 0x80, 0x0f, 0xff, 0xff, 0xff, 0x70, 0x0f, 0xff, 0xff,
    0xa6, 0x10, 0x0f, 0xff, 0xf8, 0x00, 0x00, 0x0f, 0xff, 0xf3, 0x00, 0x00, 0x0f, 0xff, 0xf1, 0x00, 0x00, 0x0f, 0xff, 0xf1, 0x00, 0x00, 0x0f, 0xff,
    0xf1, 0x00, 0x00, 0x0f, 0xff, 0xf1, 0x00, 0x00, 0x0f, 0xff, 0xf1, 0x00, 0x00, 0x0f, 0xff, 0xf1, 0x00, 0x00, 0x0f, 0xff, 0xf1, 0x00, 0x00, 0x0b,
    0xff, 0xb0, 0x00, 0x00, 0x01, 0x8d, 0xfe, 0xb5, 0x00, 0x00, 0x1d, 0xff, 0xff, 0xff, 0x80, 0x00, 0x9f, 0xff, 0xff, 0xff, 0xf3, 0x00, 0xef, 0xff,
    0x8c, 0xff, 0xf9, 0x00, 0xff, 0xff, 0x54, 0xff, 0xfc, 0x00, 0xcf, 0xff, 0xfd, 0xfa, 0x83, 0x00, 0x5f, 0xff, 0xff, 0xff, 0x70, 0x00, 0x06, 0xef,
    0xff, 0xff, 0xf5, 0x01, 0x9a, 0xb9, 0xcf, 0xff, 0xfc, 0x06, 0xff, 0xfa, 0x04, 0xff, 0xff, 0x03, 0xff, 0xff, 0x89, 0xff, 0xfe, 0x00, 0xcf, 0xff,
    0xff, 0xff, 0xf9, 0x00, 0x2d, 0xff, 0xff, 0xff, 0xd1, 0x00, 0x01, 0x8d, 0xfe, 0xc7, 0x10, 0x00, 0x04, 0x88, 0x40, 0x00, 0x00, 0x1f, 0xff, 0xe0,
    0x00, 0x00, 0x1f, 0xff, 0xf0, 0x00, 0x00, 0xbf, 0xff, 0xff, 0xfb, 0x00, 0xff, 0xff, 0xff, 0xff, 0x00, 0xff, 0xff, 0xff, 0xfe, 0x00, 0x4f, 0xff,
    0xf7, 0x73, 0x00, 0x1f, 0xff, 0xf0, 0x00, 0x00, 0x1f, 0xff, 0xf0, 0x00, 0x00, 0x1f, 0xff, 0xf0, 0x00, 0x00, 0x1f, 0xff, 0xf0, 0x00, 0x00, 0x1f,
    0xff, 0xf0, 0x00, 0x00, 0x1f, 0xff, 0xf0, 0x00, 0x00, 0x1f, 0xff, 0xf8, 0x84, 0x00, 0x0d, 0xff, 0xff, 0xfe, 0x00, 0x07, 0xff, 0xff, 0xff, 0x00,
    0x00, 0x7d, 0xef, 0xe9, 0x00, 0xbf, 0xfb, 0x00, 0x00, 0xbf, 0xfb, 0x00, 0x0f, 0xff, 0xf1, 0x00, 0x1f, 0xff, 0xf0, 0x00, 0xff, 0xff, 0x10, 0x01,
    0xff, 0xff, 0x00, 0x0f, 0xff, 0xf1, 0x00, 0x1f, 0xff, 0xf0, 0x00, 0xff, 0xff, 0x10, 0x01, 0xff, 0xff, 0x00, 0x0f, 0xff, 0xf1, 0x00, 0x1f, 0xff,
    0xf0, 0x00, 0xff, 0xff, 0x10, 0x01, 0xff, 0xff, 0x00, 0x0f, 0xff, 0xf1, 0x00, 0x2f, 0xff, 0xf0, 0x00, 0xff, 0xff, 0x20, 0x05, 0xff, 0xff, 0x00,
    0x0e, 0xff, 0xf4, 0x00, 0xaf, 0xff, 0xf0, 0x00, 0xcf, 0xff, 0xd8, 0xaf, 0xff, 0xff, 0x00, 0x06, 0xff, 0xff, 0xff, 0xff, 0xff, 0xf0, 0x00, 0x0a,
    0xff, 0xff, 0xff, 0xff, 0xff, 0x00, 0x00, 0x05, 0xbe, 0xfd, 0x9d, 0xff, 0xb0, 0x0a, 0xff, 0xc1, 0x00, 0x00, 0x9f, 0xfc, 0x0d, 0xff, 0xf5, 0x00,
    0x01, 0xff, 0xff, 0x17, 0xff, 0xfa, 0x00, 0x06, 0xff, 0xfa, 0x02, 0xff, 0xfe, 0x10, 0x0b, 0xff, 0xf5, 0x00, 0xbf, 0xff, 0x50, 0x1f, 0xff, 0xe0,
    0x00, 0x6f, 0xff, 0xa0, 0x6f, 0xff, 0x90, 0x00, 0x1f, 0xff, 0xe1, 0xbf, 0xff, 0x30, 0x00, 0x0a, 0xff, 0xf6, 0xff, 0xfd, 0x00, 0x00, 0x04, 0xff,
    0xfe, 0xff, 0xf7, 0x00, 0x00, 0x00, 0xef, 0xff, 0xff, 0xf2, 0x00, 0x00, 0x00, 0x8f, 0xff, 0xff, 0xb0, 0x00, 0x00, 0x00, 0x3f, 0xff, 0xff, 0x50,
    0x00, 0x00, 0x00, 0x0c, 0xff, 0xfe, 0x10, 0x00, 0x00, 0x00, 0x05, 0xff, 0xf8, 0x00, 0x00, 0x0a, 0xff, 0xd1, 0x00, 0x5f, 0xff, 0x80, 0x00, 0xaf,
    0xfc, 0x0d, 0xff, 0xf6, 0x00, 0xbf, 0xff, 0xe0, 0x01, 0xff, 0xff, 0x09, 0xff, 0xfa, 0x00, 0xef, 0xff, 0xf3, 0x05, 0xff, 0xfb, 0x04, 0xff, 0xfe,
    0x03, 0xff, 0xff, 0xf7, 0x09, 0xff, 0xf6, 0x00, 0xef, 0xff, 0x37, 0xff, 0xff, 0xfb, 0x0d, 0xff, 0xf2, 0x00, 0xaf, 0xff, 0x7b, 0xff, 0xff, 0xff,
    0x3f, 0xff, 0xc0, 0x00, 0x5f, 0xff, 0xbe, 0xff, 0xff, 0xff, 0xaf, 0xff, 0x70, 0x00, 0x1f, 0xff, 0xff, 0xff, 0xbf, 0xff, 0xff, 0xff, 0x30, 0x00,
    0x0b, 0xff, 0xff, 0xff, 0x3f, 0xff, 0xff, 0xfd, 0x00, 0x00, 0x06, 0xff, 0xff, 0xfe, 0x0b, 0xff, 0xff, 0xf8, 0x00, 0x00, 0x01, 0xff, 0xff, 0xfa,
    0x08, 0xff, 0xff, 0xf4, 0x00, 0x00, 0x00, 0xcf, 0xff, 0xf6, 0x04, 0xff, 0xff, 0xe0, 0x00, 0x00, 0x00, 0x7f, 0xff, 0xf2, 0x00, 0xef, 0xff, 0x90,
    0x00, 0x00, 0x00, 0x2e, 0xff, 0xb0, 0x00, 0x9f, 0xfe, 0x30, 0x00, 0x00, 0xbf, 0xfd, 0x20, 0x00, 0x9f, 0xfe, 0x20, 0xcf, 0xff, 0xb0, 0x06, 0xff,
    0xff, 0x20, 0x3f, 0xff, 0xf6, 0x1e, 0xff, 0xf7, 0x00, 0x08, 0xff, 0xfe, 0xaf, 0xff, 0xc0, 0x00, 0x00, 0xcf, 0xff, 0xff, 0xfe, 0x20, 0x00, 0x00,
    0x3f, 0xff, 0xff, 0xf6, 0x00, 0x00, 0x00, 0x07, 0xff, 0xff, 0xb0, 0x00, 0x00, 0x00, 0x08, 0xff, 0xff, 0xc0, 0x00, 0x00, 0x00, 0x4f, 0xff, 0xff,
    0xf8, 0x00, 0x00, 0x01, 0xdf, 0xff, 0xff, 0xff, 0x30, 0x00, 0x09, 0xff, 0xfc, 0xaf, 0xff, 0xc0, 0x00, 0x5f, 0xff, 0xf3, 0x1e, 0xff, 0xf8, 0x00,
    0xef, 0xff, 0x80, 0x05, 0xff, 0xff, 0x30, 0xdf, 0xfb, 0x10, 0x00, 0x9f, 0xfe, 0x21, 0xdf, 0xf9, 0x00, 0x00, 0x1d, 0xff, 0x82, 0xff, 0xff, 0x20,
    0x00, 0x7f, 0xff, 0xb0, 0xcf, 0xff, 0x70, 0x00, 0xcf, 0xff, 0x50, 0x6f, 0xff, 0xc0, 0x02, 0xff, 0xfe, 0x00, 0x1e, 0xff, 0xf2, 0x07, 0xff, 0xf9,
    0x00, 0x0a, 0xff, 0xf7, 0x0c, 0xff, 0xf3, 0x00, 0x04, 0xff, 0xfc, 0x2f, 0xff, 0xc0, 0x00, 0x00, 0xdf, 0xff, 0x9f, 0xff, 0x60, 0x00, 0x00, 0x7f,
    0xff, 0xff, 0xff, 0x10, 0x00, 0x00, 0x2f, 0xff, 0xff, 0xfa, 0x00, 0x00, 0x00, 0x0b, 0xff, 0xff, 0xf4, 0x00, 0x00, 0x00, 0x05, 0xff, 0xff, 0xd0,
    0x00, 0x00, 0x00, 0x00, 0xef, 0xff, 0x70, 0x00, 0x00, 0x00, 0x00, 0xdf, 0xff, 0x20, 0x00, 0x00, 0x03, 0x7b, 0xff, 0xfa, 0x00, 0x00, 0x00, 0x0e,
    0xff, 0xff, 0xf2, 0x00, 0x00, 0x00, 0x0f, 0xff, 0xff, 0x60, 0x00, 0x00, 0x00, 0x0a, 0xfe, 0xb4, 0x00, 0x00, 0x00, 0x00, 0xbf, 0xff, 0xff, 0xff,
    0xff, 0xb0, 0x0f, 0xff, 0xff, 0xff, 0xff, 0xff, 0x00, 0xef, 0xff, 0xff, 0xff, 0xff, 0xe0, 0x03, 0x77, 0x77, 0xcf, 0xff, 0xf7, 0x00, 0x00, 0x00,
    0x2e, 0xff, 0xfa, 0x00, 0x00, 0x00, 0x0c, 0xff, 0xfd, 0x10, 0x00, 0x00, 0x09, 0xff, 0xfe, 0x20, 0x00, 0x00, 0x04, 0xff, 0xff, 0x50, 0x00, 0x00,
    0x01, 0xef, 0xff, 0x80, 0x00, 0x00, 0x00, 0xbf, 0xff, 0xb0, 0x00, 0x00, 0x00, 0x7f, 0xff, 0xf8, 0x77, 0x77, 0x30, 0x0e, 0xff, 0xff, 0xff, 0xff,
    0xfe, 0x00, 0xff, 0xff, 0xff, 0xff, 0xff, 0xf0, 0x0b, 0xff, 0xff, 0xff, 0xff, 0xfb, 0x00, 0x00, 0x00, 0x01, 0x10, 0x00, 0x01, 0x9e, 0xff, 0x40,
    0x00, 0xbf, 0xff, 0xf6, 0x00, 0x1f, 0xff, 0xff, 0x50, 0x02, 0xff, 0xf5, 0x40, 0x00, 0x0f, 0xff, 0x30, 0x00, 0x00, 0xbf, 0xf6, 0x00, 0x00, 0x08,
    0xff, 0xa0, 0x00, 0x00, 0x4f, 0xfd, 0x00, 0x00, 0x16, 0xff, 0xe0, 0x00, 0x6f, 0xff, 0xfb, 0x00, 0x0a, 0xff, 0xff, 0x40, 0x00, 0x8f, 0xff, 0xfa,
    0x00, 0x00, 0x49, 0xff, 0xe0, 0x00, 0x00, 0x4f, 0xfe, 0x00, 0x00, 0x07, 0xff, 0xb0, 0x00, 0x00, 0xbf, 0xf7, 0x00, 0x00, 0x0e, 0xff, 0x30, 0x00,
    0x02, 0xff, 0xf3, 0x10, 0x00, 0x2f, 0xff, 0xff, 0x40, 0x00, 0xcf, 0xff, 0xf6, 0x00, 0x02, 0xcf, 0xff, 0x50, 0x00, 0x00, 0x24, 0x40, 0x01, 0xdf,
    0xa0, 0x00, 0x3f, 0xff, 0x00, 0x03, 0xff, 0xf0, 0x00, 0x3f, 0xff, 0x00, 0x03, 0xff, 0xf0, 0x00, 0x3f, 0xff, 0x00, 0x03, 0xff, 0xf0, 0x00, 0x3f,
    0xff, 0x00, 0x03, 0xff, 0xf0, 0x00, 0x3f, 0xff, 0x00, 0x03, 0xff, 0xf0, 0x00, 0x3f, 0xff, 0x00, 0x03, 0xff, 0xf0, 0x00, 0x3f, 0xff, 0x00, 0x03,
    0xff, 0xf0, 0x00, 0x3f, 0xff, 0x00, 0x03, 0xff, 0xf0, 0x00, 0x3f, 0xff, 0x00, 0x03, 0xff, 0xf0, 0x00, 0x3f, 0xff, 0x00, 0x03, 0xff, 0xf0, 0x00,
    0x3f, 0xff, 0x00, 0x03, 0xff, 0xf0, 0x00, 0x1d, 0xfa, 0x00, 0x01, 0x10, 0x00, 0x00, 0x6f, 0xfd, 0x70, 0x00, 0x9f, 0xff, 0xf8, 0x00, 0x8f, 0xff,
    0xfd, 0x00, 0x04, 0x8f, 0xfe, 0x00, 0x00, 0x6f, 0xfc, 0x00, 0x00, 0xaf, 0xf9, 0x00, 0x00, 0xdf, 0xf5, 0x00, 0x01, 0xff, 0xf1, 0x00, 0x02, 0xff,
    0xf2, 0x00, 0x00, 0xef, 0xff, 0x90, 0x00, 0x8f, 0xff, 0xc0, 0x00, 0xdf, 0xff, 0xa0, 0x02, 0xff, 0xf5, 0x00, 0x02, 0xff, 0xf1, 0x00, 0x00, 0xef,
    0xf4, 0x00, 0x00, 0xaf, 0xf8, 0x00, 0x00, 0x7f, 0xfb, 0x00, 0x02, 0x6f, 0xfe, 0x00, 0x6f, 0xff, 0xfe, 0x00, 0x9f, 0xff, 0xf9, 0x00, 0x8f, 0xff,
    0xa1, 0x00, 0x04, 0x41, 0x00, 0x00, 0x00, 0x00, 0x01, 0x00, 0x00, 0x02, 0x00, 0x00, 0x00, 0x8e, 0xfe, 0x71, 0x0c, 0xfc, 0x00, 0x00, 0x6f, 0xff,
    0xff, 0xd7, 0xff, 0xe0, 0x00, 0x0c, 0xff, 0xff, 0xff, 0xff, 0xfc, 0x00, 0x00, 0xef, 0xf8, 0xef, 0xff, 0xff, 0x60, 0x00, 0x0d, 0xfd, 0x01, 0x9f,
    0xff, 0x90, 0x00, 0x00, 0x13, 0x10, 0x00, 0x13, 0x10, 0x00, 0x00, 0x00, 0x00, 0x00, 0x00, 0x00, 0x00, 0x00, 0x00, 0x00, 0x00, 0x00, 0x00, 0x00,
    0x00, 0x00, 0x00, 0x00, 0x00, 0x00, 0x00, 0x00, 0x00, 0x00, 0x00, 0x00, 0x00, 0x00, 0x00, 0x00, 0x00,
};
constexpr char kTitleFirst = 32;
constexpr int kTitleAscent = 23;
constexpr int kTitleDescent = 7;

// Body: 15 px, 획 0, ' '..'°', 3744바이트
constexpr HudGlyph kBodyGlyphs[] = {
    {0, 0, 0, 0, 0, 3},
    {0, 3, 10, 0, 5, 3},
    {30, 6, 11, 0, 4, 6},
    {96, 9, 10, 0, 5, 9},
    {186, 9, 13, 0, 3, 9},
    {303, 12, 10, 0, 5, 12},
    {423, 10, 10, 0, 5, 10},
    {523, 3, 11, 0, 4, 3},
    {556, 5, 13, 0, 3, 5},
    {621, 6, 13, -1, 3, 5},
    {699, 9, 7, 0, 8, 9},
    {762, 9, 8, 0, 7, 9},
    {834, 4, 3, -1, 14, 3},
    {846, 4, 5, 0, 10, 4},
    {866, 3, 2, 0, 13, 3},
    {872, 6, 11, -1, 4, 5},
    {938, 9, 10, 0, 5, 9},
    {1028, 9, 10, 0, 5, 9},
    {1118, 9, 10, 0, 5, 9},
    {1208, 9, 10, 0, 5, 9},
    {1298, 9, 10, 0, 5, 9},
    {1388, 9, 10, 0, 5, 9},
    {1478, 9, 10, 0, 5, 9},
    {1568, 9, 10, 0, 5, 9},
    {1658, 9, 10, 0, 5, 9},
    {1748, 9, 10, 0, 5, 9},
    {1838, 3, 8, 0, 7, 3},
    {1862, 4, 10, -1, 7, 3},
    {1902, 9, 8, 0, 7, 9},
    {1974, 9, 7, 0, 8, 9},
    {2037, 9, 8, 0, 7, 9},
    {2109, 8, 10, 0, 5, 8},
    {2189, 13, 11, 0, 6, 13},
    {2332, 10, 10, 0, 5, 10},
    {2432, 10, 10, 0, 5, 10},
    {2532, 10, 10, 0, 5, 10},
    {2632, 11, 10, 0, 5, 11},
    {2742, 9, 10, 0, 5, 9},
    {2832, 9, 10, 0, 5, 9},
    {2922, 11, 10, 0, 5, 11},
    {3032, 11, 10, 0, 5, 11},
    {3142, 4, 10, 0, 5, 4},
    {3182, 8, 10, 0, 5, 8},
    {3262, 10, 10, 0, 5, 9},
    {3362, 9, 10, 0, 5, 9},
    {3452, 13, 10, 0, 5, 13},
    {3582, 11, 10, 0, 5, 11},
    {3692, 11, 10, 0, 5, 11},
    {3802, 10, 10, 0, 5, 10},
    {3902, 11, 11, 0, 5, 11},
    {4023, 10, 10, 0, 5, 10},
    {4123, 10, 10, 0, 5, 10},
    {4223, 10, 10, 0, 5, 10},
    {4323, 10, 10, 0, 5, 10},
    {4423, 10, 10, 0, 5, 9},
    {4523, 15, 10, 0, 5, 14},
    {4673, 10, 10, 0, 5, 9},
    {4773, 9, 10, 0, 5, 9},
    {4863, 10, 10, 0, 5, 10},
    {4963, 5, 13, 0, 3, 5},
    {5028, 6, 11, -1, 4, 5},
    {5094, 5, 13, 0, 3, 5},
    {5159, 9, 9, 0, 6, 9},
    {5240, 8, 1, 0, 15, 8},
    {5248, 5, 11, 0, 4, 5},
    {5303, 8, 8, 0, 7, 8},
    {5367, 9, 11, 0, 4, 9},
    {5466, 8, 8, 0, 7, 8},
    {5530, 9, 11, 0, 4, 9},
    {5629, 8, 8, 0, 7, 8},
    {5693, 5, 11, -1, 4, 4},
    {5748, 9, 11, 0, 7, 9},
    {5847, 8, 11, 0, 4, 8},
    {5935, 3, 11, 0, 4, 3},
    {5968, 4, 14, -1, 4, 3},
    {6024, 8, 11, 0, 4, 8},
    {6112, 4, 11, 0, 4, 3},
    {6156, 13, 8, 0, 7, 13},
    {6260, 8, 8, 0, 7, 8},
    {6324, 9, 8, 0, 7, 9},
    {6396, 9, 11, 0, 7, 9},
    {6495, 9, 11, 0, 7, 9},
    {6594, 5, 8, 0, 7, 5},
    {6634, 7, 8, 0, 7, 7},
    {6690, 5, 10, 0, 5, 5},
    {6740, 8, 8, 0, 7, 8},
    {6804, 8, 8, 0, 7, 8},
    {6868, 12, 8, 0, 7, 12},
    {6964, 9, 8, -1, 7, 7},
    {7036, 8, 11, 0, 7, 8},
    {7124, 8, 8, 0, 7, 8},
    {7188, 5, 13, 0, 3, 5},
    {7253, 5, 15, 0, 3, 5},
    {7328, 5, 13, 0, 3, 5},
    {7393, 8, 5, 0, 10, 8},
    {7433, 0, 0, 0, 0, 0},
    {7433, 0, 0, 0, 0, 0},
    {7433, 0, 0, 0, 0, 0},
    {7433, 0, 0, 0, 0, 0},
    {7433, 0, 0, 0, 0, 0},
    {7433, 0, 0, 0, 0, 0},
    {7433, 0, 0, 0, 0, 0},
    {7433, 0, 0, 0, 0, 0},
    {7433, 0, 0, 0, 0, 0},
    {7433, 0, 0, 0, 0, 0},
    {7433, 0, 0, 0, 0, 0},
    {7433, 0, 0, 0, 0, 0},
    {7433, 0, 0, 0, 0, 0},
    {7433, 0, 0, 0, 0, 0},
    {7433, 0, 0, 0, 0, 0},
    {7433, 0, 0, 0, 0, 0},
    {7433, 0, 0, 0, 0, 0},
    {7433, 0, 0, 0, 0, 0},
    {7433, 0, 0, 0, 0, 0},
    {7433, 0, 0, 0, 0, 0},
    {7433, 0, 0, 0, 0, 0},
    {7433, 0, 0, 0, 0, 0},
    {7433, 0, 0, 0, 0, 0},
    {7433, 0, 0, 0, 0, 0},
    {7433, 0, 0, 0, 0, 0},
    {7433, 0, 0, 0, 0, 0},
    {7433, 0, 0, 0, 0, 0},
    {7433, 0, 0, 0, 0, 0},
    {7433, 0, 0, 0, 0, 0},
    {7433, 0, 0, 0, 0, 0},
    {7433, 0, 0, 0, 0, 0},
    {7433, 0, 0, 0, 0, 0},
    {7433, 0, 0, 0, 0, 0},
    {7433, 0, 0, 0, 0, 0},
    {7433, 0, 0, 0, 0, 0},
    {7433, 0, 0, 0, 0, 0},
    {7433, 0, 0, 0, 0, 0},
    {7433, 0, 0, 0, 0, 0},
    {7433, 0, 0, 0, 0, 0},
    {7433, 0, 0, 0, 0, 0},
    {7433, 0, 0, 0, 0, 0},
    {7433, 0, 0, 0, 0, 0},
    {7433, 0, 0, 0, 0, 0},
    {7433, 0, 0, 0, 0, 0},
    {7433, 0, 0, 0, 0, 0},
    {7433, 0, 0, 0, 0, 0},
    {7433, 0, 0, 0, 0, 0},
    {7433, 0, 0, 0, 0, 0},
    {7433, 0, 0, 0, 0, 0},
    {7433, 5, 11, 0, 4, 5},
};
constexpr uint8_t kBodyPacked[] = {
    0x4f, 0x24, 0xf2, 0x4f, 0x24, 0xf2, 0x4f, 0x24, 0xf2, 0x4f, 0x20, 0x00, 0x2b, 0x02, 0xd0, 0x04, 0xf6, 0xf2, 0x04, 0xf6, 0xf2, 0x04, 0xf6, 0xf2,
    0x04, 0xf6, 0xf2, 0x00, 0x00, 0x00, 0x00, 0x00, 0x00, 0x00, 0x00, 0x00, 0x00, 0x00, 0x00, 0x00, 0x00, 0x00, 0x00, 0x00, 0x00, 0x00, 0x00, 0x00,
    0x00, 0x03, 0xa0, 0xd0, 0x00, 0x00, 0x76, 0x3a, 0x00, 0x00, 0x0a, 0x36, 0x60, 0x00, 0x6c, 0xfc, 0xed, 0x80, 0x00, 0x2c, 0x0d, 0x00, 0x00, 0x05,
    0x81, 0xc0, 0x00, 0x0e, 0xff, 0xff, 0xf3, 0x00, 0x0b, 0x27, 0x60, 0x00, 0x00, 0xd0, 0xb2, 0x00, 0x00, 0x3a, 0x0d, 0x00, 0x00, 0x00, 0x00, 0x28,
    0x10, 0x00, 0x00, 0x17, 0xf4, 0x00, 0x00, 0x6e, 0xcf, 0xe5, 0x00, 0x2f, 0x54, 0xf8, 0xc0, 0x04, 0xf2, 0x4f, 0x47, 0x00, 0x1e, 0xa6, 0xf2, 0x00,
    0x00, 0x4c, 0xff, 0xa1, 0x00, 0x00, 0x06, 0xfd, 0xa0, 0x00, 0x00, 0x4f, 0x8f, 0x00, 0xbd, 0x04, 0xf6, 0xf1, 0x05, 0xf9, 0x6f, 0x9d, 0x00, 0x06,
    0xcf, 0xfd, 0x30, 0x00, 0x00, 0x4f, 0x20, 0x00, 0x8e, 0xe6, 0x00, 0x1d, 0xb0, 0x03, 0xf4, 0x7f, 0x00, 0x9e, 0x10, 0x03, 0xf4, 0x7f, 0x04, 0xf5,
    0x00, 0x00, 0x8e, 0xd6, 0x1d, 0x90, 0x00, 0x00, 0x00, 0x00, 0x9c, 0x10, 0x00, 0x00, 0x00, 0x04, 0xf7, 0xcd, 0xb2, 0x00, 0x00, 0x1d, 0x8e, 0x60,
    0x9d, 0x00, 0x00, 0x9b, 0x4f, 0x20, 0x5f, 0x10, 0x04, 0xe1, 0x1f, 0x70, 0xad, 0x00, 0x1d, 0x40, 0x05, 0xde, 0xc3, 0x00, 0x18, 0xde, 0xed, 0x00,
    0x01, 0xda, 0x20, 0x01, 0x00, 0x04, 0xf3, 0x00, 0x01, 0x51, 0x01, 0xd9, 0x10, 0x04, 0xf2, 0x00, 0x1c, 0xff, 0xff, 0xff, 0x30, 0xbd, 0x41, 0x04,
    0xf2, 0x03, 0xf4, 0x00, 0x04, 0xf2, 0x04, 0xf3, 0x00, 0x04, 0xf2, 0x01, 0xeb, 0x30, 0x05, 0xf2, 0x00, 0x29, 0xde, 0xfe, 0xc1, 0x04, 0xf2, 0x4f,
    0x24, 0xf2, 0x4f, 0x20, 0x00, 0x00, 0x00, 0x00, 0x00, 0x00, 0x00, 0x00, 0x00, 0x00, 0x00, 0x01, 0x50, 0x00, 0xb5, 0x00, 0x4d, 0x00, 0x0b, 0x80,
    0x00, 0xf5, 0x00, 0x3f, 0x30, 0x04, 0xf2, 0x00, 0x4f, 0x20, 0x02, 0xf4, 0x00, 0x0d, 0x70, 0x00, 0x8b, 0x00, 0x01, 0xe2, 0x00, 0x06, 0x90, 0x60,
    0x00, 0x00, 0x88, 0x00, 0x00, 0x2f, 0x20, 0x00, 0x0b, 0x80, 0x00, 0x08, 0xc0, 0x00, 0x06, 0xf0, 0x00, 0x05, 0xf1, 0x00, 0x05, 0xf1, 0x00, 0x07,
    0xe0, 0x00, 0x0a, 0xa0, 0x00, 0x0e, 0x50, 0x00, 0x4c, 0x00, 0x00, 0xb3, 0x00, 0x00, 0x00, 0x4f, 0x20, 0x00, 0x01, 0x04, 0xf2, 0x01, 0x00, 0x8c,
    0xaf, 0x9c, 0x60, 0x00, 0x0c, 0xc9, 0x00, 0x00, 0x08, 0x90, 0xc5, 0x00, 0x00, 0x80, 0x02, 0x70, 0x00, 0x00, 0x00, 0x00, 0x00, 0x00, 0x04, 0xf2,
    0x00, 0x00, 0x00, 0x4f, 0x20, 0x00, 0x00, 0x04, 0xf2, 0x00, 0x00, 0xff, 0xff, 0xff, 0xc0, 0x00, 0x04, 0xf2, 0x00, 0x00, 0x00, 0x4f, 0x20, 0x00,
    0x00, 0x04, 0xf2, 0x00, 0x00, 0x00, 0x00, 0x00, 0x00, 0x09, 0xc0, 0x1e, 0x50, 0x6d, 0x00, 0x7f, 0xf9, 0x00, 0x00, 0x00, 0x00, 0x00, 0x00, 0x00,
    0x00, 0x2c, 0x02, 0xd0, 0x00, 0x00, 0x77, 0x00, 0x00, 0xc2, 0x00, 0x02, 0xc0, 0x00, 0x08, 0x60, 0x00, 0x0d, 0x10, 0x00, 0x3b, 0x00, 0x00, 0x86,
    0x00, 0x00, 0xd1, 0x00, 0x03, 0xb0, 0x00, 0x09, 0x60, 0x00, 0x0d, 0x10, 0x00, 0x00, 0x8d, 0xfd, 0x60, 0x00, 0x8e, 0x41, 0x6f, 0x50, 0x0e, 0x80,
    0x00, 0xac, 0x03, 0xf4, 0x00, 0x06, 0xf0, 0x4f, 0x20, 0x00, 0x5f, 0x14, 0xf2, 0x00, 0x05, 0xf1, 0x3f, 0x40, 0x00, 0x6f, 0x00, 0xe8, 0x00, 0x0a,
    0xc0, 0x08, 0xe4, 0x16, 0xf5, 0x00, 0x08, 0xdf, 0xd6, 0x00, 0x00, 0x06, 0xdf, 0x20, 0x00, 0x2c, 0xea, 0xf2, 0x00, 0x04, 0x81, 0x4f, 0x20, 0x00,
    0x00, 0x04, 0xf2, 0x00, 0x00, 0x00, 0x4f, 0x20, 0x00, 0x00, 0x04, 0xf2, 0x00, 0x00, 0x00, 0x4f, 0x20, 0x00, 0x00, 0x04, 0xf2, 0x00, 0x00, 0x00,
    0x4f, 0x20, 0x00, 0x00, 0x04, 0xf2, 0x00, 0x00, 0x4b, 0xee, 0xa1, 0x00, 0x3e, 0x60, 0x2c, 0xb0, 0x08, 0xc0, 0x00, 0x5f, 0x10, 0x33, 0x00, 0x07,
    0xe0, 0x00, 0x00, 0x02, 0xe7, 0x00, 0x00, 0x01, 0xda, 0x00, 0x00, 0x02, 0xda, 0x00, 0x00, 0x02, 0xd9, 0x00, 0x00, 0x03, 0xe8, 0x00, 0x00, 0x00,
    0xef, 0xff, 0xff, 0xf2, 0x00, 0x4b, 0xee, 0xb2, 0x00, 0x2e, 0x60, 0x1b, 0xd0, 0x05, 0x90, 0x00, 0x5f, 0x10, 0x00, 0x00, 0x3c, 0xc0, 0x00, 0x00,
    0xcf, 0xc1, 0x00, 0x00, 0x00, 0x3c, 0x80, 0x04, 0x20, 0x00, 0x6f, 0x00, 0xc7, 0x00, 0x06, 0xf1, 0x07, 0xe4, 0x13, 0xda, 0x00, 0x07, 0xdf, 0xd7,
    0x10, 0x00, 0x00, 0x0a, 0xf2, 0x00, 0x00, 0x06, 0xef, 0x20, 0x00, 0x03, 0xe6, 0xf2, 0x00, 0x01, 0xd5, 0x4f, 0x20, 0x00, 0x99, 0x04, 0xf2, 0x00,
    0x5d, 0x10, 0x4f, 0x20, 0x0e, 0xff, 0xff, 0xff, 0xf0, 0x00, 0x00, 0x4f, 0x20, 0x00, 0x00, 0x04, 0xf2, 0x00, 0x00, 0x00, 0x4f, 0x20, 0x04, 0xff,
    0xff, 0xfa, 0x00, 0x6c, 0x00, 0x00, 0x00, 0x08, 0xa0, 0x00, 0x00, 0x00, 0xa9, 0xbe, 0xd8, 0x00, 0x0c, 0xe4, 0x04, 0xe8, 0x00, 0x63, 0x00, 0x07,
    0xe0, 0x01, 0x00, 0x00, 0x5f, 0x10, 0xe6, 0x00, 0x07, 0xe0, 0x08, 0xe3, 0x14, 0xe7, 0x00, 0x08, 0xde, 0xc5, 0x00, 0x00, 0x4c, 0xee, 0x91, 0x00,
    0x4e, 0x40, 0x2d, 0xa0, 0x0c, 0x70, 0x00, 0x37, 0x01, 0xf6, 0xbe, 0xd7, 0x00, 0x4f, 0xc3, 0x04, 0xe8, 0x04, 0xf5, 0x00, 0x08, 0xe0, 0x3f, 0x20,
    0x00, 0x5f, 0x11, 0xf5, 0x00, 0x07, 0xe0, 0x09, 0xd3, 0x04, 0xe7, 0x00, 0x08, 0xde, 0xc5, 0x00, 0x0f, 0xff, 0xff, 0xfe, 0x00, 0x00, 0x00, 0x0c,
    0x80, 0x00, 0x00, 0x05, 0xe1, 0x00, 0x00, 0x00, 0xc7, 0x00, 0x00, 0x00, 0x5d, 0x10, 0x00, 0x00, 0x0d, 0x60, 0x00, 0x00, 0x06, 0xd0, 0x00, 0x00,
    0x01, 0xe6, 0x00, 0x00, 0x00, 0x7d, 0x00, 0x00, 0x00, 0x1e, 0x50, 0x00, 0x00, 0x03, 0xae, 0xed, 0x81, 0x01, 0xea, 0x20, 0x2c, 0xc0, 0x4f, 0x30,
    0x00, 0x5f, 0x11, 0xda, 0x20, 0x2c, 0xd0, 0x02, 0xef, 0xff, 0xc2, 0x00, 0xdb, 0x20, 0x3d, 0x80, 0x3f, 0x30, 0x00, 0x6f, 0x04, 0xf3, 0x00, 0x06,
    0xf1, 0x0d, 0xb2, 0x03, 0xdb, 0x00, 0x29, 0xde, 0xd8, 0x10, 0x01, 0x8d, 0xfd, 0x60, 0x00, 0xcc, 0x20, 0x4d, 0x60, 0x3f, 0x30, 0x00, 0x6d, 0x03,
    0xf3, 0x00, 0x06, 0xf1, 0x0d, 0xb2, 0x03, 0xcf, 0x10, 0x2a, 0xde, 0xa7, 0xf1, 0x14, 0x10, 0x00, 0x7e, 0x01, 0xf5, 0x00, 0x0b, 0x90, 0x0a, 0xd2,
    0x07, 0xe2, 0x00, 0x19, 0xee, 0xb2, 0x00, 0x2d, 0x02, 0xc0, 0x00, 0x00, 0x00, 0x00, 0x00, 0x00, 0x2c, 0x02, 0xd0, 0x02, 0xd0, 0x02, 0xc0, 0x00,
    0x00, 0x00, 0x00, 0x00, 0x00, 0x00, 0x00, 0x00, 0x00, 0x06, 0xb0, 0x0b, 0x60, 0x2f, 0x10, 0x00, 0x00, 0x00, 0x02, 0x00, 0x00, 0x00, 0x29, 0xd0,
    0x00, 0x02, 0xac, 0x50, 0x00, 0x0a, 0xc5, 0x00, 0x00, 0x00, 0xc9, 0x20, 0x00, 0x00, 0x00, 0x5c, 0xa3, 0x00, 0x00, 0x00, 0x05, 0xcb, 0x00, 0x00,
    0x00, 0x00, 0x50, 0x0c, 0xff, 0xff, 0xf7, 0x00, 0x00, 0x00, 0x00, 0x00, 0x00, 0x00, 0x00, 0x00, 0x00, 0xcf, 0xff, 0xff, 0x70, 0x00, 0x00, 0x00,
    0x00, 0x00, 0x00, 0x00, 0x00, 0x00, 0x00, 0x00, 0x00, 0x00, 0x00, 0x20, 0x00, 0x00, 0x00, 0x0d, 0x92, 0x00, 0x00, 0x00, 0x06, 0xda, 0x20, 0x00,
    0x00, 0x00, 0x5c, 0xa0, 0x00, 0x00, 0x02, 0x9c, 0x00, 0x00, 0x2a, 0xc5, 0x00, 0x00, 0xac, 0x50, 0x00, 0x00, 0x05, 0x00, 0x00, 0x00, 0x00, 0x2a,
    0xee, 0xa2, 0x00, 0xda, 0x11, 0xbc, 0x03, 0xe2, 0x00, 0x5f, 0x10, 0x00, 0x00, 0x8d, 0x00, 0x00, 0x05, 0xe3, 0x00, 0x00, 0x4d, 0x30, 0x00, 0x00,
    0xc2, 0x00, 0x00, 0x00, 0x30, 0x00, 0x00, 0x02, 0xb0, 0x00, 0x00, 0x02, 0xd0, 0x00, 0x00, 0x00, 0x17, 0xbe, 0xec, 0x81, 0x00, 0x00, 0x3d, 0xb4,
    0x11, 0x4c, 0xd1, 0x00, 0x2e, 0x81, 0xae, 0xc8, 0x4d, 0xa0, 0x0b, 0xb0, 0xad, 0x22, 0xf2, 0x7f, 0x01, 0xf5, 0x2f, 0x50, 0x0d, 0x05, 0xf1, 0x4f,
    0x24, 0xf2, 0x03, 0x90, 0x7e, 0x04, 0xf2, 0x2f, 0x51, 0xb7, 0x1d, 0x80, 0x2f, 0x50, 0x7d, 0xa5, 0xdc, 0x70, 0x00, 0xbc, 0x10, 0x00, 0x00, 0x20,
    0x00, 0x02, 0xdc, 0x41, 0x03, 0x9b, 0x00, 0x00, 0x01, 0x8c, 0xee, 0xb5, 0x00, 0x00, 0x00, 0x01, 0xff, 0x10, 0x00, 0x00, 0x06, 0xcc, 0x60, 0x00,
    0x00, 0x0c, 0x67, 0xc0, 0x00, 0x00, 0x2e, 0x11, 0xf2, 0x00, 0x00, 0x89, 0x00, 0xb7, 0x00, 0x00, 0xde, 0xee, 0xed, 0x00, 0x04, 0xe2, 0x22, 0x2f,
    0x30, 0x0a, 0x90, 0x00, 0x0b, 0x90, 0x1e, 0x40, 0x00, 0x06, 0xe0, 0x6e, 0x00, 0x00, 0x02, 0xf4, 0x04, 0xff, 0xff, 0xea, 0x20, 0x04, 0xf2, 0x00,
    0x2b, 0xd0, 0x04, 0xf2, 0x00, 0x05, 0xf1, 0x04, 0xf2, 0x00, 0x2b, 0xd0, 0x04, 0xff, 0xff, 0xfd, 0x20, 0x04, 0xf2, 0x00, 0x3d, 0xa0, 0x04, 0xf2,
    0x00, 0x06, 0xf1, 0x04, 0xf2, 0x00, 0x06, 0xf1, 0x04, 0xf2, 0x00, 0x2c, 0xb0, 0x04, 0xff, 0xff, 0xd8, 0x10, 0x00, 0x19, 0xde, 0xda, 0x20, 0x02,
    0xda, 0x20, 0x29, 0xe2, 0x0a, 0xc0, 0x00, 0x00, 0xc8, 0x1f, 0x50, 0x00, 0x00, 0x35, 0x4f, 0x30, 0x00, 0x00, 0x00, 0x4f, 0x30, 0x00, 0x00, 0x00,
    0x2f, 0x50, 0x00, 0x00, 0x44, 0x0c, 0xc0, 0x00, 0x00, 0xd7, 0x03, 0xea, 0x20, 0x2a, 0xd1, 0x00, 0x2a, 0xee, 0xd8, 0x10, 0x04, 0xff, 0xfe, 0xc8,
    0x10, 0x00, 0x4f, 0x20, 0x03, 0xbd, 0x10, 0x04, 0xf2, 0x00, 0x00, 0xd9, 0x00, 0x4f, 0x20, 0x00, 0x07, 0xe0, 0x04, 0xf2, 0x00, 0x00, 0x5f, 0x10,
    0x4f, 0x20, 0x00, 0x06, 0xf1, 0x04, 0xf2, 0x00, 0x00, 0x8d, 0x00, 0x4f, 0x20, 0x00, 0x1e, 0x80, 0x04, 0xf2, 0x00, 0x4c, 0xc1, 0x00, 0x4f, 0xff,
    0xfd, 0x70, 0x00, 0x04, 0xff, 0xff, 0xff, 0x80, 0x4f, 0x20, 0x00, 0x00, 0x04, 0xf2, 0x00, 0x00, 0x00, 0x4f, 0x20, 0x00, 0x00, 0x04, 0xff, 0xff,
    0xff, 0x10, 0x4f, 0x20, 0x00, 0x00, 0x04, 0xf2, 0x00, 0x00, 0x00, 0x4f, 0x20, 0x00, 0x00, 0x04, 0xf2, 0x00, 0x00, 0x00, 0x4f, 0xff, 0xff, 0xfa,
    0x04, 0xff, 0xff, 0xff, 0x80, 0x4f, 0x20, 0x00, 0x00, 0x04, 0xf2, 0x00, 0x00, 0x00, 0x4f, 0x20, 0x00, 0x00, 0x04, 0xff, 0xff, 0xfe, 0x00, 0x4f,
    0x20, 0x00, 0x00, 0x04, 0xf2, 0x00, 0x00, 0x00, 0x4f, 0x20, 0x00, 0x00, 0x04, 0xf2, 0x00, 0x00, 0x00, 0x4f, 0x20, 0x00, 0x00, 0x00, 0x18, 0xde,
    0xeb, 0x50, 0x00, 0x1d, 0xb2, 0x01, 0x7f, 0x70, 0x0a, 0xc0, 0x00, 0x00, 0x9e, 0x11, 0xf5, 0x00, 0x00, 0x02, 0x51, 0x4f, 0x30, 0x00, 0x00, 0x00,
    0x04, 0xf3, 0x00, 0x0e, 0xff, 0xf2, 0x2f, 0x50, 0x00, 0x00, 0x6f, 0x20, 0xbc, 0x00, 0x00, 0x0b, 0xf2, 0x02, 0xea, 0x20, 0x29, 0xcf, 0x20, 0x02,
    0x9e, 0xfd, 0x85, 0xf2, 0x04, 0xf2, 0x00, 0x00, 0x4f, 0x20, 0x4f, 0x20, 0x00, 0x04, 0xf2, 0x04, 0xf2, 0x00, 0x00, 0x4f, 0x20, 0x4f, 0x20, 0x00,
    0x04, 0xf2, 0x04, 0xf2, 0x00, 0x00, 0x4f, 0x20, 0x4f, 0xff, 0xff, 0xff, 0xf2, 0x04, 0xf2, 0x00, 0x00, 0x4f, 0x20, 0x4f, 0x20, 0x00, 0x04, 0xf2,
    0x04, 0xf2, 0x00, 0x00, 0x4f, 0x20, 0x4f, 0x20, 0x00, 0x04, 0xf2, 0x04, 0xf2, 0x04, 0xf2, 0x04, 0xf2, 0x04, 0xf2, 0x04, 0xf2, 0x04, 0xf2, 0x04,
    0xf2, 0x04, 0xf2, 0x04, 0xf2, 0x04, 0xf2, 0x00, 0x00, 0x04, 0xf2, 0x00, 0x00, 0x04, 0xf2, 0x00, 0x00, 0x04, 0xf2, 0x00, 0x00, 0x04, 0xf2, 0x00,
    0x00, 0x04, 0xf2, 0x00, 0x00, 0x04, 0xf2, 0x28, 0x10, 0x04, 0xf2, 0x3f, 0x20, 0x06, 0xf1, 0x1d, 0x91, 0x1c, 0xc0, 0x03, 0xbe, 0xea, 0x20, 0x04,
    0xf2, 0x00, 0x04, 0xe4, 0x04, 0xf2, 0x00, 0x4e, 0x50, 0x04, 0xf2, 0x03, 0xe5, 0x00, 0x04, 0xf2, 0x3e, 0x60, 0x00, 0x04, 0xf4, 0xe6, 0x00, 0x00,
    0x04, 0xfe, 0xe8, 0x00, 0x00, 0x04, 0xf6, 0x4f, 0x60, 0x00, 0x04, 0xf2, 0x07, 0xf5, 0x00, 0x04, 0xf2, 0x00, 0x9e, 0x30, 0x04, 0xf2, 0x00, 0x0b,
    0xe2, 0x04, 0xf2, 0x00, 0x00, 0x00, 0x4f, 0x20, 0x00, 0x00, 0x04, 0xf2, 0x00, 0x00, 0x00, 0x4f, 0x20, 0x00, 0x00, 0x04, 0xf2, 0x00, 0x00, 0x00,
    0x4f, 0x20, 0x00, 0x00, 0x04, 0xf2, 0x00, 0x00, 0x00, 0x4f, 0x20, 0x00, 0x00, 0x04, 0xf2, 0x00, 0x00, 0x00, 0x4f, 0xff, 0xff, 0xfb, 0x04, 0xff,
    0x20, 0x00, 0x04, 0xff, 0x20, 0x4f, 0xd7, 0x00, 0x00, 0x9d, 0xf2, 0x04, 0xf9, 0xc0, 0x00, 0x0e, 0x8f, 0x20, 0x4f, 0x4f, 0x20, 0x04, 0xe5, 0xf2,
    0x04, 0xf2, 0xc7, 0x00, 0x99, 0x4f, 0x20, 0x4f, 0x27, 0xc0, 0x0e, 0x44, 0xf2, 0x04, 0xf2, 0x2f, 0x24, 0xd0, 0x4f, 0x20, 0x4f, 0x20, 0xc7, 0x98,
    0x04, 0xf2, 0x04, 0xf2, 0x06, 0xce, 0x30, 0x4f, 0x20, 0x4f, 0x20, 0x1f, 0xd0, 0x04, 0xf2, 0x04, 0xff, 0x20, 0x00, 0x4f, 0x20, 0x4f, 0xca, 0x00,
    0x04, 0xf2, 0x04, 0xf4, 0xf3, 0x00, 0x4f, 0x20, 0x4f, 0x29, 0xc0, 0x04, 0xf2, 0x04, 0xf2, 0x2e, 0x50, 0x4f, 0x20, 0x4f, 0x20, 0x8d, 0x04, 0xf2,
    0x04, 0xf2, 0x01, 0xe7, 0x4f, 0x20, 0x4f, 0x20, 0x06, 0xe5, 0xf2, 0x04, 0xf2, 0x00, 0x0c, 0xcf, 0x20, 0x4f, 0x20, 0x00, 0x4f, 0xf2, 0x00, 0x2a,
    0xef, 0xd9, 0x10, 0x00, 0x3e, 0x92, 0x02, 0xbd, 0x10, 0x0c, 0xb0, 0x00, 0x01, 0xe9, 0x02, 0xf5, 0x00, 0x00, 0x08, 0xe0, 0x4f, 0x30, 0x00, 0x00,
    0x5f, 0x14, 0xf3, 0x00, 0x00, 0x05, 0xf1, 0x2f, 0x50, 0x00, 0x00, 0x8e, 0x00, 0xcb, 0x00, 0x00, 0x1e, 0x90, 0x03, 0xe9, 0x10, 0x2b, 0xd1, 0x00,
    0x02, 0xae, 0xfd, 0x91, 0x00, 0x04, 0xff, 0xff, 0xd9, 0x10, 0x04, 0xf2, 0x00, 0x2c, 0xa0, 0x04, 0xf2, 0x00, 0x06, 0xf1, 0x04, 0xf2, 0x00, 0x06,
    0xf0, 0x04, 0xf2, 0x00, 0x2c, 0xa0, 0x04, 0xff, 0xff, 0xd8, 0x10, 0x04, 0xf2, 0x00, 0x00, 0x00, 0x04, 0xf2, 0x00, 0x00, 0x00, 0x04, 0xf2, 0x00,
    0x00, 0x00, 0x04, 0xf2, 0x00, 0x00, 0x00, 0x00, 0x2a, 0xef, 0xd8, 0x10, 0x00, 0x3e, 0x92, 0x02, 0xbd, 0x10, 0x0c, 0xb0, 0x00, 0x01, 0xe8, 0x02,
    0xf5, 0x00, 0x00, 0x08, 0xe0, 0x4f, 0x30, 0x00, 0x00, 0x5f, 0x14, 0xf3, 0x00, 0x00, 0x05, 0xf1, 0x2f, 0x50, 0x00, 0x00, 0x8e, 0x00, 0xcb, 0x00,
    0x00, 0x1e, 0x80, 0x03, 0xe9, 0x10, 0x2b, 0xb0, 0x00, 0x02, 0xae, 0xff, 0xfe, 0x70, 0x00, 0x00, 0x00, 0x00, 0x36, 0x00, 0x4f, 0xff, 0xfe, 0x91,
    0x00, 0x4f, 0x20, 0x02, 0xcb, 0x00, 0x4f, 0x20, 0x00, 0x5f, 0x10, 0x4f, 0x20, 0x00, 0x6f, 0x00, 0x4f, 0x20, 0x02, 0xc8, 0x00, 0x4f, 0xff, 0xff,
    0xa0, 0x00, 0x4f, 0x20, 0x04, 0xf5, 0x00, 0x4f, 0x20, 0x00, 0xb9, 0x00, 0x4f, 0x20, 0x00, 0x9b, 0x00, 0x4f, 0x20, 0x00, 0x5e, 0x10, 0x02, 0x9d,
    0xec, 0x60, 0x00, 0x1d, 0x91, 0x04, 0xe7, 0x00, 0x4f, 0x20, 0x00, 0x7b, 0x00, 0x2f, 0x91, 0x00, 0x00, 0x00, 0x05, 0xde, 0xb7, 0x10, 0x00, 0x00,
    0x03, 0x7c, 0xe5, 0x00, 0x00, 0x00, 0x00, 0x9e, 0x00, 0x9c, 0x00, 0x00, 0x5f, 0x10, 0x3f, 0x92, 0x03, 0xcb, 0x00, 0x03, 0xae, 0xed, 0x81, 0x00,
    0xff, 0xff, 0xff, 0xff, 0xf0, 0x00, 0x04, 0xf2, 0x00, 0x00, 0x00, 0x04, 0xf2, 0x00, 0x00, 0x00, 0x04, 0xf2, 0x00, 0x00, 0x00, 0x04, 0xf2, 0x00,
    0x00, 0x00, 0x04, 0xf2, 0x00, 0x00, 0x00, 0x04, 0xf2, 0x00, 0x00, 0x00, 0x04, 0xf2, 0x00, 0x00, 0x00, 0x04, 0xf2, 0x00, 0x00, 0x00, 0x04, 0xf2,
    0x00, 0x00, 0x4f, 0x20, 0x00, 0x4f, 0x20, 0x4f, 0x20, 0x00, 0x4f, 0x20, 0x4f, 0x20, 0x00, 0x4f, 0x20, 0x4f, 0x20, 0x00, 0x4f, 0x20, 0x4f, 0x20,
    0x00, 0x4f, 0x20, 0x4f, 0x20, 0x00, 0x4f, 0x20, 0x4f, 0x20, 0x00, 0x5f, 0x20, 0x2f, 0x40, 0x00, 0x7e, 0x00, 0x0b, 0xc2, 0x04, 0xe8, 0x00, 0x01,
    0x9d, 0xed, 0x70, 0x05, 0xf1, 0x00, 0x00, 0x1f, 0x51, 0xe6, 0x00, 0x00, 0x6e, 0x00, 0x9b, 0x00, 0x00, 0xb9, 0x00, 0x4f, 0x10, 0x02, 0xf3, 0x00,
    0x0e, 0x60, 0x07, 0xd0, 0x00, 0x08, 0xb0, 0x0c, 0x70, 0x00, 0x03, 0xf1, 0x2f, 0x20, 0x00, 0x00, 0xd6, 0x8b, 0x00, 0x00, 0x00, 0x7b, 0xd5, 0x00,
    0x00, 0x00, 0x2f, 0xe1, 0x00, 0x07, 0xe0, 0x00, 0x0b, 0xf5, 0x00, 0x05, 0xf1, 0x3f, 0x30, 0x00, 0xed, 0x80, 0x00, 0x9b, 0x00, 0xe7, 0x00, 0x4e,
    0x7c, 0x00, 0x0d, 0x70, 0x0a, 0xb0, 0x08, 0xa2, 0xf1, 0x01, 0xf2, 0x00, 0x6e, 0x00, 0xc6, 0x0d, 0x50, 0x5d, 0x00, 0x02, 0xf3, 0x1f, 0x20, 0x99,
    0x09, 0x90, 0x00, 0x0d, 0x75, 0xc0, 0x05, 0xd0, 0xd5, 0x00, 0x00, 0x8a, 0x98, 0x00, 0x1f, 0x4f, 0x10, 0x00, 0x04, 0xed, 0x40, 0x00, 0xcc, 0xb0,
    0x00, 0x00, 0x1f, 0xe0, 0x00, 0x08, 0xf7, 0x00, 0x01, 0xe7, 0x00, 0x00, 0xac, 0x00, 0x5e, 0x20, 0x05, 0xe2, 0x00, 0x0a, 0xc0, 0x2e, 0x50, 0x00,
    0x01, 0xd7, 0xb9, 0x00, 0x00, 0x00, 0x4f, 0xd1, 0x00, 0x00, 0x00, 0x5e, 0xe2, 0x00, 0x00, 0x02, 0xe4, 0xab, 0x00, 0x00, 0x0c, 0x90, 0x1d, 0x80,
    0x00, 0x8d, 0x10, 0x04, 0xf4, 0x04, 0xf3, 0x00, 0x00, 0x8d, 0x1a, 0xc0, 0x00, 0x01, 0xe7, 0x2e, 0x70, 0x00, 0x9d, 0x00, 0x7e, 0x10, 0x2f, 0x40,
    0x00, 0xca, 0x0b, 0xa0, 0x00, 0x04, 0xf8, 0xe2, 0x00, 0x00, 0x0a, 0xf7, 0x00, 0x00, 0x00, 0x4f, 0x20, 0x00, 0x00, 0x04, 0xf2, 0x00, 0x00, 0x00,
    0x4f, 0x20, 0x00, 0x00, 0x04, 0xf2, 0x00, 0x00, 0x0f, 0xff, 0xff, 0xff, 0x00, 0x00, 0x00, 0x01, 0xd9, 0x00, 0x00, 0x00, 0x0b, 0xc1, 0x00, 0x00,
    0x00, 0x8e, 0x20, 0x00, 0x00, 0x05, 0xf6, 0x00, 0x00, 0x00, 0x3e, 0xa0, 0x00, 0x00, 0x01, 0xdd, 0x10, 0x00, 0x00, 0x0b, 0xf3, 0x00, 0x00, 0x00,
    0x8f, 0x70, 0x00, 0x00, 0x00, 0xff, 0xff, 0xff, 0xff, 0x00, 0x4f, 0xfa, 0x04, 0xf2, 0x00, 0x4f, 0x20, 0x04, 0xf2, 0x00, 0x4f, 0x20, 0x04, 0xf2,
    0x00, 0x4f, 0x20, 0x04, 0xf2, 0x00, 0x4f, 0x20, 0x04, 0xf2, 0x00, 0x4f, 0x20, 0x04, 0xf2, 0x00, 0x4f, 0xfa, 0x0d, 0x10, 0x00, 0x09, 0x60, 0x00,
    0x03, 0xb0, 0x00, 0x00, 0xd1, 0x00, 0x00, 0x86, 0x00, 0x00, 0x3b, 0x00, 0x00, 0x0d, 0x10, 0x00, 0x08, 0x60, 0x00, 0x03, 0xc0, 0x00, 0x00, 0xc2,
    0x00, 0x00, 0x77, 0xdf, 0xf2, 0x00, 0x4f, 0x20, 0x04, 0xf2, 0x00, 0x4f, 0x20, 0x04, 0xf2, 0x00, 0x4f, 0x20, 0x04, 0xf2, 0x00, 0x4f, 0x20, 0x04,
    0xf2, 0x00, 0x4f, 0x20, 0x04, 0xf2, 0x00, 0x4f, 0x20, 0xdf, 0xf2, 0x00, 0x00, 0x6f, 0x10, 0x00, 0x00, 0x0c, 0x78, 0x00, 0x00, 0x04, 0xa0, 0xd1,
    0x00, 0x00, 0xb4, 0x08, 0x60, 0x00, 0x2d, 0x00, 0x2c, 0x00, 0x09, 0x70, 0x00, 0xb4, 0x00, 0x00, 0x00, 0x00, 0x00, 0x00, 0x00, 0x00, 0x00, 0x00,
    0x00, 0x00, 0x00, 0x00, 0x4f, 0xff, 0xff, 0xb0, 0x17, 0x00, 0x00, 0x86, 0x00, 0x00, 0x00, 0x00, 0x00, 0x00, 0x00, 0x00, 0x00, 0x00, 0x00, 0x00,
    0x00, 0x00, 0x00, 0x00, 0x00, 0x00, 0x00, 0x00, 0x00, 0x00, 0x00, 0x00, 0x19, 0xee, 0xc3, 0x00, 0x9c, 0x10, 0x9d, 0x00, 0x74, 0x00, 0x5f, 0x10,
    0x16, 0xab, 0xdf, 0x20, 0xcc, 0x42, 0x6f, 0x24, 0xf3, 0x00, 0x6f, 0x22, 0xf7, 0x02, 0xcf, 0x20, 0x6d, 0xec, 0x6f, 0x34, 0xf2, 0x00, 0x00, 0x00,
    0x4f, 0x20, 0x00, 0x00, 0x04, 0xf2, 0x00, 0x00, 0x00, 0x4f, 0x5c, 0xed, 0x70, 0x04, 0xfc, 0x30, 0x5f, 0x60, 0x4f, 0x50, 0x00, 0x9d, 0x04, 0xf2,
    0x00, 0x05, 0xf1, 0x4f, 0x20, 0x00, 0x5f, 0x14, 0xf5, 0x00, 0x09, 0xd0, 0x4f, 0xd3, 0x05, 0xf6, 0x04, 0xf7, 0xdf, 0xc5, 0x00, 0x00, 0x7d, 0xec,
    0x50, 0x08, 0xd3, 0x05, 0xf4, 0x1f, 0x60, 0x00, 0x88, 0x4f, 0x20, 0x00, 0x00, 0x3f, 0x30, 0x00, 0x00, 0x1f, 0x60, 0x00, 0x76, 0x09, 0xd3, 0x05,
    0xf4, 0x01, 0x8d, 0xec, 0x40, 0x00, 0x00, 0x00, 0x4f, 0x20, 0x00, 0x00, 0x04, 0xf2, 0x00, 0x00, 0x00, 0x4f, 0x20, 0x07, 0xde, 0xc7, 0xf2, 0x08,
    0xd3, 0x05, 0xef, 0x21, 0xf6, 0x00, 0x08, 0xf2, 0x4f, 0x30, 0x00, 0x5f, 0x24, 0xf3, 0x00, 0x05, 0xf2, 0x1f, 0x60, 0x00, 0x8f, 0x20, 0x9d, 0x30,
    0x5d, 0xf2, 0x01, 0x9e, 0xeb, 0x6f, 0x20, 0x07, 0xde, 0xc4, 0x00, 0x8c, 0x20, 0x5e, 0x21, 0xf3, 0x00, 0x0a, 0x84, 0xff, 0xff, 0xff, 0xa3, 0xf2,
    0x00, 0x00, 0x01, 0xf5, 0x00, 0x0c, 0x60, 0x9d, 0x30, 0x7e, 0x20, 0x19, 0xee, 0xb3, 0x00, 0x09, 0xea, 0x03, 0xf4, 0x00, 0x4f, 0x20, 0x2f, 0xff,
    0x80, 0x4f, 0x20, 0x04, 0xf2, 0x00, 0x4f, 0x20, 0x04, 0xf2, 0x00, 0x4f, 0x20, 0x04, 0xf2, 0x00, 0x4f, 0x20, 0x00, 0x7d, 0xec, 0x7f, 0x20, 0x8d,
    0x30, 0x5e, 0xf2, 0x1f, 0x60, 0x00, 0x8f, 0x24, 0xf3, 0x00, 0x05, 0xf2, 0x4f, 0x30, 0x00, 0x5f, 0x21, 0xf6, 0x00, 0x08, 0xf2, 0x09, 0xd3, 0x05,
    0xdf, 0x20, 0x19, 0xee, 0xb6, 0xf1, 0x0c, 0x40, 0x00, 0x7e, 0x00, 0xac, 0x20, 0x4e, 0x80, 0x01, 0x9d, 0xed, 0x70, 0x04, 0xf2, 0x00, 0x00, 0x04,
    0xf2, 0x00, 0x00, 0x04, 0xf2, 0x00, 0x00, 0x04, 0xf5, 0xce, 0xc3, 0x04, 0xfc, 0x21, 0xbd, 0x04, 0xf5, 0x00, 0x5f, 0x14, 0xf3, 0x00, 0x4f, 0x24,
    0xf2, 0x00, 0x4f, 0x24, 0xf2, 0x00, 0x4f, 0x24, 0xf2, 0x00, 0x4f, 0x24, 0xf2, 0x00, 0x4f, 0x22, 0xb0, 0x2d, 0x00, 0x00, 0x4f, 0x24, 0xf2, 0x4f,
    0x24, 0xf2, 0x4f, 0x24, 0xf2, 0x4f, 0x24, 0xf2, 0x02, 0xb0, 0x02, 0xd0, 0x00, 0x00, 0x04, 0xf2, 0x04, 0xf2, 0x04, 0xf2, 0x04, 0xf2, 0x04, 0xf2,
    0x04, 0xf2, 0x04, 0xf2, 0x04, 0xf2, 0x04, 0xf2, 0x07, 0xf1, 0x4f, 0x80, 0x4f, 0x20, 0x00, 0x00, 0x4f, 0x20, 0x00, 0x00, 0x4f, 0x20, 0x00, 0x00,
    0x4f, 0x20, 0x0a, 0xd2, 0x4f, 0x20, 0x8d, 0x20, 0x4f, 0x27, 0xd2, 0x00, 0x4f, 0x8e, 0x20, 0x00, 0x4f, 0xdf, 0x60, 0x00, 0x4f, 0x36, 0xf4, 0x00,
    0x4f, 0x20, 0x8e, 0x30, 0x4f, 0x20, 0x0a, 0xe2, 0x4f, 0x20, 0x4f, 0x20, 0x4f, 0x20, 0x4f, 0x20, 0x4f, 0x20, 0x4f, 0x20, 0x4f, 0x20, 0x4f, 0x20,
    0x4f, 0x20, 0x4f, 0x30, 0x2d, 0xf1, 0x4f, 0x6d, 0xfc, 0x35, 0xdf, 0xc3, 0x04, 0xfb, 0x11, 0xbe, 0xb1, 0x1b, 0xd0, 0x4f, 0x50, 0x05, 0xf5, 0x00,
    0x5f, 0x14, 0xf2, 0x00, 0x5f, 0x20, 0x05, 0xf2, 0x4f, 0x20, 0x04, 0xf2, 0x00, 0x4f, 0x24, 0xf2, 0x00, 0x4f, 0x20, 0x04, 0xf2, 0x4f, 0x20, 0x04,
    0xf2, 0x00, 0x4f, 0x24, 0xf2, 0x00, 0x4f, 0x20, 0x04, 0xf2, 0x4f, 0x5c, 0xec, 0x30, 0x4f, 0xc2, 0x1b, 0xd0, 0x4f, 0x60, 0x05, 0xf1, 0x4f, 0x30,
    0x04, 0xf2, 0x4f, 0x20, 0x04, 0xf2, 0x4f, 0x20, 0x04, 0xf2, 0x4f, 0x20, 0x04, 0xf2, 0x4f, 0x20, 0x04, 0xf2, 0x00, 0x8d, 0xfd, 0x60, 0x00, 0x8e,
    0x30, 0x5f, 0x50, 0x1f, 0x60, 0x00, 0x9d, 0x03, 0xf3, 0x00, 0x05, 0xf1, 0x3f, 0x30, 0x00, 0x5f, 0x11, 0xf6, 0x00, 0x09, 0xd0, 0x08, 0xe3, 0x05,
    0xf5, 0x00, 0x08, 0xdf, 0xd6, 0x00, 0x4f, 0x5c, 0xed, 0x70, 0x04, 0xfc, 0x30, 0x5f, 0x60, 0x4f, 0x50, 0x00, 0x9d, 0x04, 0xf2, 0x00, 0x05, 0xf1,
    0x4f, 0x20, 0x00, 0x5f, 0x14, 0xf5, 0x00, 0x09, 0xd0, 0x4f, 0xd3, 0x05, 0xf6, 0x04, 0xf7, 0xdf, 0xc5, 0x00, 0x4f, 0x20, 0x00, 0x00, 0x04, 0xf2,
    0x00, 0x00, 0x00, 0x4f, 0x20, 0x00, 0x00, 0x00, 0x07, 0xde, 0xc7, 0xf2, 0x08, 0xd3, 0x05, 0xef, 0x21, 0xf6, 0x00, 0x08, 0xf2, 0x4f, 0x30, 0x00,
    0x5f, 0x24, 0xf3, 0x00, 0x05, 0xf2, 0x1f, 0x60, 0x00, 0x8f, 0x20, 0x9d, 0x30, 0x5d, 0xf2, 0x01, 0x9e, 0xeb, 0x6f, 0x20, 0x00, 0x00, 0x04, 0xf2,
    0x00, 0x00, 0x00, 0x4f, 0x20, 0x00, 0x00, 0x04, 0xf2, 0x4f, 0x6e, 0x74, 0xfc, 0x30, 0x4f, 0x40, 0x04, 0xf2, 0x00, 0x4f, 0x20, 0x04, 0xf2, 0x00,
    0x4f, 0x20, 0x04, 0xf2, 0x00, 0x06, 0xde, 0xb2, 0x02, 0xf5, 0x1b, 0xb0, 0x4f, 0x40, 0x25, 0x00, 0xbe, 0x94, 0x00, 0x00, 0x4a, 0xf8, 0x04, 0x60,
    0x07, 0xf1, 0x4f, 0x40, 0x8e, 0x00, 0x7d, 0xec, 0x40, 0x02, 0x81, 0x00, 0x4f, 0x20, 0x5f, 0xff, 0x90, 0x4f, 0x20, 0x04, 0xf2, 0x00, 0x4f, 0x20,
    0x04, 0xf2, 0x00, 0x4f, 0x20, 0x04, 0xf4, 0x00, 0x1c, 0xf7, 0x4f, 0x20, 0x04, 0xf2, 0x4f, 0x20, 0x04, 0xf2, 0x4f, 0x20, 0x04, 0xf2, 0x4f, 0x20,
    0x05, 0xf2, 0x4f, 0x20, 0x05, 0xf2, 0x4f, 0x30, 0x08, 0xf2, 0x1f, 0x90, 0x4d, 0xf2, 0x05, 0xde, 0xb7, 0xf2, 0xc9, 0x00, 0x00, 0xe7, 0x6e, 0x00,
    0x04, 0xf1, 0x1f, 0x50, 0x09, 0xa0, 0x0a, 0xa0, 0x0e, 0x50, 0x04, 0xe1, 0x4e, 0x00, 0x00, 0xe5, 0x98, 0x00, 0x00, 0x8b, 0xe3, 0x00, 0x00, 0x2f,
    0xc0, 0x00, 0xca, 0x00, 0x1f, 0xc0, 0x00, 0xc8, 0x8e, 0x00, 0x5d, 0xf1, 0x02, 0xf3, 0x3f, 0x30, 0x88, 0xd5, 0x06, 0xd0, 0x0d, 0x70, 0xc4, 0x99,
    0x0a, 0x90, 0x08, 0xb1, 0xe0, 0x5d, 0x0e, 0x40, 0x04, 0xe5, 0xb0, 0x1f, 0x5e, 0x00, 0x00, 0xed, 0x70, 0x0c, 0xd9, 0x00, 0x00, 0x9f, 0x30, 0x08,
    0xf5, 0x00, 0x0a, 0xd0, 0x00, 0xca, 0x00, 0x1d, 0x80, 0x7d, 0x10, 0x00, 0x4f, 0x5e, 0x40, 0x00, 0x00, 0x8f, 0x80, 0x00, 0x00, 0x09, 0xf9, 0x00,
    0x00, 0x05, 0xe3, 0xe5, 0x00, 0x02, 0xe5, 0x06, 0xe1, 0x00, 0xbb, 0x00, 0x0c, 0xa0, 0xab, 0x00, 0x00, 0xd8, 0x5f, 0x10, 0x03, 0xf2, 0x0e, 0x60,
    0x08, 0xb0, 0x08, 0xc0, 0x0d, 0x60, 0x03, 0xf2, 0x3e, 0x10, 0x00, 0xc7, 0x89, 0x00, 0x00, 0x6c, 0xd3, 0x00, 0x00, 0x1f, 0xd0, 0x00, 0x00, 0x0c,
    0x70, 0x00, 0x00, 0x6e, 0x10, 0x00, 0x0f, 0xc3, 0x00, 0x00, 0x0f, 0xff, 0xff, 0xf0, 0x00, 0x00, 0x1e, 0x90, 0x00, 0x00, 0xbc, 0x00, 0x00, 0x07,
    0xe2, 0x00, 0x00, 0x3e, 0x40, 0x00, 0x01, 0xd7, 0x00, 0x00, 0x09, 0xa0, 0x00, 0x00, 0x0f, 0xff, 0xff, 0xf0, 0x01, 0xae, 0x10, 0x4f, 0x30, 0x04,
    0xf2, 0x00, 0x4f, 0x20, 0x04, 0xf2, 0x00, 0x8e, 0x00, 0x3f, 0x60, 0x00, 0x8e, 0x00, 0x04, 0xf2, 0x00, 0x4f, 0x20, 0x04, 0xf2, 0x00, 0x4f, 0x30,
    0x01, 0xbe, 0x10, 0x28, 0x10, 0x04, 0xf2, 0x00, 0x4f, 0x20, 0x04, 0xf2, 0x00, 0x4f, 0x20, 0x04, 0xf2, 0x00, 0x4f, 0x20, 0x04, 0xf2, 0x00, 0x4f,
    0x20, 0x04, 0xf2, 0x00, 0x4f, 0x20, 0x04, 0xf2, 0x00, 0x4f, 0x20, 0x04, 0xf2, 0x00, 0x4f, 0x20, 0x4e, 0x90, 0x00, 0x6f, 0x10, 0x04, 0xf2, 0x00,
    0x4f, 0x20, 0x04, 0xf2, 0x00, 0x3f, 0x50, 0x00, 0x8e, 0x00, 0x3f, 0x50, 0x04, 0xf2, 0x00, 0x4f, 0x20, 0x04, 0xf2, 0x00, 0x6f, 0x10, 0x4e, 0x90,
    0x00, 0xbe, 0x93, 0x7f, 0x13, 0xe3, 0x29, 0xd8, 0x00, 0x00, 0x00, 0x00, 0x00, 0x00, 0x00, 0x00, 0x00, 0x00, 0x00, 0x00, 0x00, 0xae, 0x70, 0x3f,
    0x8f, 0x13, 0xf8, 0xf1, 0x0a, 0xe7, 0x00, 0x00, 0x00, 0x00, 0x00, 0x00, 0x00, 0x00, 0x00, 0x00, 0x00, 0x00, 0x00, 0x00, 0x00, 0x00, 0x00, 0x00,
};
constexpr char kBodyFirst = 32;
constexpr int kBodyAscent = 15;
constexpr int kBodyDescent = 4;

// Caption: 12 px, 획 0, ' '..'°', 2657바이트
constexpr HudGlyph kCaptionGlyphs[] = {
    {0, 0, 0, 0, 0, 3},
    {0, 3, 9, 0, 3, 3},
    {27, 4, 9, 0, 3, 4},
    {63, 7, 9, 0, 3, 7},
    {126, 7, 11, 0, 2, 7},
    {203, 9, 9, 0, 3, 9},
    {284, 8, 9, 0, 3, 8},
    {356, 3, 9, 0, 3, 3},
    {383, 4, 11, 0, 2, 4},
    {427, 4, 11, 0, 2, 4},
    {471, 7, 6, 0, 6, 7},
    {513, 7, 7, 0, 5, 7},
    {562, 4, 3, -1, 11, 3},
    {574, 3, 4, 0, 8, 3},
    {586, 3, 2, 0, 10, 3},
    {592, 5, 10, -1, 3, 4},
    {642, 7, 9, 0, 3, 7},
    {705, 7, 9, 0, 3, 7},
    {768, 7, 9, 0, 3, 7},
    {831, 7, 9, 0, 3, 7},
    {894, 8, 9, 0, 3, 7},
    {966, 7, 9, 0, 3, 7},
    {1029, 7, 9, 0, 3, 7},
    {1092, 7, 9, 0, 3, 7},
    {1155, 7, 9, 0, 3, 7},
    {1218, 7, 9, 0, 3, 7},
    {1281, 3, 7, 0, 5, 3},
    {1302, 3, 9, 0, 5, 3},
    {1329, 7, 7, 0, 5, 7},
    {1378, 7, 6, 0, 6, 7},
    {1420, 7, 7, 0, 5, 7},
    {1469, 6, 9, 0, 3, 6},
    {1523, 11, 10, 0, 3, 11},
    {1633, 8, 9, 0, 3, 8},
    {1705, 7, 9, 0, 3, 7},
    {1768, 9, 9, 0, 3, 9},
    {1849, 8, 9, 0, 3, 8},
    {1921, 7, 9, 0, 3, 7},
    {1984, 7, 9, 0, 3, 7},
    {2047, 9, 9, 0, 3, 9},
    {2128, 9, 9, 0, 3, 9},
    {2209, 3, 9, 0, 3, 3},
    {2236, 7, 9, 0, 3, 7},
    {2299, 8, 9, 0, 3, 7},
    {2371, 7, 9, 0, 3, 7},
    {2434, 10, 9, 0, 3, 10},
    {2524, 8, 9, 0, 3, 8},
    {2596, 9, 9, 0, 3, 9},
    {2677, 7, 9, 0, 3, 7},
    {2740, 9, 10, 0, 3, 9},
    {2830, 8, 9, 0, 3, 7},
    {2902, 6, 9, 0, 3, 6},
    {2956, 8, 9, 0, 3, 8},
    {3028, 8, 9, 0, 3, 8},
    {3100, 8, 9, 0, 3, 7},
    {3172, 12, 9, 0, 3, 11},
    {3280, 8, 9, 0, 3, 8},
    {3352, 8, 9, -1, 3, 7},
    {3424, 8, 9, 0, 3, 8},
    {3496, 4, 11, 0, 2, 4},
    {3540, 5, 10, -1, 3, 4},
    {3590, 4, 11, 0, 2, 4},
    {3634, 7, 8, 0, 4, 7},
    {3690, 6, 1, 0, 12, 6},
    {3696, 4, 9, 0, 3, 4},
    {3732, 7, 7, 0, 5, 7},
    {3781, 7, 9, 0, 3, 7},
    {3844, 7, 7, 0, 5, 7},
    {3893, 8, 9, 0, 3, 8},
    {3965, 7, 7, 0, 5, 7},
    {4014, 4, 10, 0, 2, 3},
    {4054, 8, 10, 0, 5, 8},
    {4134, 7, 9, 0, 3, 7},
    {4197, 3, 9, 0, 3, 3},
    {4224, 3, 12, 0, 3, 3},
    {4260, 7, 9, 0, 3, 6},
    {4323, 3, 9, 0, 3, 3},
    {4350, 11, 7, 0, 5, 11},
    {4427, 7, 7, 0, 5, 7},
    {4476, 7, 7, 0, 5, 7},
    {4525, 7, 10, 0, 5, 7},
    {4595, 8, 10, 0, 5, 8},
    {4675, 4, 7, 0, 5, 4},
    {4703, 6, 7, 0, 5, 6},
    {4745, 5, 9, -1, 3, 4},
    {4790, 7, 7, 0, 5, 7},
    {4839, 7, 7, 0, 5, 6},
    {4888, 10, 7, 0, 5, 9},
    {4958, 7, 7, -1, 5, 6},
    {5007, 7, 10, 0, 5, 6},
    {5077, 7, 7, 0, 5, 7},
    {5126, 4, 11, 0, 2, 4},
    {5170, 3, 13, 0, 2, 3},
    {5209, 3, 11, 0, 2, 3},
    {5242, 7, 5, 0, 7, 7},
    {5277, 0, 0, 0, 0, 0},
    {5277, 0, 0, 0, 0, 0},
    {5277, 0, 0, 0, 0, 0},
    {5277, 0, 0, 0, 0, 0},
    {5277, 0, 0, 0, 0, 0},
    {5277, 0, 0, 0, 0, 0},
    {5277, 0, 0, 0, 0, 0},
    {5277, 0, 0, 0, 0, 0},
    {5277, 0, 0, 0, 0, 0},
    {5277, 0, 0, 0, 0, 0},
    {5277, 0, 0, 0, 0, 0},
    {5277, 0, 0, 0, 0, 0},
    {5277, 0, 0, 0, 0, 0},
    {5277, 0, 0, 0, 0, 0},
    {5277, 0, 0, 0, 0, 0},
    {5277, 0, 0, 0, 0, 0},
    {5277, 0, 0, 0, 0, 0},
    {5277, 0, 0, 0, 0, 0},
    {5277, 0, 0, 0, 0, 0},
    {5277, 0, 0, 0, 0, 0},
    {5277, 0, 0, 0, 0, 0},
    {5277, 0, 0, 0, 0, 0},
    {5277, 0, 0, 0, 0, 0},
    {5277, 0, 0, 0, 0, 0},
    {5277, 0, 0, 0, 0, 0},
    {5277, 0, 0, 0, 0, 0},
    {5277, 0, 0, 0, 0, 0},
    {5277, 0, 0, 0, 0, 0},
    {5277, 0, 0, 0, 0, 0},
    {5277, 0, 0, 0, 0, 0},
    {5277, 0, 0, 0, 0, 0},
    {5277, 0, 0, 0, 0, 0},
    {5277, 0, 0, 0, 0, 0},
    {5277, 0, 0, 0, 0, 0},
    {5277, 0, 0, 0, 0, 0},
    {5277, 0, 0, 0, 0, 0},
    {5277, 0, 0, 0, 0, 0},
    {5277, 0, 0, 0, 0, 0},
    {5277, 0, 0, 0, 0, 0},
    {5277, 0, 0, 0, 0, 0},
    {5277, 0, 0, 0, 0, 0},
    {5277, 0, 0, 0, 0, 0},
    {5277, 0, 0, 0, 0, 0},
    {5277, 0, 0, 0, 0, 0},
    {5277, 0, 0, 0, 0, 0},
    {5277, 0, 0, 0, 0, 0},
    {5277, 0, 0, 0, 0, 0},
    {5277, 0, 0, 0, 0, 0},
    {5277, 0, 0, 0, 0, 0},
    {5277, 4, 9, 0, 3, 4},
};
constexpr uint8_t kCaptionPacked[] = {
    0x2f, 0x02, 0xf0, 0x2f, 0x02, 0xf0, 0x2f, 0x02, 0xf0, 0x2f, 0x01, 0xa0, 0x1c, 0x02, 0xf2, 0xf2, 0xf2, 0xf2, 0xf2, 0xf0, 0x00, 0x00, 0x00, 0x00,
    0x00, 0x00, 0x00, 0x00, 0x00, 0x00, 0x00, 0x00, 0x00, 0xa3, 0x80, 0x00, 0x28, 0x55, 0x00, 0x05, 0x58, 0x20, 0x09, 0xdc, 0xeb, 0x10, 0x0b, 0x1a,
    0x00, 0x2d, 0xed, 0xea, 0x00, 0x38, 0x64, 0x00, 0x06, 0x59, 0x20, 0x00, 0x82, 0xb0, 0x00, 0x00, 0x2f, 0x00, 0x00, 0x5d, 0xfc, 0x20, 0x0e, 0x6f,
    0x79, 0x02, 0xf3, 0xf2, 0x60, 0x0e, 0x9f, 0x00, 0x00, 0x3c, 0xfc, 0x20, 0x00, 0x2f, 0x9b, 0x05, 0x62, 0xf3, 0xe0, 0x7e, 0x4f, 0x5c, 0x00, 0x9e,
    0xfc, 0x30, 0x00, 0x2f, 0x00, 0x00, 0x9d, 0x60, 0x06, 0xc0, 0x1f, 0x4e, 0x01, 0xd3, 0x01, 0xf5, 0xd0, 0x88, 0x00, 0x08, 0xd6, 0x2d, 0x10, 0x00,
    0x00, 0x0b, 0x40, 0x00, 0x00, 0x04, 0xa5, 0xbb, 0x30, 0x00, 0xc2, 0xf2, 0x4d, 0x00, 0x75, 0x1f, 0x24, 0xd0, 0x1a, 0x00, 0x7d, 0xd5, 0x03, 0xbd,
    0xd1, 0x00, 0x0d, 0x50, 0x00, 0x00, 0x2f, 0x00, 0x15, 0x00, 0x0d, 0x40, 0x2f, 0x00, 0x03, 0xee, 0xdf, 0xd2, 0x0c, 0x70, 0x2f, 0x00, 0x2f, 0x00,
    0x2f, 0x00, 0x0f, 0x40, 0x2f, 0x00, 0x05, 0xcd, 0xdc, 0x00, 0x2f, 0x02, 0xf0, 0x2f, 0x00, 0x00, 0x00, 0x00, 0x00, 0x00, 0x00, 0x00, 0x00, 0x00,
    0x0a, 0x20, 0x3a, 0x00, 0xa6, 0x00, 0xe2, 0x01, 0xf0, 0x02, 0xf0, 0x01, 0xf0, 0x00, 0xe2, 0x00, 0xa6, 0x00, 0x3a, 0x00, 0x09, 0x25, 0x70, 0x00,
    0xd1, 0x00, 0x86, 0x00, 0x5b, 0x00, 0x3d, 0x00, 0x3e, 0x00, 0x3d, 0x00, 0x5b, 0x00, 0x86, 0x00, 0xd1, 0x05, 0x70, 0x00, 0x02, 0xf0, 0x00, 0x04,
    0x2f, 0x04, 0x01, 0x7b, 0xf9, 0x60, 0x00, 0xb7, 0x90, 0x00, 0x66, 0x08, 0x30, 0x00, 0x00, 0x00, 0x00, 0x02, 0xf0, 0x00, 0x00, 0x2f, 0x00, 0x00,
    0x02, 0xf0, 0x00, 0x4d, 0xdf, 0xdd, 0x20, 0x02, 0xf0, 0x00, 0x00, 0x2f, 0x00, 0x00, 0x00, 0x00, 0x00, 0x03, 0xb0, 0x09, 0x80, 0x0d, 0x20, 0x8d,
    0xb0, 0x00, 0x00, 0x00, 0x00, 0x1a, 0x01, 0xc0, 0x00, 0x03, 0x80, 0x00, 0x83, 0x00, 0x0b, 0x00, 0x02, 0x90, 0x00, 0x74, 0x00, 0x0b, 0x00, 0x02,
    0xa0, 0x00, 0x65, 0x00, 0x0b, 0x10, 0x00, 0x60, 0x00, 0x01, 0xad, 0xd8, 0x00, 0x9a, 0x01, 0xc6, 0x0e, 0x30, 0x06, 0xb1, 0xf1, 0x00, 0x4e, 0x2f,
    0x00, 0x03, 0xe1, 0xf1, 0x00, 0x4e, 0x0e, 0x30, 0x06, 0xb0, 0x9a, 0x01, 0xc6, 0x01, 0xad, 0xd8, 0x00, 0x04, 0xce, 0x00, 0x07, 0xe8, 0xf0, 0x00,
    0x51, 0x2f, 0x00, 0x00, 0x02, 0xf0, 0x00, 0x00, 0x2f, 0x00, 0x00, 0x02, 0xf0, 0x00, 0x00, 0x2f, 0x00, 0x00, 0x02, 0xf0, 0x00, 0x00, 0x2f, 0x00,
    0x04, 0xcd, 0xc2, 0x01, 0xe2, 0x08, 0xb0, 0x5a, 0x00, 0x3e, 0x00, 0x00, 0x06, 0xb0, 0x00, 0x02, 0xe3, 0x00, 0x01, 0xd6, 0x00, 0x01, 0xc7, 0x00,
    0x01, 0xc7, 0x00, 0x00, 0x9f, 0xdd, 0xdc, 0x00, 0x5c, 0xdc, 0x30, 0x3d, 0x10, 0x7c, 0x05, 0x60, 0x03, 0xe0, 0x00, 0x01, 0xa7, 0x00, 0x04, 0xfd,
    0x30, 0x00, 0x00, 0x8c, 0x09, 0x30, 0x03, 0xe0, 0x8a, 0x00, 0x8a, 0x01, 0xad, 0xd9, 0x10, 0x00, 0x00, 0x7f, 0x00, 0x00, 0x02, 0xef, 0x00, 0x00,
    0x0b, 0x7f, 0x00, 0x00, 0x5b, 0x2f, 0x00, 0x01, 0xd2, 0x2f, 0x00, 0x09, 0x70, 0x2f, 0x00, 0x1e, 0xdd, 0xdf, 0xd0, 0x00, 0x00, 0x2f, 0x00, 0x00,
    0x00, 0x2f, 0x00, 0x2e, 0xdd, 0xd8, 0x03, 0xb0, 0x00, 0x00, 0x59, 0x00, 0x00, 0x07, 0xab, 0xd9, 0x10, 0x9c, 0x11, 0xa9, 0x01, 0x10, 0x04, 0xd0,
    0x73, 0x00, 0x3d, 0x07, 0xb0, 0x0a, 0x80, 0x09, 0xdd, 0x80, 0x00, 0x06, 0xdd, 0xa1, 0x05, 0xb0, 0x0a, 0x90, 0xc3, 0x00, 0x27, 0x1f, 0x5c, 0xd8,
    0x12, 0xf8, 0x01, 0xb9, 0x2f, 0x10, 0x04, 0xd0, 0xf1, 0x00, 0x3d, 0x0a, 0x80, 0x0a, 0x80, 0x1a, 0xdd, 0x80, 0xbd, 0xdd, 0xde, 0x00, 0x00, 0x09,
    0x80, 0x00, 0x01, 0xe1, 0x00, 0x00, 0x88, 0x00, 0x00, 0x1e, 0x10, 0x00, 0x08, 0x90, 0x00, 0x01, 0xe2, 0x00, 0x00, 0x89, 0x00, 0x00, 0x1e, 0x20,
    0x00, 0x00, 0x3b, 0xdd, 0xa2, 0x0e, 0x60, 0x08, 0xb2, 0xf0, 0x00, 0x3e, 0x0d, 0x70, 0x19, 0x80, 0x4f, 0xef, 0xe3, 0x0d, 0x70, 0x09, 0xc2, 0xf0,
    0x00, 0x3e, 0x0e, 0x50, 0x08, 0xa0, 0x3b, 0xdd, 0xa1, 0x01, 0xad, 0xd9, 0x00, 0xb8, 0x00, 0xa7, 0x1f, 0x10, 0x03, 0xc1, 0xf1, 0x00, 0x4e, 0x0b,
    0x80, 0x1a, 0xe0, 0x1a, 0xdb, 0x7d, 0x08, 0x10, 0x06, 0x90, 0xc7, 0x01, 0xc3, 0x02, 0xbd, 0xc4, 0x01, 0xc0, 0x19, 0x00, 0x00, 0x00, 0x00, 0x00,
    0x1a, 0x01, 0xc0, 0x1c, 0x01, 0x90, 0x00, 0x00, 0x00, 0x00, 0x00, 0x00, 0x3a, 0x08, 0x60, 0xc1, 0x00, 0x00, 0x00, 0x30, 0x00, 0x02, 0xaa, 0x00,
    0x29, 0xa3, 0x00, 0x0e, 0x40, 0x00, 0x00, 0x4b, 0x81, 0x00, 0x00, 0x05, 0xc8, 0x00, 0x00, 0x00, 0x50, 0x1d, 0xdd, 0xdd, 0x00, 0x00, 0x00, 0x00,
    0x00, 0x00, 0x00, 0x01, 0xdd, 0xdd, 0xd0, 0x00, 0x00, 0x00, 0x00, 0x00, 0x00, 0x00, 0x03, 0x00, 0x00, 0x00, 0xba, 0x20, 0x00, 0x00, 0x3b, 0x92,
    0x00, 0x00, 0x04, 0xe0, 0x00, 0x18, 0xb4, 0x00, 0x8c, 0x50, 0x00, 0x05, 0x00, 0x00, 0x00, 0x3c, 0xdc, 0x30, 0xd5, 0x06, 0xc1, 0x80, 0x03, 0xe0,
    0x00, 0x08, 0x90, 0x00, 0x3c, 0x10, 0x00, 0xb2, 0x00, 0x00, 0x40, 0x00, 0x01, 0xa0, 0x00, 0x01, 0xc0, 0x00, 0x00, 0x3a, 0xdd, 0x92, 0x00, 0x00,
    0x7d, 0x40, 0x17, 0xd1, 0x00, 0x5d, 0x2a, 0xd8, 0x7a, 0x90, 0x0c, 0x59, 0x90, 0xc8, 0x5d, 0x01, 0xf1, 0xf2, 0x0b, 0x53, 0xe0, 0x2f, 0x2f, 0x00,
    0xe2, 0x4c, 0x01, 0xf2, 0xf2, 0x5f, 0x0a, 0x70, 0x0c, 0x76, 0xb7, 0x8b, 0x70, 0x00, 0x3e, 0x61, 0x02, 0x81, 0x00, 0x00, 0x3a, 0xdd, 0xa3, 0x00,
    0x00, 0x00, 0xdd, 0x00, 0x00, 0x03, 0xcd, 0x30, 0x00, 0x08, 0x88, 0x80, 0x00, 0x0d, 0x34, 0xc0, 0x00, 0x2d, 0x00, 0xe2, 0x00, 0x7e, 0xdd, 0xe7,
    0x00, 0xc4, 0x00, 0x5c, 0x02, 0xe0, 0x00, 0x1f, 0x27, 0x90, 0x00, 0x0b, 0x62, 0xfd, 0xdc, 0x40, 0x2f, 0x00, 0x6d, 0x02, 0xf0, 0x03, 0xe0, 0x2f,
    0x00, 0x78, 0x02, 0xfd, 0xde, 0x60, 0x2f, 0x00, 0x09, 0xa2, 0xf0, 0x00, 0x3e, 0x2f, 0x00, 0x07, 0xa2, 0xfd, 0xdd, 0xa1, 0x00, 0x4c, 0xdd, 0x81,
    0x00, 0x4d, 0x30, 0x1a, 0x90, 0x0c, 0x60, 0x00, 0x2e, 0x01, 0xf1, 0x00, 0x00, 0x10, 0x2f, 0x00, 0x00, 0x00, 0x00, 0xf1, 0x00, 0x00, 0x10, 0x0c,
    0x60, 0x00, 0x2e, 0x00, 0x4d, 0x30, 0x1b, 0x70, 0x00, 0x5c, 0xdc, 0x70, 0x02, 0xfd, 0xdd, 0xa2, 0x02, 0xf0, 0x00, 0x5e, 0x22, 0xf0, 0x00, 0x08,
    0x92, 0xf0, 0x00, 0x04, 0xd2, 0xf0, 0x00, 0x03, 0xe2, 0xf0, 0x00, 0x04, 0xc2, 0xf0, 0x00, 0x09, 0x82, 0xf0, 0x00, 0x6d, 0x12, 0xfd, 0xdd, 0x91,
    0x02, 0xfd, 0xdd, 0xd4, 0x2f, 0x00, 0x00, 0x02, 0xf0, 0x00, 0x00, 0x2f, 0x00, 0x00, 0x02, 0xfd, 0xdd, 0xc0, 0x2f, 0x00, 0x00, 0x02, 0xf0, 0x00,
    0x00, 0x2f, 0x00, 0x00, 0x02, 0xfd, 0xdd, 0xd6, 0x2f, 0xdd, 0xdd, 0x42, 0xf0, 0x00, 0x00, 0x2f, 0x00, 0x00, 0x02, 0xf0, 0x00, 0x00, 0x2f, 0xdd,
    0xdb, 0x02, 0xf0, 0x00, 0x00, 0x2f, 0x00, 0x00, 0x02, 0xf0, 0x00, 0x00, 0x2f, 0x00, 0x00, 0x00, 0x04, 0xcd, 0xd9, 0x10, 0x04, 0xd2, 0x01, 0xba,
    0x00, 0xc6, 0x00, 0x03, 0xa0, 0x1f, 0x10, 0x00, 0x00, 0x02, 0xf0, 0x01, 0xdd, 0xd0, 0x0f, 0x10, 0x00, 0x3f, 0x00, 0xc6, 0x00, 0x07, 0xf0, 0x05,
    0xd2, 0x03, 0xcf, 0x00, 0x06, 0xdd, 0xb4, 0xf0, 0x2f, 0x00, 0x00, 0x2f, 0x02, 0xf0, 0x00, 0x02, 0xf0, 0x2f, 0x00, 0x00, 0x2f, 0x02, 0xf0, 0x00,
    0x02, 0xf0, 0x2f, 0xdd, 0xdd, 0xdf, 0x02, 0xf0, 0x00, 0x02, 0xf0, 0x2f, 0x00, 0x00, 0x2f, 0x02, 0xf0, 0x00, 0x02, 0xf0, 0x2f, 0x00, 0x00, 0x2f,
    0x02, 0xf0, 0x2f, 0x02, 0xf0, 0x2f, 0x02, 0xf0, 0x2f, 0x02, 0xf0, 0x2f, 0x02, 0xf0, 0x00, 0x00, 0x2f, 0x00, 0x00, 0x02, 0xf0, 0x00, 0x00, 0x2f,
    0x00, 0x00, 0x02, 0xf0, 0x00, 0x00, 0x2f, 0x00, 0x20, 0x02, 0xf0, 0x2f, 0x00, 0x3e, 0x00, 0xe4, 0x07, 0xb0, 0x04, 0xcd, 0xb2, 0x02, 0xf0, 0x00,
    0x6c, 0x12, 0xf0, 0x04, 0xd1, 0x02, 0xf0, 0x2d, 0x30, 0x02, 0xf1, 0xd4, 0x00, 0x02, 0xfb, 0xb0, 0x00, 0x02, 0xf8, 0xe5, 0x00, 0x02, 0xf0, 0x4e,
    0x30, 0x02, 0xf0, 0x08, 0xd1, 0x02, 0xf0, 0x00, 0xba, 0x02, 0xf0, 0x00, 0x00, 0x2f, 0x00, 0x00, 0x02, 0xf0, 0x00, 0x00, 0x2f, 0x00, 0x00, 0x02,
    0xf0, 0x00, 0x00, 0x2f, 0x00, 0x00, 0x02, 0xf0, 0x00, 0x00, 0x2f, 0x00, 0x00, 0x02, 0xfe, 0xee, 0xe6, 0x2f, 0xb0, 0x00, 0x0e, 0xf0, 0x2f, 0xd1,
    0x00, 0x3d, 0xf0, 0x2f, 0xa5, 0x00, 0x79, 0xf0, 0x2f, 0x59, 0x00, 0xc4, 0xf0, 0x2f, 0x1d, 0x01, 0xd2, 0xf0, 0x2f, 0x0b, 0x35, 0x82, 0xf0, 0x2f,
    0x07, 0x7a, 0x42, 0xf0, 0x2f, 0x02, 0xcd, 0x02, 0xf0, 0x2f, 0x00, 0xda, 0x02, 0xf0, 0x2f, 0xa0, 0x02, 0xf0, 0x2f, 0xd2, 0x02, 0xf0, 0x2f, 0x68,
    0x02, 0xf0, 0x2f, 0x1d, 0x12, 0xf0, 0x2f, 0x09, 0x62, 0xf0, 0x2f, 0x02, 0xc2, 0xf0, 0x2f, 0x00, 0xb6, 0xf0, 0x2f, 0x00, 0x4c, 0xf0, 0x2f, 0x00,
    0x0d, 0xf0, 0x00, 0x4c, 0xdd, 0xb3, 0x00, 0x4e, 0x40, 0x06, 0xe2, 0x0c, 0x60, 0x00, 0x09, 0x91, 0xf1, 0x00, 0x00, 0x4d, 0x2f, 0x00, 0x00, 0x03,
    0xe1, 0xf1, 0x00, 0x00, 0x4d, 0x0c, 0x60, 0x00, 0x09, 0x90, 0x4e, 0x40, 0x06, 0xe2, 0x00, 0x4c, 0xde, 0xb3, 0x02, 0xfd, 0xdd, 0xb2, 0x2f, 0x00,
    0x07, 0xb2, 0xf0, 0x00, 0x3e, 0x2f, 0x00, 0x08, 0xa2, 0xfd, 0xdd, 0x91, 0x2f, 0x00, 0x00, 0x02, 0xf0, 0x00, 0x00, 0x2f, 0x00, 0x00, 0x02, 0xf0,
    0x00, 0x00, 0x00, 0x4c, 0xdd, 0xa2, 0x00, 0x4e, 0x40, 0x06, 0xe2, 0x0c, 0x60, 0x00, 0x09, 0x91, 0xf1, 0x00, 0x00, 0x4d, 0x2f, 0x00, 0x00, 0x03,
    0xe1, 0xf1, 0x00, 0x00, 0x4d, 0x0c, 0x60, 0x00, 0x09, 0x90, 0x4e, 0x40, 0x06, 0xd2, 0x00, 0x4c, 0xde, 0xfe, 0x60, 0x00, 0x00, 0x00, 0x24, 0x2f,
    0xdd, 0xdb, 0x20, 0x2f, 0x00, 0x07, 0xc0, 0x2f, 0x00, 0x03, 0xe0, 0x2f, 0x00, 0x08, 0x90, 0x2f, 0xdd, 0xec, 0x00, 0x2f, 0x00, 0x1d, 0x40, 0x2f,
    0x00, 0x08, 0x80, 0x2f, 0x00, 0x06, 0xa0, 0x2f, 0x00, 0x03, 0xd0, 0x04, 0xcd, 0xa1, 0x0e, 0x30, 0x99, 0x2f, 0x10, 0x27, 0x0d, 0xa3, 0x00, 0x02,
    0x9e, 0xc2, 0x00, 0x01, 0xab, 0x46, 0x00, 0x3e, 0x3e, 0x20, 0x7b, 0x06, 0xdd, 0xb2, 0x1d, 0xdd, 0xfd, 0xdc, 0x00, 0x02, 0xf0, 0x00, 0x00, 0x02,
    0xf0, 0x00, 0x00, 0x02, 0xf0, 0x00, 0x00, 0x02, 0xf0, 0x00, 0x00, 0x02, 0xf0, 0x00, 0x00, 0x02, 0xf0, 0x00, 0x00, 0x02, 0xf0, 0x00, 0x00, 0x02,
    0xf0, 0x00, 0x2f, 0x00, 0x02, 0xf0, 0x2f, 0x00, 0x02, 0xf0, 0x2f, 0x00, 0x02, 0xf0, 0x2f, 0x00, 0x02, 0xf0, 0x2f, 0x00, 0x02, 0xf0, 0x2f, 0x00,
    0x02, 0xf0, 0x1f, 0x10, 0x04, 0xd0, 0x0c, 0x80, 0x0a, 0x90, 0x02, 0xbd, 0xd9, 0x10, 0x7a, 0x00, 0x00, 0xa7, 0x2e, 0x00, 0x00, 0xe2, 0x0c, 0x40,
    0x04, 0xc0, 0x08, 0x80, 0x09, 0x70, 0x03, 0xd0, 0x0d, 0x20, 0x00, 0xd2, 0x3c, 0x00, 0x00, 0x87, 0x87, 0x00, 0x00, 0x4b, 0xd2, 0x00, 0x00, 0x0e,
    0xc0, 0x00, 0x99, 0x00, 0x0e, 0xa0, 0x00, 0xd3, 0x5c, 0x00, 0x3d, 0xd0, 0x01, 0xe0, 0x1f, 0x10, 0x77, 0xd2, 0x05, 0xb0, 0x0d, 0x40, 0xa4, 0xa5,
    0x08, 0x70, 0x09, 0x70, 0xd0, 0x69, 0x0c, 0x30, 0x05, 0xa3, 0xb0, 0x2c, 0x1e, 0x00, 0x02, 0xe6, 0x70, 0x0e, 0x5a, 0x00, 0x00, 0xdc, 0x40, 0x0a,
    0xb6, 0x00, 0x00, 0x9e, 0x00, 0x07, 0xf2, 0x00, 0x3e, 0x10, 0x02, 0xe1, 0x08, 0x90, 0x0b, 0x60, 0x01, 0xd3, 0x6b, 0x00, 0x00, 0x5c, 0xd2, 0x00,
    0x00, 0x0e, 0xa0, 0x00, 0x00, 0x6a, 0xd3, 0x00, 0x02, 0xd1, 0x5c, 0x00, 0x0b, 0x60, 0x0a, 0x70, 0x6c, 0x00, 0x02, 0xe2, 0x0c, 0x60, 0x00, 0x89,
    0x04, 0xd0, 0x01, 0xe2, 0x00, 0xb7, 0x09, 0x80, 0x00, 0x3e, 0x3e, 0x10, 0x00, 0x0a, 0xe7, 0x00, 0x00, 0x03, 0xf1, 0x00, 0x00, 0x02, 0xf0, 0x00,
    0x00, 0x02, 0xf0, 0x00, 0x00, 0x02, 0xf0, 0x00, 0x09, 0xdd, 0xdd, 0xf0, 0x00, 0x00, 0x09, 0x80, 0x00, 0x00, 0x4d, 0x10, 0x00, 0x01, 0xd4, 0x00,
    0x00, 0x08, 0x90, 0x00, 0x00, 0x3d, 0x10, 0x00, 0x00, 0xd4, 0x00, 0x00, 0x08, 0x90, 0x00, 0x00, 0x0f, 0xdd, 0xdd, 0xd1, 0x2e, 0xd3, 0x2f, 0x00,
    0x2f, 0x00, 0x2f, 0x00, 0x2f, 0x00, 0x2f, 0x00, 0x2f, 0x00, 0x2f, 0x00, 0x2f, 0x00, 0x2f, 0x00, 0x2e, 0xd3, 0x0b, 0x00, 0x00, 0x92, 0x00, 0x04,
    0x70, 0x00, 0x0b, 0x00, 0x00, 0x92, 0x00, 0x05, 0x60, 0x00, 0x1b, 0x00, 0x00, 0xa1, 0x00, 0x05, 0x60, 0x00, 0x15, 0x5d, 0xd0, 0x02, 0xf0, 0x02,
    0xf0, 0x02, 0xf0, 0x02, 0xf0, 0x02, 0xf0, 0x02, 0xf0, 0x02, 0xf0, 0x02, 0xf0, 0x02, 0xf0, 0x5d, 0xd0, 0x00, 0x2e, 0x20, 0x00, 0x08, 0x68, 0x00,
    0x01, 0xb0, 0xb0, 0x00, 0x66, 0x06, 0x50, 0x0c, 0x10, 0x1b, 0x00, 0x00, 0x00, 0x00, 0x00, 0x00, 0x00, 0x00, 0x00, 0x00, 0x00, 0x5d, 0xdd, 0xd5,
    0x34, 0x00, 0x0b, 0x10, 0x00, 0x00, 0x00, 0x00, 0x00, 0x00, 0x00, 0x00, 0x00, 0x00, 0x00, 0x00, 0x00, 0x00, 0x02, 0xbd, 0xd4, 0x00, 0xa7, 0x05,
    0xd0, 0x03, 0x12, 0x5e, 0x00, 0x6d, 0xaa, 0xf0, 0x1f, 0x20, 0x3f, 0x01, 0xf2, 0x08, 0xf0, 0x07, 0xed, 0x8f, 0x12, 0xf0, 0x00, 0x00, 0x2f, 0x00,
    0x00, 0x02, 0xf6, 0xdd, 0x90, 0x2f, 0x90, 0x1c, 0x72, 0xf1, 0x00, 0x5d, 0x2f, 0x00, 0x03, 0xe2, 0xf1, 0x00, 0x4c, 0x2f, 0x80, 0x1b, 0x62, 0xf8,
    0xdd, 0x70, 0x01, 0x9d, 0xd6, 0x00, 0x99, 0x01, 0xd3, 0x0f, 0x10, 0x04, 0x32, 0xf0, 0x00, 0x00, 0x1f, 0x20, 0x03, 0x20, 0xb8, 0x02, 0xe2, 0x02,
    0xbd, 0xc5, 0x00, 0x00, 0x00, 0x2f, 0x00, 0x00, 0x00, 0x2f, 0x00, 0x19, 0xdd, 0x8f, 0x00, 0x99, 0x01, 0xbf, 0x00, 0xf2, 0x00, 0x4f, 0x02, 0xf0,
    0x00, 0x3f, 0x01, 0xf2, 0x00, 0x4f, 0x00, 0xa9, 0x01, 0xbf, 0x00, 0x1a, 0xdc, 0x7f, 0x00, 0x08, 0xcd, 0x80, 0x09, 0x90, 0x1c, 0x60, 0xf1, 0x00,
    0x6b, 0x2f, 0xdd, 0xdd, 0xb0, 0xf1, 0x00, 0x23, 0x0a, 0x70, 0x1b, 0x70, 0x1a, 0xdd, 0x80, 0x03, 0x73, 0x1e, 0x62, 0x2f, 0x00, 0xbf, 0xd4, 0x2f,
    0x00, 0x2f, 0x00, 0x2f, 0x00, 0x2f, 0x00, 0x2f, 0x00, 0x2f, 0x00, 0x01, 0x9d, 0xd8, 0xf0, 0x09, 0x90, 0x1b, 0xf0, 0x0f, 0x20, 0x04, 0xf0, 0x2f,
    0x00, 0x03, 0xf0, 0x1f, 0x20, 0x04, 0xf0, 0x0a, 0x90, 0x1b, 0xf0, 0x01, 0xad, 0xc7, 0xf0, 0x0b, 0x20, 0x04, 0xd0, 0x0a, 0x90, 0x0b, 0x80, 0x01,
    0xad, 0xd9, 0x10, 0x2f, 0x00, 0x00, 0x02, 0xf0, 0x00, 0x00, 0x2f, 0x7d, 0xd4, 0x02, 0xf8, 0x06, 0xc0, 0x2f, 0x20, 0x3e, 0x02, 0xf0, 0x02, 0xf0,
    0x2f, 0x00, 0x2f, 0x02, 0xf0, 0x02, 0xf0, 0x2f, 0x00, 0x2f, 0x01, 0x90, 0x00, 0x02, 0xf0, 0x2f, 0x02, 0xf0, 0x2f, 0x02, 0xf0, 0x2f, 0x02, 0xf0,
    0x19, 0x00, 0x00, 0x2f, 0x02, 0xf0, 0x2f, 0x02, 0xf0, 0x2f, 0x02, 0xf0, 0x2f, 0x02, 0xf0, 0x4e, 0x0f, 0x80, 0x2f, 0x00, 0x00, 0x02, 0xf0, 0x00,
    0x00, 0x2f, 0x00, 0x7b, 0x02, 0xf0, 0x5c, 0x10, 0x2f, 0x3d, 0x20, 0x02, 0xfd, 0x80, 0x00, 0x2f, 0x5e, 0x40, 0x02, 0xf0, 0x4e, 0x20, 0x2f, 0x00,
    0x8c, 0x12, 0xf0, 0x2f, 0x02, 0xf0, 0x2f, 0x02, 0xf0, 0x2f, 0x02, 0xf0, 0x2f, 0x01, 0xe9, 0x2f, 0x8d, 0xd4, 0x9d, 0xd4, 0x02, 0xf6, 0x06, 0xe6,
    0x06, 0xd0, 0x2f, 0x10, 0x3f, 0x10, 0x3e, 0x02, 0xf0, 0x02, 0xf0, 0x02, 0xf0, 0x2f, 0x00, 0x2f, 0x00, 0x2f, 0x02, 0xf0, 0x02, 0xf0, 0x02, 0xf0,
    0x2f, 0x00, 0x2f, 0x00, 0x2f, 0x02, 0xf7, 0xdd, 0x40, 0x2f, 0x80, 0x6c, 0x02, 0xf2, 0x03, 0xe0, 0x2f, 0x00, 0x2f, 0x02, 0xf0, 0x02, 0xf0, 0x2f,
    0x00, 0x2f, 0x02, 0xf0, 0x02, 0xf0, 0x01, 0x9d, 0xd8, 0x00, 0xa9, 0x01, 0xc7, 0x0f, 0x20, 0x05, 0xc2, 0xf0, 0x00, 0x3e, 0x0f, 0x20, 0x05, 0xc0,
    0xa9, 0x01, 0xc7, 0x01, 0x9d, 0xd8, 0x02, 0xf6, 0xdd, 0x90, 0x2f, 0x90, 0x1c, 0x72, 0xf1, 0x00, 0x5d, 0x2f, 0x00, 0x03, 0xe2, 0xf1, 0x00, 0x4c,
    0x2f, 0x80, 0x1b, 0x62, 0xf8, 0xdd, 0x70, 0x2f, 0x00, 0x00, 0x02, 0xf0, 0x00, 0x00, 0x2f, 0x00, 0x00, 0x00, 0x19, 0xdd, 0x8f, 0x00, 0x99, 0x01,
    0xbf, 0x00, 0xf2, 0x00, 0x4f, 0x02, 0xf0, 0x00, 0x3f, 0x01, 0xf2, 0x00, 0x4f, 0x00, 0xa9, 0x01, 0xbf, 0x00, 0x1a, 0xdc, 0x7f, 0x00, 0x00, 0x00,
    0x2f, 0x00, 0x00, 0x00, 0x2f, 0x00, 0x00, 0x00, 0x2f, 0x02, 0xf8, 0xb2, 0xf7, 0x02, 0xf1, 0x02, 0xf0, 0x02, 0xf0, 0x02, 0xf0, 0x02, 0xf0, 0x00,
    0x6d, 0xdb, 0x21, 0xf1, 0x08, 0xb1, 0xe6, 0x10, 0x10, 0x3b, 0xea, 0x21, 0x20, 0x19, 0xc3, 0xe2, 0x05, 0xd0, 0x6d, 0xdc, 0x40, 0x17, 0x00, 0x02,
    0xf0, 0x00, 0xdf, 0xd2, 0x02, 0xf0, 0x00, 0x2f, 0x00, 0x02, 0xf0, 0x00, 0x2f, 0x00, 0x02, 0xf1, 0x00, 0x0c, 0xd1, 0x2f, 0x00, 0x2f, 0x02, 0xf0,
    0x02, 0xf0, 0x2f, 0x00, 0x2f, 0x02, 0xf0, 0x03, 0xf0, 0x2f, 0x00, 0x5f, 0x01, 0xf4, 0x0a, 0xf0, 0x06, 0xec, 0x7f, 0x0c, 0x50, 0x02, 0xe0, 0x79,
    0x00, 0x79, 0x02, 0xe0, 0x0c, 0x30, 0x0c, 0x41, 0xd0, 0x00, 0x79, 0x68, 0x00, 0x02, 0xdb, 0x30, 0x00, 0x0b, 0xd0, 0x00, 0xd5, 0x01, 0xf7, 0x00,
    0xd3, 0x89, 0x04, 0xcb, 0x02, 0xe0, 0x4c, 0x08, 0x6e, 0x06, 0x90, 0x0e, 0x1b, 0x2b, 0x3a, 0x50, 0x0a, 0x5d, 0x08, 0x7d, 0x10, 0x06, 0xc9, 0x04,
    0xcb, 0x00, 0x02, 0xf6, 0x01, 0xf7, 0x00, 0x0a, 0x80, 0x0d, 0x40, 0x1e, 0x27, 0xa0, 0x00, 0x6b, 0xd1, 0x00, 0x00, 0xe8, 0x00, 0x00, 0x7a, 0xd2,
    0x00, 0x2d, 0x17, 0xa0, 0x0b, 0x60, 0x0d, 0x5c, 0x50, 0x03, 0xe0, 0x79, 0x00, 0x79, 0x02, 0xe0, 0x0c, 0x40, 0x0c, 0x31, 0xd0, 0x00, 0x78, 0x68,
    0x00, 0x02, 0xca, 0x30, 0x00, 0x0c, 0xd0, 0x00, 0x00, 0x88, 0x00, 0x00, 0x0c, 0x20, 0x00, 0x4d, 0x60, 0x00, 0x00, 0x9d, 0xdd, 0xf0, 0x00, 0x00,
    0xa8, 0x00, 0x00, 0x6c, 0x00, 0x00, 0x2e, 0x20, 0x00, 0x0c, 0x60, 0x00, 0x08, 0xb0, 0x00, 0x00, 0xfd, 0xdd, 0xd1, 0x00, 0xaa, 0x02, 0xf1, 0x02,
    0xf0, 0x02, 0xf0, 0x04, 0xe0, 0x0c, 0x60, 0x04, 0xe0, 0x02, 0xf0, 0x02, 0xf0, 0x02, 0xf1, 0x00, 0xaa, 0x2f, 0x02, 0xf0, 0x2f, 0x02, 0xf0, 0x2f,
    0x02, 0xf0, 0x2f, 0x02, 0xf0, 0x2f, 0x02, 0xf0, 0x2f, 0x02, 0xf0, 0x2f, 0x0c, 0x80, 0x3e, 0x02, 0xf0, 0x2f, 0x01, 0xf1, 0x09, 0xa1, 0xf1, 0x2f,
    0x02, 0xf0, 0x3e, 0x0c, 0x80, 0x08, 0xd8, 0x1a, 0x00, 0x91, 0x7c, 0x70, 0x00, 0x00, 0x00, 0x00, 0x00, 0x00, 0x00, 0x00, 0x00, 0x00, 0x00, 0x9d,
    0x72, 0xf4, 0xe0, 0x9d, 0x70, 0x00, 0x00, 0x00, 0x00, 0x00, 0x00, 0x00, 0x00, 0x00, 0x00, 0x00, 0x00,
};
constexpr char kCaptionFirst = 32;
constexpr int kCaptionAscent = 12;
constexpr int kCaptionDescent = 3;
